Dia;Mes;Año;Fecha;Usuario;Tipo de Transacción;Número Documento;Compresor;Rolitera;Hora Encendido Compresor;Hora Apago Compresor;Horas Funcionamiento;Descripcion;Cantidad;Horas Funcionamiento Corregidas;Kg por Bolsa;Kilos Producidos
4;1;2023;2023-01-04;rmanera;Alta Producción de Hielo;9;C02 - Compresor 2 - 127;R01 - Rolitera 1;31640,09;31643,05;2,959999999999127;ROLITO EN BOLSAS 14 KG;46;2,959999999999127;14;644
4;1;2023;2023-01-04;rmanera;Alta Producción de Hielo;10;C02 - Compresor 2 - 127;R01 - Rolitera 1;31643,5;31646,78;3,279999999998836;ROLITO EN BOLSAS 14 KG;48;3,279999999998836;14;672
5;1;2023;2023-01-05;rmanera;Alta Producción de Hielo;11;C02 - Compresor 2 - 127;R01 - Rolitera 1;31646,78;31649,99;3,210000000002765;ROLITO EN BOLSAS 2 KG;276;3,210000000002765;2;552
5;1;2023;2023-01-05;rmanera;Alta Producción de Hielo;12;C04 - Compresor 4 - 127;R01 - Rolitera 1;1294,85;1299,26;4,410000000000082;ROLITO EN BOLSAS 14 KG;63;4,410000000000082;14;882
5;1;2023;2023-01-05;rmanera;Alta Producción de Hielo;13;C02 - Compresor 2 - 127;R01 - Rolitera 1;31649,99;31653,8;3,8099999999976717;ROLITO EN BOLSAS 2 KG;320;3,8099999999976717;2;640
5;1;2023;2023-01-05;rmanera;Alta Producción de Hielo;14;C04 - Compresor 4 - 127;R02 - Rolitera 2;0,0;0,0;0,0;ROLITO EN BOLSAS 14 KG;53;0,0;14;742
5;1;2023;2023-01-05;rmanera;Alta Producción de Hielo;15;C04 - Compresor 4 - 127;R01 - Rolitera 1;1299,26;1303,11;3,849999999999909;ROLITO EN BOLSAS 2 KG;283;3,849999999999909;2;566
5;1;2023;2023-01-05;rmanera;Alta Producción de Hielo;16;C04 - Compresor 4 - 127;R02 - Rolitera 2;0,0;0,0;0,0;ROLITO EN BOLSAS 14 KG;56;0,0;14;784
6;1;2023;2023-01-06;rmanera;Alta Producción de Hielo;17;C02 - Compresor 2 - 127;R01 - Rolitera 1;31653,8;31655,98;2,180000000000291;ROLITO EN BOLSAS 14 KG;17;2,180000000000291;14;238
6;1;2023;2023-01-06;rmanera;Alta Producción de Hielo;17;C02 - Compresor 2 - 127;R01 - Rolitera 1;31653,8;31655,98;2,180000000000291;ROLITO EN BOLSAS 2 KG;61;2,180000000000291;2;122
6;1;2023;2023-01-06;rmanera;Alta Producción de Hielo;18;C02 - Compresor 2 - 127;R01 - Rolitera 1;31655,98;31660,65;4,670000000001892;ROLITO EN BOLSAS 2 KG;386;4,670000000001892;2;772
6;1;2023;2023-01-06;rmanera;Alta Producción de Hielo;19;C04 - Compresor 4 - 127;R01 - Rolitera 1;1303,11;1305,56;2,4500000000000455;ROLITO EN BOLSAS 2 KG;222;2,4500000000000455;2;444
6;1;2023;2023-01-06;rmanera;Alta Producción de Hielo;20;C04 - Compresor 4 - 127;R02 - Rolitera 2;0,0;0,0;0,0;ROLITO EN BOLSAS 14 KG;40;0,0;14;560
6;1;2023;2023-01-06;rmanera;Alta Producción de Hielo;21;C02 - Compresor 2 - 127;R01 - Rolitera 1;31661,67;31664,68;3,0100000000020373;ROLITO EN BOLSAS 2 KG;37;3,0100000000020373;2;74
7;1;2023;2023-01-07;rmanera;Alta Producción de Hielo;22;C02 - Compresor 2 - 127;R01 - Rolitera 1;31664,68;31667,66;2,9799999999995634;ROLITO EN BOLSAS 2 KG;217;2,9799999999995634;2;434
7;1;2023;2023-01-07;rmanera;Alta Producción de Hielo;22;C02 - Compresor 2 - 127;R01 - Rolitera 1;31664,68;31667,66;2,9799999999995634;ROLITO EN BOLSAS 7 KG;16;2,9799999999995634;7;112
7;1;2023;2023-01-07;rmanera;Alta Producción de Hielo;23;C04 - Compresor 4 - 127;R01 - Rolitera 1;1305,83;1310,62;4,789999999999964;ROLITO EN BOLSAS 14 KG;9;4,789999999999964;14;126
7;1;2023;2023-01-07;rmanera;Alta Producción de Hielo;23;C04 - Compresor 4 - 127;R01 - Rolitera 1;1305,83;1310,62;4,789999999999964;ROLITO EN BOLSAS 2 KG;340;4,789999999999964;2;680
6;1;2023;2023-01-06;rmanera;Alta Producción de Hielo;24;C04 - Compresor 4 - 127;R02 - Rolitera 2;0,0;0,0;0,0;ROLITO EN BOLSAS 14 KG;26;0,0;14;364
6;1;2023;2023-01-06;rmanera;Alta Producción de Hielo;24;C04 - Compresor 4 - 127;R02 - Rolitera 2;0,0;0,0;0,0;ROLITO EN BOLSAS 2 KG;349;0,0;2;698
7;1;2023;2023-01-07;rmanera;Alta Producción de Hielo;25;C02 - Compresor 2 - 127;R01 - Rolitera 1;31667,66;31670,5;2,8400000000001455;ROLITO EN BOLSAS 14 KG;9;2,8400000000001455;14;126
7;1;2023;2023-01-07;rmanera;Alta Producción de Hielo;25;C02 - Compresor 2 - 127;R01 - Rolitera 1;31667,66;31670,5;2,8400000000001455;ROLITO EN BOLSAS 2 KG;225;2,8400000000001455;2;450
7;1;2023;2023-01-07;rmanera;Alta Producción de Hielo;26;C04 - Compresor 4 - 127;R01 - Rolitera 1;1310,62;1311,39;0,7700000000002092;ROLITO EN BOLSAS 2 KG;57;0,7700000000002092;2;114
7;1;2023;2023-01-07;rmanera;Alta Producción de Hielo;27;C04 - Compresor 4 - 127;R02 - Rolitera 2;0,0;0,0;0,0;ROLITO EN BOLSAS 2 KG;71;0,0;2;142
9;1;2023;2023-01-09;rmanera;Alta Producción de Hielo;28;C02 - Compresor 2 - 127;R01 - Rolitera 1;31670,5;31678,2;7,700000000000728;ROLITO EN BOLSAS 2 KG;743;7,700000000000728;2;1486
9;1;2023;2023-01-09;rmanera;Alta Producción de Hielo;29;C04 - Compresor 4 - 127;R01 - Rolitera 1;1311,39;1320,94;9,549999999999955;ROLITO EN BOLSAS 14 KG;25;9,549999999999955;14;350
9;1;2023;2023-01-09;rmanera;Alta Producción de Hielo;29;C04 - Compresor 4 - 127;R01 - Rolitera 1;1311,39;1320,94;9,549999999999955;ROLITO EN BOLSAS 2 KG;641;9,549999999999955;2;1282
9;1;2023;2023-01-09;rmanera;Alta Producción de Hielo;29;C04 - Compresor 4 - 127;R01 - Rolitera 1;1311,39;1320,94;9,549999999999955;ROLITO EN BOLSAS 7 KG;17;9,549999999999955;7;119
9;1;2023;2023-01-09;rmanera;Alta Producción de Hielo;30;C04 - Compresor 4 - 127;R02 - Rolitera 2;0,0;0,0;0,0;ROLITO EN BOLSAS 14 KG;125;0,0;14;1750
9;1;2023;2023-01-09;rmanera;Alta Producción de Hielo;30;C04 - Compresor 4 - 127;R02 - Rolitera 2;0,0;0,0;0,0;ROLITO EN BOLSAS 2 KG;211;0,0;2;422
9;1;2023;2023-01-09;rmanera;Alta Producción de Hielo;31;C02 - Compresor 2 - 127;R01 - Rolitera 1;31678,2;31679,63;1,430000000000291;ROLITO EN BOLSAS 2 KG;121;1,430000000000291;2;242
9;1;2023;2023-01-09;rmanera;Alta Producción de Hielo;32;C02 - Compresor 2 - 127;R01 - Rolitera 1;31679,63;31681,82;2,1899999999986903;ROLITO EN BOLSAS 2 KG;158;2,1899999999986903;2;316
9;1;2023;2023-01-09;rmanera;Alta Producción de Hielo;33;C04 - Compresor 4 - 127;R01 - Rolitera 1;1320,4;1324,73;4,329999999999927;ROLITO EN BOLSAS 2 KG;385;4,329999999999927;2;770
9;1;2023;2023-01-09;rmanera;Alta Producción de Hielo;34;C04 - Compresor 4 - 127;R02 - Rolitera 2;0,0;0,0;0,0;ROLITO EN BOLSAS 14 KG;19;0,0;14;266
9;1;2023;2023-01-09;rmanera;Alta Producción de Hielo;34;C04 - Compresor 4 - 127;R02 - Rolitera 2;0,0;0,0;0,0;ROLITO EN BOLSAS 2 KG;267;0,0;2;534
10;1;2023;2023-01-10;rmanera;Alta Producción de Hielo;35;C02 - Compresor 2 - 127;R01 - Rolitera 1;31681,82;31689,99;8,170000000001892;ROLITO EN BOLSAS 14 KG;10;8,170000000001892;14;140
10;1;2023;2023-01-10;rmanera;Alta Producción de Hielo;35;C02 - Compresor 2 - 127;R01 - Rolitera 1;31681,82;31689,99;8,170000000001892;ROLITO EN BOLSAS 2 KG;585;8,170000000001892;2;1170
10;1;2023;2023-01-10;rmanera;Alta Producción de Hielo;36;C04 - Compresor 4 - 127;R01 - Rolitera 1;1324,73;1329,07;4,339999999999918;ROLITO EN BOLSAS 14 KG;10;4,339999999999918;14;140
10;1;2023;2023-01-10;rmanera;Alta Producción de Hielo;36;C04 - Compresor 4 - 127;R01 - Rolitera 1;1324,73;1329,07;4,339999999999918;ROLITO EN BOLSAS 2 KG;228;4,339999999999918;2;456
10;1;2023;2023-01-10;rmanera;Alta Producción de Hielo;36;C04 - Compresor 4 - 127;R01 - Rolitera 1;1324,73;1329,07;4,339999999999918;ROLITO EN BOLSAS 4 KG;33;4,339999999999918;4;132
10;1;2023;2023-01-10;rmanera;Alta Producción de Hielo;36;C04 - Compresor 4 - 127;R01 - Rolitera 1;1324,73;1329,07;4,339999999999918;ROLITO EN BOLSAS 7 KG;17;4,339999999999918;7;119
10;1;2023;2023-01-10;rmanera;Alta Producción de Hielo;37;C04 - Compresor 4 - 127;R02 - Rolitera 2;0,0;0,0;0,0;ROLITO EN BOLSAS 14 KG;67;0,0;14;938
10;1;2023;2023-01-10;rmanera;Alta Producción de Hielo;38;C02 - Compresor 2 - 127;R01 - Rolitera 1;31689,19;31692,35;3,1599999999998545;ROLITO EN BOLSAS 2 KG;239;3,1599999999998545;2;478
10;1;2023;2023-01-10;rmanera;Alta Producción de Hielo;38;C02 - Compresor 2 - 127;R01 - Rolitera 1;31689,19;31692,35;3,1599999999998545;ROLITO EN BOLSAS 7 KG;15;3,1599999999998545;7;105
10;1;2023;2023-01-10;rmanera;Alta Producción de Hielo;39;C02 - Compresor 2 - 127;R01 - Rolitera 1;31692,35;31694,46;2,110000000000582;ROLITO EN BOLSAS 2 KG;160;2,110000000000582;2;320
10;1;2023;2023-01-10;rmanera;Alta Producción de Hielo;40;C04 - Compresor 4 - 127;R01 - Rolitera 1;1329,07;1332,92;3,8500000000001364;ROLITO EN BOLSAS 2 KG;329;3,8500000000001364;2;658
10;1;2023;2023-01-10;rmanera;Alta Producción de Hielo;41;C04 - Compresor 4 - 127;R02 - Rolitera 2;0,0;0,0;0,0;ROLITO EN BOLSAS 14 KG;54;0,0;14;756
11;1;2023;2023-01-11;rmanera;Alta Producción de Hielo;42;C02 - Compresor 2 - 127;R01 - Rolitera 1;31694,46;31698,94;4,479999999999563;ROLITO EN BOLSAS 2 KG;398;4,479999999999563;2;796
11;1;2023;2023-01-11;rmanera;Alta Producción de Hielo;43;C04 - Compresor 4 - 127;R01 - Rolitera 1;1332,92;1339,9;6,980000000000018;ROLITO EN BOLSAS 14 KG;35;6,980000000000018;14;490
11;1;2023;2023-01-11;rmanera;Alta Producción de Hielo;43;C04 - Compresor 4 - 127;R01 - Rolitera 1;1332,92;1339,9;6,980000000000018;ROLITO EN BOLSAS 2 KG;466;6,980000000000018;2;932
11;1;2023;2023-01-11;rmanera;Alta Producción de Hielo;44;C04 - Compresor 4 - 127;R02 - Rolitera 2;0,0;0,0;0,0;ROLITO EN BOLSAS 14 KG;70;0,0;14;980
11;1;2023;2023-01-11;rmanera;Alta Producción de Hielo;44;C04 - Compresor 4 - 127;R02 - Rolitera 2;0,0;0,0;0,0;ROLITO EN BOLSAS 2 KG;259;0,0;2;518
11;1;2023;2023-01-11;rmanera;Alta Producción de Hielo;45;C02 - Compresor 2 - 127;R01 - Rolitera 1;31698,94;31702,86;3,9200000000018917;ROLITO EN BOLSAS 14 KG;33;3,9200000000018917;14;462
11;1;2023;2023-01-11;rmanera;Alta Producción de Hielo;45;C02 - Compresor 2 - 127;R01 - Rolitera 1;31698,94;31702,86;3,9200000000018917;ROLITO EN BOLSAS 2 KG;153;3,9200000000018917;2;306
11;1;2023;2023-01-11;rmanera;Alta Producción de Hielo;46;C02 - Compresor 2 - 127;R01 - Rolitera 1;31702,86;31705,15;2,290000000000873;ROLITO EN BOLSAS 14 KG;28;2,290000000000873;14;392
12;1;2023;2023-01-12;rmanera;Alta Producción de Hielo;47;C04 - Compresor 4 - 127;R01 - Rolitera 1;1339,9;134797,0;133457,1;ROLITO EN BOLSAS 2 KG;709;5,509999999999991;2;1418
12;1;2023;2023-01-12;rmanera;Alta Producción de Hielo;48;C04 - Compresor 4 - 127;R02 - Rolitera 2;0,0;0,0;0,0;ROLITO EN BOLSAS 14 KG;136;0,0;14;1904
12;1;2023;2023-01-12;rmanera;Alta Producción de Hielo;49;C04 - Compresor 4 - 127;R01 - Rolitera 1;1347,97;1357,57;9,599999999999909;ROLITO EN BOLSAS 14 KG;52;9,599999999999909;14;728
12;1;2023;2023-01-12;rmanera;Alta Producción de Hielo;49;C04 - Compresor 4 - 127;R01 - Rolitera 1;1347,97;1357,57;9,599999999999909;ROLITO EN BOLSAS 2 KG;519;9,599999999999909;2;1038
12;1;2023;2023-01-12;rmanera;Alta Producción de Hielo;49;C04 - Compresor 4 - 127;R01 - Rolitera 1;1347,97;1357,57;9,599999999999909;ROLITO EN BOLSAS 4 KG;67;9,599999999999909;4;268
12;1;2023;2023-01-12;rmanera;Alta Producción de Hielo;50;C04 - Compresor 4 - 127;R02 - Rolitera 2;0,0;0,0;0,0;ROLITO EN BOLSAS 14 KG;118;0,0;14;1652
12;1;2023;2023-01-12;rmanera;Alta Producción de Hielo;50;C04 - Compresor 4 - 127;R02 - Rolitera 2;0,0;0,0;0,0;ROLITO EN BOLSAS 2 KG;363;0,0;2;726
12;1;2023;2023-01-12;rmanera;Alta Producción de Hielo;51;C02 - Compresor 2 - 127;R01 - Rolitera 1;31705,15;31706,34;1,1899999999986903;ROLITO EN BOLSAS 2 KG;121;1,1899999999986903;2;242
12;1;2023;2023-01-12;rmanera;Alta Producción de Hielo;52;C04 - Compresor 4 - 127;R01 - Rolitera 1;1357,53;1361,66;4,130000000000109;ROLITO EN BOLSAS 2 KG;263;4,130000000000109;2;526
12;1;2023;2023-01-12;rmanera;Alta Producción de Hielo;53;C04 - Compresor 4 - 127;R02 - Rolitera 2;0,0;0,0;0,0;ROLITO EN BOLSAS 14 KG;72;0,0;14;1008
12;1;2023;2023-01-12;rmanera;Alta Producción de Hielo;54;C02 - Compresor 2 - 127;R01 - Rolitera 1;31706,34;31713,58;7,240000000001601;ROLITO EN BOLSAS 14 KG;14;7,240000000001601;14;196
12;1;2023;2023-01-12;rmanera;Alta Producción de Hielo;54;C02 - Compresor 2 - 127;R01 - Rolitera 1;31706,34;31713,58;7,240000000001601;ROLITO EN BOLSAS 2 KG;507;7,240000000001601;2;1014
12;1;2023;2023-01-12;rmanera;Alta Producción de Hielo;54;C02 - Compresor 2 - 127;R01 - Rolitera 1;31706,34;31713,58;7,240000000001601;ROLITO EN BOLSAS 7 KG;44;7,240000000001601;7;308
13;1;2023;2023-01-13;rmanera;Alta Producción de Hielo;55;C04 - Compresor 4 - 127;R01 - Rolitera 1;1361,65;1372,38;10,730000000000018;ROLITO EN BOLSAS 14 KG;47;10,730000000000018;14;658
13;1;2023;2023-01-13;rmanera;Alta Producción de Hielo;55;C04 - Compresor 4 - 127;R01 - Rolitera 1;1361,65;1372,38;10,730000000000018;ROLITO EN BOLSAS 2 KG;720;10,730000000000018;2;1440
13;1;2023;2023-01-13;rmanera;Alta Producción de Hielo;56;C04 - Compresor 4 - 127;R02 - Rolitera 2;0,0;0,0;0,0;ROLITO EN BOLSAS 14 KG;123;0,0;14;1722
13;1;2023;2023-01-13;rmanera;Alta Producción de Hielo;56;C04 - Compresor 4 - 127;R02 - Rolitera 2;0,0;0,0;0,0;ROLITO EN BOLSAS 2 KG;366;0,0;2;732
14;1;2023;2023-01-14;rmanera;Alta Producción de Hielo;57;C02 - Compresor 2 - 127;R01 - Rolitera 1;31713,58;31721,32;7,739999999997963;ROLITO EN BOLSAS 14 KG;75;7,739999999997963;14;1050
14;1;2023;2023-01-14;rmanera;Alta Producción de Hielo;57;C02 - Compresor 2 - 127;R01 - Rolitera 1;31713,58;31721,32;7,739999999997963;ROLITO EN BOLSAS 2 KG;236;7,739999999997963;2;472
16;1;2023;2023-01-16;rmanera;Alta Producción de Hielo;58;C02 - Compresor 2 - 127;R01 - Rolitera 1;31721,34;31739,82;18,479999999999563;ROLITO EN BOLSAS 14 KG;48;18,479999999999563;14;672
16;1;2023;2023-01-16;rmanera;Alta Producción de Hielo;58;C02 - Compresor 2 - 127;R01 - Rolitera 1;31721,34;31739,82;18,479999999999563;ROLITO EN BOLSAS 2 KG;1300;18,479999999999563;2;2600
16;1;2023;2023-01-16;rmanera;Alta Producción de Hielo;58;C02 - Compresor 2 - 127;R01 - Rolitera 1;31721,34;31739,82;18,479999999999563;ROLITO EN BOLSAS 4 KG;34;18,479999999999563;4;136
17;1;2023;2023-01-17;rmanera;Alta Producción de Hielo;59;C04 - Compresor 4 - 127;R01 - Rolitera 1;1372,53;1380,62;8,089999999999918;ROLITO EN BOLSAS 14 KG;30;8,089999999999918;14;420
17;1;2023;2023-01-17;rmanera;Alta Producción de Hielo;59;C04 - Compresor 4 - 127;R01 - Rolitera 1;1372,53;1380,62;8,089999999999918;ROLITO EN BOLSAS 2 KG;370;8,089999999999918;2;740
17;1;2023;2023-01-17;rmanera;Alta Producción de Hielo;59;C04 - Compresor 4 - 127;R01 - Rolitera 1;1372,53;1380,62;8,089999999999918;ROLITO EN BOLSAS 4 KG;63;8,089999999999918;4;252
17;1;2023;2023-01-17;rmanera;Alta Producción de Hielo;60;C04 - Compresor 4 - 127;R02 - Rolitera 2;0,0;0,0;0,0;ROLITO EN BOLSAS 14 KG;69;0,0;14;966
17;1;2023;2023-01-17;rmanera;Alta Producción de Hielo;60;C04 - Compresor 4 - 127;R02 - Rolitera 2;0,0;0,0;0,0;ROLITO EN BOLSAS 2 KG;344;0,0;2;688
18;1;2023;2023-01-18;rmanera;Alta Producción de Hielo;61;C02 - Compresor 2 - 127;R01 - Rolitera 1;31739,83;31743,28;3,4499999999970896;ROLITO EN BOLSAS 2 KG;284;3,4499999999970896;2;568
18;1;2023;2023-01-18;rmanera;Alta Producción de Hielo;62;C04 - Compresor 4 - 127;R01 - Rolitera 1;1380,61;1384,12;3,509999999999991;ROLITO EN BOLSAS 2 KG;333;3,509999999999991;2;666
18;1;2023;2023-01-18;rmanera;Alta Producción de Hielo;63;C04 - Compresor 4 - 127;R02 - Rolitera 2;0,0;0,0;0,0;ROLITO EN BOLSAS 14 KG;25;0,0;14;350
18;1;2023;2023-01-18;rmanera;Alta Producción de Hielo;63;C04 - Compresor 4 - 127;R02 - Rolitera 2;0,0;0,0;0,0;ROLITO EN BOLSAS 2 KG;72;0,0;2;144
19;1;2023;2023-01-19;rmanera;Alta Producción de Hielo;64;C02 - Compresor 2 - 127;R01 - Rolitera 1;31743,28;31754,31;11,030000000002474;ROLITO EN BOLSAS 14 KG;64;11,030000000002474;14;896
19;1;2023;2023-01-19;rmanera;Alta Producción de Hielo;64;C02 - Compresor 2 - 127;R01 - Rolitera 1;31743,28;31754,31;11,030000000002474;ROLITO EN BOLSAS 2 KG;559;11,030000000002474;2;1118
19;1;2023;2023-01-19;rmanera;Alta Producción de Hielo;65;C04 - Compresor 4 - 127;R01 - Rolitera 1;1384,12;1389,31;5,190000000000055;ROLITO EN BOLSAS 14 KG;9;5,190000000000055;14;126
19;1;2023;2023-01-19;rmanera;Alta Producción de Hielo;65;C04 - Compresor 4 - 127;R01 - Rolitera 1;1384,12;1389,31;5,190000000000055;ROLITO EN BOLSAS 2 KG;272;5,190000000000055;2;544
19;1;2023;2023-01-19;rmanera;Alta Producción de Hielo;66;C04 - Compresor 4 - 127;R02 - Rolitera 2;0,0;0,0;0,0;ROLITO EN BOLSAS 14 KG;11;0,0;14;154
19;1;2023;2023-01-19;rmanera;Alta Producción de Hielo;66;C04 - Compresor 4 - 127;R02 - Rolitera 2;0,0;0,0;0,0;ROLITO EN BOLSAS 2 KG;414;0,0;2;828
19;1;2023;2023-01-19;rmanera;Alta Producción de Hielo;67;C02 - Compresor 2 - 127;R01 - Rolitera 1;31754,31;31757,2;2,889999999999418;ROLITO EN BOLSAS 14 KG;19;2,889999999999418;14;266
19;1;2023;2023-01-19;rmanera;Alta Producción de Hielo;67;C02 - Compresor 2 - 127;R01 - Rolitera 1;31754,31;31757,2;2,889999999999418;ROLITO EN BOLSAS 2 KG;119;2,889999999999418;2;238
19;1;2023;2023-01-19;rmanera;Alta Producción de Hielo;68;C02 - Compresor 2 - 127;R01 - Rolitera 1;31757,2;31767,1;9,899999999997817;ROLITO EN BOLSAS 14 KG;64;9,899999999997817;14;896
19;1;2023;2023-01-19;rmanera;Alta Producción de Hielo;68;C02 - Compresor 2 - 127;R01 - Rolitera 1;31757,2;31767,1;9,899999999997817;ROLITO EN BOLSAS 2 KG;495;9,899999999997817;2;990
20;1;2023;2023-01-20;rmanera;Alta Producción de Hielo;69;C02 - Compresor 2 - 127;R01 - Rolitera 1;31767,02;31773,99;6,970000000001164;ROLITO EN BOLSAS 14 KG;29;6,970000000001164;14;406
20;1;2023;2023-01-20;rmanera;Alta Producción de Hielo;69;C02 - Compresor 2 - 127;R01 - Rolitera 1;31767,02;31773,99;6,970000000001164;ROLITO EN BOLSAS 2 KG;400;6,970000000001164;2;800
20;1;2023;2023-01-20;rmanera;Alta Producción de Hielo;69;C02 - Compresor 2 - 127;R01 - Rolitera 1;31767,02;31773,99;6,970000000001164;ROLITO EN BOLSAS 7 KG;16;6,970000000001164;7;112
20;1;2023;2023-01-20;rmanera;Alta Producción de Hielo;70;C04 - Compresor 4 - 127;R01 - Rolitera 1;1389,31;1392,97;3,660000000000082;ROLITO EN BOLSAS 2 KG;326;3,660000000000082;2;652
20;1;2023;2023-01-20;rmanera;Alta Producción de Hielo;71;C04 - Compresor 4 - 127;R02 - Rolitera 2;0,0;0,0;0,0;ROLITO EN BOLSAS 2 KG;336;0,0;2;672
21;1;2023;2023-01-21;rmanera;Alta Producción de Hielo;72;C02 - Compresor 2 - 127;R01 - Rolitera 1;31774,07;31775,91;1,8400000000001455;ROLITO EN BOLSAS 2 KG;162;1,8400000000001455;2;324
21;1;2023;2023-01-21;rmanera;Alta Producción de Hielo;73;C04 - Compresor 4 - 127;R01 - Rolitera 1;1393,3;1400,48;7,180000000000064;ROLITO EN BOLSAS 14 KG;20;7,180000000000064;14;280
21;1;2023;2023-01-21;rmanera;Alta Producción de Hielo;73;C04 - Compresor 4 - 127;R01 - Rolitera 1;1393,3;1400,48;7,180000000000064;ROLITO EN BOLSAS 2 KG;433;7,180000000000064;2;866
21;1;2023;2023-01-21;rmanera;Alta Producción de Hielo;73;C04 - Compresor 4 - 127;R01 - Rolitera 1;1393,3;1400,48;7,180000000000064;ROLITO EN BOLSAS 4 KG;33;7,180000000000064;4;132
21;1;2023;2023-01-21;rmanera;Alta Producción de Hielo;74;C04 - Compresor 4 - 127;R02 - Rolitera 2;0,0;0,0;0,0;ROLITO EN BOLSAS 14 KG;24;0,0;14;336
21;1;2023;2023-01-21;rmanera;Alta Producción de Hielo;74;C04 - Compresor 4 - 127;R02 - Rolitera 2;0,0;0,0;0,0;ROLITO EN BOLSAS 2 KG;523;0,0;2;1046
22;1;2023;2023-01-22;rmanera;Alta Producción de Hielo;75;C02 - Compresor 2 - 127;R01 - Rolitera 1;31775,91;31779,84;3,930000000000291;ROLITO EN BOLSAS 2 KG;338;3,930000000000291;2;676
22;1;2023;2023-01-22;rmanera;Alta Producción de Hielo;76;C02 - Compresor 2 - 127;R01 - Rolitera 1;31779,84;31781,93;2,0900000000001455;ROLITO EN BOLSAS 2 KG;160;2,0900000000001455;2;320
23;1;2023;2023-01-23;rmanera;Alta Producción de Hielo;77;C04 - Compresor 4 - 127;R01 - Rolitera 1;1400,48;1411,34;10,8599999999999;ROLITO EN BOLSAS 14 KG;100;10,8599999999999;14;1400
23;1;2023;2023-01-23;rmanera;Alta Producción de Hielo;77;C04 - Compresor 4 - 127;R01 - Rolitera 1;1400,48;1411,34;10,8599999999999;ROLITO EN BOLSAS 2 KG;261;10,8599999999999;2;522
23;1;2023;2023-01-23;rmanera;Alta Producción de Hielo;78;C04 - Compresor 4 - 127;R02 - Rolitera 2;0,0;0,0;0,0;ROLITO EN BOLSAS 2 KG;871;0,0;2;1742
24;1;2023;2023-01-24;rmanera;Alta Producción de Hielo;79;C04 - Compresor 4 - 127;R01 - Rolitera 1;1411,34;1422,49;11,150000000000091;ROLITO EN BOLSAS 2 KG;499;11,150000000000091;2;998
24;1;2023;2023-01-24;rmanera;Alta Producción de Hielo;80;C04 - Compresor 4 - 127;R02 - Rolitera 2;0,0;0,0;0,0;ROLITO EN BOLSAS 2 KG;731;0,0;2;1462
25;1;2023;2023-01-25;rmanera;Alta Producción de Hielo;81;C04 - Compresor 4 - 127;R02 - Rolitera 2;1422,49;1433,59;11,099999999999909;ROLITO EN BOLSAS 14 KG;8;11,099999999999909;14;112
25;1;2023;2023-01-25;rmanera;Alta Producción de Hielo;81;C04 - Compresor 4 - 127;R02 - Rolitera 2;1422,49;1433,59;11,099999999999909;ROLITO EN BOLSAS 2 KG;741;11,099999999999909;2;1482
25;1;2023;2023-01-25;rmanera;Alta Producción de Hielo;81;C04 - Compresor 4 - 127;R02 - Rolitera 2;1422,49;1433,59;11,099999999999909;ROLITO EN BOLSAS 4 KG;61;11,099999999999909;4;244
25;1;2023;2023-01-25;rmanera;Alta Producción de Hielo;82;C04 - Compresor 4 - 127;R01 - Rolitera 1;0,0;0,0;0,0;ROLITO EN BOLSAS 14 KG;12;5,509999999999991;14;168
25;1;2023;2023-01-25;rmanera;Alta Producción de Hielo;82;C04 - Compresor 4 - 127;R01 - Rolitera 1;0,0;0,0;0,0;ROLITO EN BOLSAS 2 KG;1038;5,509999999999991;2;2076
26;1;2023;2023-01-26;rmanera;Alta Producción de Hielo;83;C02 - Compresor 2 - 127;R01 - Rolitera 1;31781,93;31785,11;3,180000000000291;ROLITO EN BOLSAS 14 KG;9;3,180000000000291;14;126
26;1;2023;2023-01-26;rmanera;Alta Producción de Hielo;83;C02 - Compresor 2 - 127;R01 - Rolitera 1;31781,93;31785,11;3,180000000000291;ROLITO EN BOLSAS 2 KG;226;3,180000000000291;2;452
26;1;2023;2023-01-26;rmanera;Alta Producción de Hielo;84;C04 - Compresor 4 - 127;R01 - Rolitera 1;1433,59;1441,53;7,940000000000055;ROLITO EN BOLSAS 14 KG;34;7,940000000000055;14;476
26;1;2023;2023-01-26;rmanera;Alta Producción de Hielo;84;C04 - Compresor 4 - 127;R01 - Rolitera 1;1433,59;1441,53;7,940000000000055;ROLITO EN BOLSAS 2 KG;323;7,940000000000055;2;646
26;1;2023;2023-01-26;rmanera;Alta Producción de Hielo;84;C04 - Compresor 4 - 127;R01 - Rolitera 1;1433,59;1441,53;7,940000000000055;ROLITO EN BOLSAS 4 KG;30;7,940000000000055;4;120
26;1;2023;2023-01-26;rmanera;Alta Producción de Hielo;84;C04 - Compresor 4 - 127;R01 - Rolitera 1;1433,59;1441,53;7,940000000000055;ROLITO EN BOLSAS 7 KG;15;7,940000000000055;7;105
26;1;2023;2023-01-26;rmanera;Alta Producción de Hielo;85;C04 - Compresor 4 - 127;R02 - Rolitera 2;0,0;0,0;0,0;ROLITO EN BOLSAS 14 KG;47;0,0;14;658
26;1;2023;2023-01-26;rmanera;Alta Producción de Hielo;85;C04 - Compresor 4 - 127;R02 - Rolitera 2;0,0;0,0;0,0;ROLITO EN BOLSAS 2 KG;469;0,0;2;938
27;1;2023;2023-01-27;rmanera;Alta Producción de Hielo;86;C04 - Compresor 4 - 127;R01 - Rolitera 1;1441,53;1448,75;7,220000000000027;ROLITO EN BOLSAS 2 KG;629;7,220000000000027;2;1258
27;1;2023;2023-01-27;rmanera;Alta Producción de Hielo;87;C04 - Compresor 4 - 127;R02 - Rolitera 2;0,0;0,0;0,0;ROLITO EN BOLSAS 14 KG;115;0,0;14;1610
27;1;2023;2023-01-27;rmanera;Alta Producción de Hielo;88;C02 - Compresor 2 - 127;R01 - Rolitera 1;31785,11;31788,58;3,470000000001164;ROLITO EN BOLSAS 2 KG;271;3,470000000001164;2;542
27;1;2023;2023-01-27;rmanera;Alta Producción de Hielo;89;C04 - Compresor 4 - 127;R01 - Rolitera 1;31785,11;31788,58;3,470000000001164;ROLITO EN BOLSAS 2 KG;271;3,470000000001164;2;542
28;1;2023;2023-01-28;rmanera;Alta Producción de Hielo;90;C04 - Compresor 4 - 127;R01 - Rolitera 1;1448,75;1455,36;6,6099999999999;ROLITO EN BOLSAS 14 KG;18;6,6099999999999;14;252
28;1;2023;2023-01-28;rmanera;Alta Producción de Hielo;90;C04 - Compresor 4 - 127;R01 - Rolitera 1;1448,75;1455,36;6,6099999999999;ROLITO EN BOLSAS 2 KG;102;6,6099999999999;2;204
28;1;2023;2023-01-28;rmanera;Alta Producción de Hielo;90;C04 - Compresor 4 - 127;R01 - Rolitera 1;1448,75;1455,36;6,6099999999999;ROLITO EN BOLSAS 7 KG;16;6,6099999999999;7;112
28;1;2023;2023-01-28;rmanera;Alta Producción de Hielo;91;C04 - Compresor 4 - 127;R02 - Rolitera 2;0,0;0,0;0,0;ROLITO EN BOLSAS 14 KG;46;0,0;14;644
28;1;2023;2023-01-28;rmanera;Alta Producción de Hielo;91;C04 - Compresor 4 - 127;R02 - Rolitera 2;0,0;0,0;0,0;ROLITO EN BOLSAS 2 KG;332;0,0;2;664
28;1;2023;2023-01-28;rmanera;Alta Producción de Hielo;92;C02 - Compresor 2 - 127;R01 - Rolitera 1;31788,58;31790,05;1,4699999999975262;ROLITO EN BOLSAS 14 KG;22;1,4699999999975262;14;308
28;1;2023;2023-01-28;rmanera;Alta Producción de Hielo;92;C02 - Compresor 2 - 127;R01 - Rolitera 1;31788,58;31790,05;1,4699999999975262;ROLITO EN BOLSAS 2 KG;108;1,4699999999975262;2;216
28;1;2023;2023-01-28;rmanera;Alta Producción de Hielo;93;C02 - Compresor 2 - 127;R01 - Rolitera 1;31790,05;31792,57;2,5200000000004366;ROLITO EN BOLSAS 2 KG;111;2,5200000000004366;2;222
28;1;2023;2023-01-28;rmanera;Alta Producción de Hielo;93;C02 - Compresor 2 - 127;R01 - Rolitera 1;31790,05;31792,57;2,5200000000004366;ROLITO EN BOLSAS 7 KG;2;2,5200000000004366;7;14
30;1;2023;2023-01-30;rmanera;Alta Producción de Hielo;94;C04 - Compresor 4 - 127;R01 - Rolitera 1;31792,57;31793,49;0,9200000000018917;ROLITO EN BOLSAS 2 KG;52;0,9200000000018917;2;104
30;1;2023;2023-01-30;rmanera;Alta Producción de Hielo;95;C04 - Compresor 4 - 127;R01 - Rolitera 1;1455,36;1461,12;5,759999999999991;ROLITO EN BOLSAS 14 KG;45;5,759999999999991;14;630
30;1;2023;2023-01-30;rmanera;Alta Producción de Hielo;95;C04 - Compresor 4 - 127;R01 - Rolitera 1;1455,36;1461,12;5,759999999999991;ROLITO EN BOLSAS 2 KG;208;5,759999999999991;2;416
30;1;2023;2023-01-30;rmanera;Alta Producción de Hielo;96;C04 - Compresor 4 - 127;R01 - Rolitera 1;31793,49;31796,06;2,569999999999709;ROLITO EN BOLSAS 2 KG;171;2,569999999999709;2;342
30;1;2023;2023-01-30;rmanera;Alta Producción de Hielo;96;C04 - Compresor 4 - 127;R01 - Rolitera 1;31793,49;31796,06;2,569999999999709;ROLITO EN BOLSAS 7 KG;16;2,569999999999709;7;112
23;1;2023;2023-01-23;rmanera;Alta Producción de Hielo;97;C04 - Compresor 4 - 127;R02 - Rolitera 2;1455,36;1461,12;5,759999999999991;ROLITO EN BOLSAS 14 KG;68;5,759999999999991;14;952
23;1;2023;2023-01-23;rmanera;Alta Producción de Hielo;97;C04 - Compresor 4 - 127;R02 - Rolitera 2;1455,36;1461,12;5,759999999999991;ROLITO EN BOLSAS 2 KG;130;5,759999999999991;2;260
31;1;2023;2023-01-31;rmanera;Alta Producción de Hielo;98;C02 - Compresor 2 - 127;R01 - Rolitera 1;31796,06;31799,08;3,0200000000004366;ROLITO EN BOLSAS 14 KG;9;3,0200000000004366;14;126
31;1;2023;2023-01-31;rmanera;Alta Producción de Hielo;98;C02 - Compresor 2 - 127;R01 - Rolitera 1;31796,06;31799,08;3,0200000000004366;ROLITO EN BOLSAS 2 KG;224;3,0200000000004366;2;448
31;1;2023;2023-01-31;rmanera;Alta Producción de Hielo;99;C04 - Compresor 4 - 127;R01 - Rolitera 1;1461,12;1469,19;8,070000000000164;ROLITO EN BOLSAS 14 KG;9;8,070000000000164;14;126
31;1;2023;2023-01-31;rmanera;Alta Producción de Hielo;99;C04 - Compresor 4 - 127;R01 - Rolitera 1;1461,12;1469,19;8,070000000000164;ROLITO EN BOLSAS 2 KG;571;8,070000000000164;2;1142
31;1;2023;2023-01-31;rmanera;Alta Producción de Hielo;100;C04 - Compresor 4 - 127;R02 - Rolitera 2;0,0;0,0;0,0;ROLITO EN BOLSAS 14 KG;21;0,0;14;294
31;1;2023;2023-01-31;rmanera;Alta Producción de Hielo;100;C04 - Compresor 4 - 127;R02 - Rolitera 2;0,0;0,0;0,0;ROLITO EN BOLSAS 2 KG;543;0,0;2;1086
2;2;2023;2023-02-02;rmanera;Alta Producción de Hielo;101;C04 - Compresor 4 - 127;R01 - Rolitera 1;1469,98;1480,03;10,049999999999955;ROLITO EN BOLSAS 14 KG;55;10,049999999999955;14;770
2;2;2023;2023-02-02;rmanera;Alta Producción de Hielo;101;C04 - Compresor 4 - 127;R01 - Rolitera 1;1469,98;1480,03;10,049999999999955;ROLITO EN BOLSAS 2 KG;471;10,049999999999955;2;942
2;2;2023;2023-02-02;rmanera;Alta Producción de Hielo;101;C04 - Compresor 4 - 127;R01 - Rolitera 1;1469,98;1480,03;10,049999999999955;ROLITO EN BOLSAS 7 KG;16;10,049999999999955;7;112
2;2;2023;2023-02-02;rmanera;Alta Producción de Hielo;102;C04 - Compresor 4 - 127;R02 - Rolitera 2;0,0;0,0;0,0;ROLITO EN BOLSAS 14 KG;68;0,0;14;952
2;2;2023;2023-02-02;rmanera;Alta Producción de Hielo;102;C04 - Compresor 4 - 127;R02 - Rolitera 2;0,0;0,0;0,0;ROLITO EN BOLSAS 2 KG;467;0,0;2;934
2;2;2023;2023-02-02;rmanera;Alta Producción de Hielo;103;C02 - Compresor 2 - 127;R01 - Rolitera 1;31799,18;31800,44;1,2599999999983993;ROLITO EN BOLSAS 14 KG;17;1,2599999999983993;14;238
2;2;2023;2023-02-02;rmanera;Alta Producción de Hielo;104;C04 - Compresor 4 - 127;R01 - Rolitera 1;1480,03;1490,01;9,980000000000018;ROLITO EN BOLSAS 14 KG;8;9,980000000000018;14;112
2;2;2023;2023-02-02;rmanera;Alta Producción de Hielo;104;C04 - Compresor 4 - 127;R01 - Rolitera 1;1480,03;1490,01;9,980000000000018;ROLITO EN BOLSAS 2 KG;736;9,980000000000018;2;1472
2;2;2023;2023-02-02;rmanera;Alta Producción de Hielo;105;C04 - Compresor 4 - 127;R02 - Rolitera 2;0,0;0,0;0,0;ROLITO EN BOLSAS 14 KG;68;0,0;14;952
2;2;2023;2023-02-02;rmanera;Alta Producción de Hielo;105;C04 - Compresor 4 - 127;R02 - Rolitera 2;0,0;0,0;0,0;ROLITO EN BOLSAS 2 KG;546;0,0;2;1092
3;2;2023;2023-02-03;rmanera;Alta Producción de Hielo;106;C02 - Compresor 2 - 127;R01 - Rolitera 1;31802,64;31805,16;2,5200000000004366;ROLITO EN BOLSAS 14 KG;17;2,5200000000004366;14;238
3;2;2023;2023-02-03;rmanera;Alta Producción de Hielo;106;C02 - Compresor 2 - 127;R01 - Rolitera 1;31802,64;31805,16;2,5200000000004366;ROLITO EN BOLSAS 2 KG;111;2,5200000000004366;2;222
3;2;2023;2023-02-03;rmanera;Alta Producción de Hielo;107;C02 - Compresor 2 - 127;R01 - Rolitera 1;31800,44;31802,71;2,2700000000004366;ROLITO EN BOLSAS 14 KG;20;2,2700000000004366;14;280
3;2;2023;2023-02-03;rmanera;Alta Producción de Hielo;107;C02 - Compresor 2 - 127;R01 - Rolitera 1;31800,44;31802,71;2,2700000000004366;ROLITO EN BOLSAS 7 KG;2;2,2700000000004366;7;14
3;2;2023;2023-02-03;rmanera;Alta Producción de Hielo;108;C04 - Compresor 4 - 127;R01 - Rolitera 1;1490,01;1496,5;6,490000000000009;ROLITO EN BOLSAS 2 KG;530;6,490000000000009;2;1060
3;2;2023;2023-02-03;rmanera;Alta Producción de Hielo;108;C04 - Compresor 4 - 127;R01 - Rolitera 1;1490,01;1496,5;6,490000000000009;ROLITO EN BOLSAS 4 KG;5;6,490000000000009;4;20
3;2;2023;2023-02-03;rmanera;Alta Producción de Hielo;109;C04 - Compresor 4 - 127;R02 - Rolitera 2;0,0;0,0;0,0;ROLITO EN BOLSAS 14 KG;58;0,0;14;812
3;2;2023;2023-02-03;rmanera;Alta Producción de Hielo;109;C04 - Compresor 4 - 127;R02 - Rolitera 2;0,0;0,0;0,0;ROLITO EN BOLSAS 2 KG;205;0,0;2;410
4;2;2023;2023-02-04;rmanera;Alta Producción de Hielo;110;C02 - Compresor 2 - 127;R01 - Rolitera 1;31805,16;31809,55;4,389999999999418;ROLITO EN BOLSAS 14 KG;27;4,389999999999418;14;378
4;2;2023;2023-02-04;rmanera;Alta Producción de Hielo;110;C02 - Compresor 2 - 127;R01 - Rolitera 1;31805,16;31809,55;4,389999999999418;ROLITO EN BOLSAS 2 KG;111;4,389999999999418;2;222
4;2;2023;2023-02-04;rmanera;Alta Producción de Hielo;110;C02 - Compresor 2 - 127;R01 - Rolitera 1;31805,16;31809,55;4,389999999999418;ROLITO EN BOLSAS 4 KG;34;4,389999999999418;4;136
4;2;2023;2023-02-04;rmanera;Alta Producción de Hielo;110;C02 - Compresor 2 - 127;R01 - Rolitera 1;31805,16;31809,55;4,389999999999418;ROLITO EN BOLSAS 7 KG;15;4,389999999999418;7;105
4;2;2023;2023-02-04;rmanera;Alta Producción de Hielo;111;C04 - Compresor 4 - 127;R01 - Rolitera 1;1496,5;1502,4;5,900000000000091;ROLITO EN BOLSAS 14 KG;72;5,900000000000091;14;1008
4;2;2023;2023-02-04;rmanera;Alta Producción de Hielo;111;C04 - Compresor 4 - 127;R01 - Rolitera 1;1496,5;1502,4;5,900000000000091;ROLITO EN BOLSAS 7 KG;16;5,900000000000091;7;112
4;2;2023;2023-02-04;rmanera;Alta Producción de Hielo;112;C04 - Compresor 4 - 127;R02 - Rolitera 2;0,0;0,0;0,0;ROLITO EN BOLSAS 14 KG;84;0,0;14;1176
4;2;2023;2023-02-04;rmanera;Alta Producción de Hielo;112;C04 - Compresor 4 - 127;R02 - Rolitera 2;0,0;0,0;0,0;ROLITO EN BOLSAS 2 KG;65;0,0;2;130
5;2;2023;2023-02-05;rmanera;Alta Producción de Hielo;113;C02 - Compresor 2 - 127;R01 - Rolitera 1;31809,55;31812,83;3,280000000002474;ROLITO EN BOLSAS 2 KG;266;3,280000000002474;2;532
6;2;2023;2023-02-06;rmanera;Alta Producción de Hielo;114;C04 - Compresor 4 - 127;R01 - Rolitera 1;31812,83;31813,44;0,6099999999969441;ROLITO EN BOLSAS 2 KG;45;0,6099999999969441;2;90
6;2;2023;2023-02-06;rmanera;Alta Producción de Hielo;115;C04 - Compresor 4 - 127;R01 - Rolitera 1;1502,4;1513,02;10,61999999999989;ROLITO EN BOLSAS 14 KG;19;10,61999999999989;14;266
6;2;2023;2023-02-06;rmanera;Alta Producción de Hielo;115;C04 - Compresor 4 - 127;R01 - Rolitera 1;1502,4;1513,02;10,61999999999989;ROLITO EN BOLSAS 2 KG;749;10,61999999999989;2;1498
6;2;2023;2023-02-06;rmanera;Alta Producción de Hielo;116;C04 - Compresor 4 - 127;R02 - Rolitera 2;0,0;0,0;0,0;ROLITO EN BOLSAS 14 KG;118;0,0;14;1652
6;2;2023;2023-02-06;rmanera;Alta Producción de Hielo;116;C04 - Compresor 4 - 127;R02 - Rolitera 2;0,0;0,0;0,0;ROLITO EN BOLSAS 2 KG;347;0,0;2;694
7;2;2023;2023-02-07;rmanera;Alta Producción de Hielo;117;C02 - Compresor 2 - 127;R01 - Rolitera 1;31813,44;31814,7;1,2600000000020373;ROLITO EN BOLSAS 14 KG;9;1,2600000000020373;14;126
7;2;2023;2023-02-07;rmanera;Alta Producción de Hielo;117;C02 - Compresor 2 - 127;R01 - Rolitera 1;31813,44;31814,7;1,2600000000020373;ROLITO EN BOLSAS 2 KG;56;1,2600000000020373;2;112
7;2;2023;2023-02-07;rmanera;Alta Producción de Hielo;118;C04 - Compresor 4 - 127;R01 - Rolitera 1;1513,03;1522,45;9,420000000000073;ROLITO EN BOLSAS 14 KG;18;9,420000000000073;14;252
7;2;2023;2023-02-07;rmanera;Alta Producción de Hielo;118;C04 - Compresor 4 - 127;R01 - Rolitera 1;1513,03;1522,45;9,420000000000073;ROLITO EN BOLSAS 2 KG;574;9,420000000000073;2;1148
7;2;2023;2023-02-07;rmanera;Alta Producción de Hielo;119;C04 - Compresor 4 - 127;R02 - Rolitera 2;0,0;0,0;0,0;ROLITO EN BOLSAS 14 KG;21;0,0;14;294
7;2;2023;2023-02-07;rmanera;Alta Producción de Hielo;119;C04 - Compresor 4 - 127;R02 - Rolitera 2;0,0;0,0;0,0;ROLITO EN BOLSAS 2 KG;751;0,0;2;1502
8;2;2023;2023-02-08;rmanera;Alta Producción de Hielo;120;C04 - Compresor 4 - 127;R01 - Rolitera 1;1522,45;1528,91;6,460000000000036;ROLITO EN BOLSAS 2 KG;429;6,460000000000036;2;858
8;2;2023;2023-02-08;rmanera;Alta Producción de Hielo;120;C04 - Compresor 4 - 127;R01 - Rolitera 1;1522,45;1528,91;6,460000000000036;ROLITO EN BOLSAS 4 KG;29;6,460000000000036;4;116
8;2;2023;2023-02-08;rmanera;Alta Producción de Hielo;121;C04 - Compresor 4 - 127;R02 - Rolitera 2;0,0;0,0;0,0;ROLITO EN BOLSAS 14 KG;24;0,0;14;336
8;2;2023;2023-02-08;rmanera;Alta Producción de Hielo;121;C04 - Compresor 4 - 127;R02 - Rolitera 2;0,0;0,0;0,0;ROLITO EN BOLSAS 2 KG;486;0,0;2;972
8;2;2023;2023-02-08;rmanera;Alta Producción de Hielo;122;C02 - Compresor 2 - 127;R01 - Rolitera 1;31814,7;31816,43;1,7299999999995634;ROLITO EN BOLSAS 14 KG;21;1,7299999999995634;14;294
8;2;2023;2023-02-08;rmanera;Alta Producción de Hielo;123;C02 - Compresor 2 - 127;R01 - Rolitera 1;31816,43;31817,68;1,25;ROLITO EN BOLSAS 14 KG;17;1,25;14;238
9;2;2023;2023-02-09;rmanera;Alta Producción de Hielo;124;C02 - Compresor 2 - 127;R01 - Rolitera 1;31817,68;31822,53;4,849999999998545;ROLITO EN BOLSAS 14 KG;23;4,849999999998545;14;322
9;2;2023;2023-02-09;rmanera;Alta Producción de Hielo;124;C02 - Compresor 2 - 127;R01 - Rolitera 1;31817,68;31822,53;4,849999999998545;ROLITO EN BOLSAS 2 KG;221;4,849999999998545;2;442
9;2;2023;2023-02-09;rmanera;Alta Producción de Hielo;124;C02 - Compresor 2 - 127;R01 - Rolitera 1;31817,68;31822,53;4,849999999998545;ROLITO EN BOLSAS 7 KG;15;4,849999999998545;7;105
9;2;2023;2023-02-09;rmanera;Alta Producción de Hielo;125;C04 - Compresor 4 - 127;R01 - Rolitera 1;1528,91;1534,37;5,459999999999809;ROLITO EN BOLSAS 14 KG;9;5,459999999999809;14;126
9;2;2023;2023-02-09;rmanera;Alta Producción de Hielo;125;C04 - Compresor 4 - 127;R01 - Rolitera 1;1528,91;1534,37;5,459999999999809;ROLITO EN BOLSAS 2 KG;322;5,459999999999809;2;644
9;2;2023;2023-02-09;rmanera;Alta Producción de Hielo;125;C04 - Compresor 4 - 127;R01 - Rolitera 1;1528,91;1534,37;5,459999999999809;ROLITO EN BOLSAS 4 KG;31;5,459999999999809;4;124
9;2;2023;2023-02-09;rmanera;Alta Producción de Hielo;126;C04 - Compresor 4 - 127;R02 - Rolitera 2;0,0;0,0;0,0;ROLITO EN BOLSAS 14 KG;22;0,0;14;308
9;2;2023;2023-02-09;rmanera;Alta Producción de Hielo;126;C04 - Compresor 4 - 127;R02 - Rolitera 2;0,0;0,0;0,0;ROLITO EN BOLSAS 2 KG;275;0,0;2;550
9;2;2023;2023-02-09;rmanera;Alta Producción de Hielo;126;C04 - Compresor 4 - 127;R02 - Rolitera 2;0,0;0,0;0,0;ROLITO EN BOLSAS 7 KG;22;0,0;7;154
10;2;2023;2023-02-10;rmanera;Alta Producción de Hielo;127;C04 - Compresor 4 - 127;R01 - Rolitera 1;31822,53;31823,89;1,360000000000582;ROLITO EN BOLSAS 14 KG;9;1,360000000000582;14;126
10;2;2023;2023-02-10;rmanera;Alta Producción de Hielo;128;C02 - Compresor 2 - 127;R01 - Rolitera 1;31825,12;31827,39;2,2700000000004366;ROLITO EN BOLSAS 14 KG;36;2,2700000000004366;14;504
10;2;2023;2023-02-10;rmanera;Alta Producción de Hielo;129;C04 - Compresor 4 - 127;R01 - Rolitera 1;1534,37;1539,3;4,930000000000064;ROLITO EN BOLSAS 14 KG;15;4,930000000000064;14;210
10;2;2023;2023-02-10;rmanera;Alta Producción de Hielo;129;C04 - Compresor 4 - 127;R01 - Rolitera 1;1534,37;1539,3;4,930000000000064;ROLITO EN BOLSAS 2 KG;317;4,930000000000064;2;634
10;2;2023;2023-02-10;rmanera;Alta Producción de Hielo;130;C04 - Compresor 4 - 127;R02 - Rolitera 2;0,0;0,0;0,0;ROLITO EN BOLSAS 14 KG;82;0,0;14;1148
10;2;2023;2023-02-10;rmanera;Alta Producción de Hielo;131;C02 - Compresor 2 - 127;R01 - Rolitera 1;31823,89;31825,12;1,2299999999995634;ROLITO EN BOLSAS 2 KG;54;1,2299999999995634;2;108
10;2;2023;2023-02-10;rmanera;Alta Producción de Hielo;132;C04 - Compresor 4 - 127;R01 - Rolitera 1;1539,3;1541,19;1,8900000000001;ROLITO EN BOLSAS 2 KG;160;1,8900000000001;2;320
10;2;2023;2023-02-10;rmanera;Alta Producción de Hielo;133;C04 - Compresor 4 - 127;R02 - Rolitera 2;0,0;0,0;0,0;ROLITO EN BOLSAS 14 KG;22;0,0;14;308
11;2;2023;2023-02-11;rmanera;Alta Producción de Hielo;134;C04 - Compresor 4 - 127;R01 - Rolitera 1;1541,19;1552,77;11,579999999999927;ROLITO EN BOLSAS 14 KG;26;11,579999999999927;14;364
11;2;2023;2023-02-11;rmanera;Alta Producción de Hielo;134;C04 - Compresor 4 - 127;R01 - Rolitera 1;1541,19;1552,77;11,579999999999927;ROLITO EN BOLSAS 2 KG;724;11,579999999999927;2;1448
11;2;2023;2023-02-11;rmanera;Alta Producción de Hielo;135;C04 - Compresor 4 - 127;R02 - Rolitera 2;0,0;0,0;0,0;ROLITO EN BOLSAS 14 KG;58;0,0;14;812
11;2;2023;2023-02-11;rmanera;Alta Producción de Hielo;135;C04 - Compresor 4 - 127;R02 - Rolitera 2;0,0;0,0;0,0;ROLITO EN BOLSAS 2 KG;764;0,0;2;1528
12;2;2023;2023-02-12;rmanera;Alta Producción de Hielo;136;C02 - Compresor 2 - 127;R01 - Rolitera 1;31827,39;31829,35;1,9599999999991269;ROLITO EN BOLSAS 14 KG;9;1,9599999999991269;14;126
12;2;2023;2023-02-12;rmanera;Alta Producción de Hielo;136;C02 - Compresor 2 - 127;R01 - Rolitera 1;31827,39;31829,35;1,9599999999991269;ROLITO EN BOLSAS 2 KG;110;1,9599999999991269;2;220
12;2;2023;2023-02-12;rmanera;Alta Producción de Hielo;137;C04 - Compresor 4 - 127;R01 - Rolitera 1;1553,1;1555,55;2,4500000000000455;ROLITO EN BOLSAS 2 KG;211;2,4500000000000455;2;422
12;2;2023;2023-02-12;rmanera;Alta Producción de Hielo;138;C04 - Compresor 4 - 127;R02 - Rolitera 2;0,0;0,0;0,0;ROLITO EN BOLSAS 14 KG;35;0,0;14;490
12;2;2023;2023-02-12;rmanera;Alta Producción de Hielo;139;C02 - Compresor 2 - 127;R01 - Rolitera 1;31837,59;31840,5;2,9099999999998545;ROLITO EN BOLSAS 14 KG;8;2,9099999999998545;14;112
12;2;2023;2023-02-12;rmanera;Alta Producción de Hielo;139;C02 - Compresor 2 - 127;R01 - Rolitera 1;31837,59;31840,5;2,9099999999998545;ROLITO EN BOLSAS 2 KG;222;2,9099999999998545;2;444
13;2;2023;2023-02-13;rmanera;Alta Producción de Hielo;140;C04 - Compresor 4 - 127;R01 - Rolitera 1;1555,5;1563,59;8,089999999999918;ROLITO EN BOLSAS 14 KG;47;8,089999999999918;14;658
13;2;2023;2023-02-13;rmanera;Alta Producción de Hielo;140;C04 - Compresor 4 - 127;R01 - Rolitera 1;1555,5;1563,59;8,089999999999918;ROLITO EN BOLSAS 2 KG;436;8,089999999999918;2;872
13;2;2023;2023-02-13;rmanera;Alta Producción de Hielo;141;C04 - Compresor 4 - 127;R02 - Rolitera 2;0,0;0,0;0,0;ROLITO EN BOLSAS 14 KG;71;0,0;14;994
13;2;2023;2023-02-13;rmanera;Alta Producción de Hielo;141;C04 - Compresor 4 - 127;R02 - Rolitera 2;0,0;0,0;0,0;ROLITO EN BOLSAS 2 KG;355;0,0;2;710
13;2;2023;2023-02-13;rmanera;Alta Producción de Hielo;142;C02 - Compresor 2 - 127;R01 - Rolitera 1;31829,35;31837,32;7,970000000001164;ROLITO EN BOLSAS 14 KG;36;7,970000000001164;14;504
13;2;2023;2023-02-13;rmanera;Alta Producción de Hielo;142;C02 - Compresor 2 - 127;R01 - Rolitera 1;31829,35;31837,32;7,970000000001164;ROLITO EN BOLSAS 2 KG;621;7,970000000001164;2;1242
14;2;2023;2023-02-14;rmanera;Alta Producción de Hielo;143;C02 - Compresor 2 - 127;R01 - Rolitera 1;31840,5;31843,27;2,7700000000004366;ROLITO EN BOLSAS 14 KG;8;2,7700000000004366;14;112
14;2;2023;2023-02-14;rmanera;Alta Producción de Hielo;143;C02 - Compresor 2 - 127;R01 - Rolitera 1;31840,5;31843,27;2,7700000000004366;ROLITO EN BOLSAS 2 KG;161;2,7700000000004366;2;322
14;2;2023;2023-02-14;rmanera;Alta Producción de Hielo;144;C04 - Compresor 4 - 127;R01 - Rolitera 1;1563,59;1578,95;15,360000000000127;ROLITO EN BOLSAS 14 KG;45;15,360000000000127;14;630
14;2;2023;2023-02-14;rmanera;Alta Producción de Hielo;144;C04 - Compresor 4 - 127;R01 - Rolitera 1;1563,59;1578,95;15,360000000000127;ROLITO EN BOLSAS 2 KG;850;15,360000000000127;2;1700
14;2;2023;2023-02-14;rmanera;Alta Producción de Hielo;144;C04 - Compresor 4 - 127;R01 - Rolitera 1;1563,59;1578,95;15,360000000000127;ROLITO EN BOLSAS 7 KG;16;15,360000000000127;7;112
15;2;2023;2023-02-15;rmanera;Alta Producción de Hielo;145;C02 - Compresor 2 - 127;R01 - Rolitera 1;31843,27;31845,96;2,6899999999986903;ROLITO EN BOLSAS 2 KG;168;2,6899999999986903;2;336
15;2;2023;2023-02-15;rmanera;Alta Producción de Hielo;146;C04 - Compresor 4 - 127;R01 - Rolitera 1;1578,95;1587,85;8,899999999999864;ROLITO EN BOLSAS 14 KG;27;8,899999999999864;14;378
15;2;2023;2023-02-15;rmanera;Alta Producción de Hielo;146;C04 - Compresor 4 - 127;R01 - Rolitera 1;1578,95;1587,85;8,899999999999864;ROLITO EN BOLSAS 2 KG;474;8,899999999999864;2;948
15;2;2023;2023-02-15;rmanera;Alta Producción de Hielo;147;C04 - Compresor 4 - 127;R02 - Rolitera 2;0,0;0,0;0,0;ROLITO EN BOLSAS 14 KG;150;0,0;14;2100
15;2;2023;2023-02-15;rmanera;Alta Producción de Hielo;148;C04 - Compresor 4 - 127;R01 - Rolitera 1;1587,85;1592,15;4,300000000000182;ROLITO EN BOLSAS 2 KG;380;4,300000000000182;2;760
15;2;2023;2023-02-15;rmanera;Alta Producción de Hielo;149;C04 - Compresor 4 - 127;R02 - Rolitera 2;0,0;0,0;0,0;ROLITO EN BOLSAS 14 KG;63;0,0;14;882
15;2;2023;2023-02-15;rmanera;Alta Producción de Hielo;150;C02 - Compresor 2 - 127;R01 - Rolitera 1;31845,96;31849,05;3,0900000000001455;ROLITO EN BOLSAS 14 KG;25;3,0900000000001455;14;350
15;2;2023;2023-02-15;rmanera;Alta Producción de Hielo;150;C02 - Compresor 2 - 127;R01 - Rolitera 1;31845,96;31849,05;3,0900000000001455;ROLITO EN BOLSAS 2 KG;113;3,0900000000001455;2;226
16;2;2023;2023-02-16;rmanera;Alta Producción de Hielo;151;C02 - Compresor 2 - 127;R01 - Rolitera 1;31849,05;31852,15;3,100000000002183;ROLITO EN BOLSAS 14 KG;8;3,100000000002183;14;112
16;2;2023;2023-02-16;rmanera;Alta Producción de Hielo;151;C02 - Compresor 2 - 127;R01 - Rolitera 1;31849,05;31852,15;3,100000000002183;ROLITO EN BOLSAS 2 KG;230;3,100000000002183;2;460
16;2;2023;2023-02-16;rmanera;Alta Producción de Hielo;152;C02 - Compresor 2 - 127;R01 - Rolitera 1;31852,15;31854,72;2,569999999999709;ROLITO EN BOLSAS 14 KG;20;2,569999999999709;14;280
16;2;2023;2023-02-16;rmanera;Alta Producción de Hielo;152;C02 - Compresor 2 - 127;R01 - Rolitera 1;31852,15;31854,72;2,569999999999709;ROLITO EN BOLSAS 7 KG;32;2,569999999999709;7;224
16;2;2023;2023-02-16;rmanera;Alta Producción de Hielo;153;C04 - Compresor 4 - 127;R01 - Rolitera 1;1597,1;1601,31;4,210000000000036;ROLITO EN BOLSAS 14 KG;18;4,210000000000036;14;252
16;2;2023;2023-02-16;rmanera;Alta Producción de Hielo;153;C04 - Compresor 4 - 127;R01 - Rolitera 1;1597,1;1601,31;4,210000000000036;ROLITO EN BOLSAS 2 KG;271;4,210000000000036;2;542
16;2;2023;2023-02-16;rmanera;Alta Producción de Hielo;154;C04 - Compresor 4 - 127;R02 - Rolitera 2;0,0;0,0;0,0;ROLITO EN BOLSAS 14 KG;37;0,0;14;518
16;2;2023;2023-02-16;rmanera;Alta Producción de Hielo;154;C04 - Compresor 4 - 127;R02 - Rolitera 2;0,0;0,0;0,0;ROLITO EN BOLSAS 2 KG;275;0,0;2;550
17;2;2023;2023-02-17;rmanera;Alta Producción de Hielo;155;C02 - Compresor 2 - 127;R01 - Rolitera 1;31854,72;31856,4;1,680000000000291;ROLITO EN BOLSAS 14 KG;20;1,680000000000291;14;280
17;2;2023;2023-02-17;rmanera;Alta Producción de Hielo;156;C04 - Compresor 4 - 127;R01 - Rolitera 1;1601,31;1617,24;15,930000000000064;ROLITO EN BOLSAS 14 KG;16;15,930000000000064;14;224
17;2;2023;2023-02-17;rmanera;Alta Producción de Hielo;156;C04 - Compresor 4 - 127;R01 - Rolitera 1;1601,31;1617,24;15,930000000000064;ROLITO EN BOLSAS 2 KG;1167;15,930000000000064;2;2334
17;2;2023;2023-02-17;rmanera;Alta Producción de Hielo;156;C04 - Compresor 4 - 127;R01 - Rolitera 1;1601,31;1617,24;15,930000000000064;ROLITO EN BOLSAS 4 KG;32;15,930000000000064;4;128
17;2;2023;2023-02-17;rmanera;Alta Producción de Hielo;157;C04 - Compresor 4 - 127;R02 - Rolitera 2;0,0;0,0;0,0;ROLITO EN BOLSAS 14 KG;216;0,0;14;3024
17;2;2023;2023-02-17;rmanera;Alta Producción de Hielo;157;C04 - Compresor 4 - 127;R02 - Rolitera 2;0,0;0,0;0,0;ROLITO EN BOLSAS 2 KG;364;0,0;2;728
18;2;2023;2023-02-18;rmanera;Alta Producción de Hielo;158;C04 - Compresor 4 - 127;R01 - Rolitera 1;1617,24;1623,41;6,170000000000073;ROLITO EN BOLSAS 14 KG;13;6,170000000000073;14;182
18;2;2023;2023-02-18;rmanera;Alta Producción de Hielo;158;C04 - Compresor 4 - 127;R01 - Rolitera 1;1617,24;1623,41;6,170000000000073;ROLITO EN BOLSAS 2 KG;330;6,170000000000073;2;660
18;2;2023;2023-02-18;rmanera;Alta Producción de Hielo;158;C04 - Compresor 4 - 127;R01 - Rolitera 1;1617,24;1623,41;6,170000000000073;ROLITO EN BOLSAS 4 KG;32;6,170000000000073;4;128
18;2;2023;2023-02-18;rmanera;Alta Producción de Hielo;159;C04 - Compresor 4 - 127;R02 - Rolitera 2;0,0;0,0;0,0;ROLITO EN BOLSAS 14 KG;46;0,0;14;644
18;2;2023;2023-02-18;rmanera;Alta Producción de Hielo;159;C04 - Compresor 4 - 127;R02 - Rolitera 2;0,0;0,0;0,0;ROLITO EN BOLSAS 2 KG;359;0,0;2;718
19;2;2023;2023-02-19;rmanera;Alta Producción de Hielo;160;C02 - Compresor 2 - 127;R01 - Rolitera 1;31856,4;31860,08;3,680000000000291;ROLITO EN BOLSAS 14 KG;6;3,680000000000291;14;84
19;2;2023;2023-02-19;rmanera;Alta Producción de Hielo;160;C02 - Compresor 2 - 127;R01 - Rolitera 1;31856,4;31860,08;3,680000000000291;ROLITO EN BOLSAS 2 KG;348;3,680000000000291;2;696
20;2;2023;2023-02-20;rmanera;Alta Producción de Hielo;161;C04 - Compresor 4 - 127;R01 - Rolitera 1;1623,41;1630,7;7,289999999999964;ROLITO EN BOLSAS 14 KG;22;7,289999999999964;14;308
20;2;2023;2023-02-20;rmanera;Alta Producción de Hielo;161;C04 - Compresor 4 - 127;R01 - Rolitera 1;1623,41;1630,7;7,289999999999964;ROLITO EN BOLSAS 2 KG;484;7,289999999999964;2;968
20;1;2023;2023-01-20;rmanera;Alta Producción de Hielo;162;C04 - Compresor 4 - 127;R02 - Rolitera 2;0,0;0,0;0,0;ROLITO EN BOLSAS 14 KG;37;0,0;14;518
20;1;2023;2023-01-20;rmanera;Alta Producción de Hielo;162;C04 - Compresor 4 - 127;R02 - Rolitera 2;0,0;0,0;0,0;ROLITO EN BOLSAS 2 KG;492;0,0;2;984
21;2;2023;2023-02-21;rmanera;Alta Producción de Hielo;163;C04 - Compresor 4 - 127;R01 - Rolitera 1;1630,7;1638,31;7,6099999999999;ROLITO EN BOLSAS 14 KG;9;7,6099999999999;14;126
21;2;2023;2023-02-21;rmanera;Alta Producción de Hielo;163;C04 - Compresor 4 - 127;R01 - Rolitera 1;1630,7;1638,31;7,6099999999999;ROLITO EN BOLSAS 2 KG;495;7,6099999999999;2;990
21;2;2023;2023-02-21;rmanera;Alta Producción de Hielo;163;C04 - Compresor 4 - 127;R01 - Rolitera 1;1630,7;1638,31;7,6099999999999;ROLITO EN BOLSAS 4 KG;32;7,6099999999999;4;128
21;2;2023;2023-02-21;rmanera;Alta Producción de Hielo;163;C04 - Compresor 4 - 127;R01 - Rolitera 1;1630,7;1638,31;7,6099999999999;ROLITO EN BOLSAS 7 KG;14;7,6099999999999;7;98
21;2;2023;2023-02-21;rmanera;Alta Producción de Hielo;164;C04 - Compresor 4 - 127;R02 - Rolitera 2;0,0;0,0;0,0;ROLITO EN BOLSAS 14 KG;11;0,0;14;154
21;2;2023;2023-02-21;rmanera;Alta Producción de Hielo;164;C04 - Compresor 4 - 127;R02 - Rolitera 2;0,0;0,0;0,0;ROLITO EN BOLSAS 2 KG;545;0,0;2;1090
22;2;2023;2023-02-22;rmanera;Alta Producción de Hielo;165;C04 - Compresor 4 - 127;R01 - Rolitera 1;1638,31;1643,82;5,509999999999991;ROLITO EN BOLSAS 14 KG;10;5,509999999999991;14;140
22;2;2023;2023-02-22;rmanera;Alta Producción de Hielo;165;C04 - Compresor 4 - 127;R01 - Rolitera 1;1638,31;1643,82;5,509999999999991;ROLITO EN BOLSAS 2 KG;388;5,509999999999991;2;776
22;2;2023;2023-02-22;rmanera;Alta Producción de Hielo;166;C04 - Compresor 4 - 127;R02 - Rolitera 2;0,0;0,0;0,0;ROLITO EN BOLSAS 14 KG;22;0,0;14;308
22;2;2023;2023-02-22;rmanera;Alta Producción de Hielo;166;C04 - Compresor 4 - 127;R02 - Rolitera 2;0,0;0,0;0,0;ROLITO EN BOLSAS 2 KG;345;0,0;2;690
22;2;2023;2023-02-22;rmanera;Alta Producción de Hielo;167;C02 - Compresor 2 - 127;R01 - Rolitera 1;31860,08;31863,13;3,0499999999992724;ROLITO EN BOLSAS 14 KG;9;3,0499999999992724;14;126
22;2;2023;2023-02-22;rmanera;Alta Producción de Hielo;167;C02 - Compresor 2 - 127;R01 - Rolitera 1;31860,08;31863,13;3,0499999999992724;ROLITO EN BOLSAS 2 KG;229;3,0499999999992724;2;458
22;2;2023;2023-02-22;rmanera;Alta Producción de Hielo;168;C02 - Compresor 2 - 127;R01 - Rolitera 1;31863,13;31865,62;2,4899999999979627;ROLITO EN BOLSAS 14 KG;26;2,4899999999979627;14;364
22;2;2023;2023-02-22;rmanera;Alta Producción de Hielo;168;C02 - Compresor 2 - 127;R01 - Rolitera 1;31863,13;31865,62;2,4899999999979627;ROLITO EN BOLSAS 2 KG;56;2,4899999999979627;2;112
23;2;2023;2023-02-23;rmanera;Alta Producción de Hielo;169;C02 - Compresor 2 - 127;R01 - Rolitera 1;31865,62;31868,35;2,7299999999995634;ROLITO EN BOLSAS 2 KG;225;2,7299999999995634;2;450
23;2;2023;2023-02-23;rmanera;Alta Producción de Hielo;170;C02 - Compresor 2 - 127;R01 - Rolitera 1;31868,35;31869,13;0,7800000000024738;ROLITO EN BOLSAS 14 KG;10;0,7800000000024738;14;140
23;2;2023;2023-02-23;rmanera;Alta Producción de Hielo;171;C04 - Compresor 4 - 127;R01 - Rolitera 1;1643,82;1651,81;7,990000000000009;ROLITO EN BOLSAS 14 KG;46;7,990000000000009;14;644
23;2;2023;2023-02-23;rmanera;Alta Producción de Hielo;171;C04 - Compresor 4 - 127;R01 - Rolitera 1;1643,82;1651,81;7,990000000000009;ROLITO EN BOLSAS 2 KG;324;7,990000000000009;2;648
23;2;2023;2023-02-23;rmanera;Alta Producción de Hielo;172;C04 - Compresor 4 - 127;R02 - Rolitera 2;0,0;0,0;0,0;ROLITO EN BOLSAS 14 KG;33;0,0;14;462
23;2;2023;2023-02-23;rmanera;Alta Producción de Hielo;172;C04 - Compresor 4 - 127;R02 - Rolitera 2;0,0;0,0;0,0;ROLITO EN BOLSAS 2 KG;542;0,0;2;1084
24;2;2023;2023-02-24;rmanera;Alta Producción de Hielo;173;C04 - Compresor 4 - 127;R01 - Rolitera 1;1651,97;1662,8;10,829999999999927;ROLITO EN BOLSAS 14 KG;9;10,829999999999927;14;126
24;2;2023;2023-02-24;rmanera;Alta Producción de Hielo;173;C04 - Compresor 4 - 127;R01 - Rolitera 1;1651,97;1662,8;10,829999999999927;ROLITO EN BOLSAS 2 KG;809;10,829999999999927;2;1618
24;2;2023;2023-02-24;rmanera;Alta Producción de Hielo;173;C04 - Compresor 4 - 127;R01 - Rolitera 1;1651,97;1662,8;10,829999999999927;ROLITO EN BOLSAS 4 KG;27;10,829999999999927;4;108
24;2;2023;2023-02-24;rmanera;Alta Producción de Hielo;174;C04 - Compresor 4 - 127;R02 - Rolitera 2;1651,97;1662,8;10,829999999999927;ROLITO EN BOLSAS 14 KG;143;10,829999999999927;14;2002
24;2;2023;2023-02-24;rmanera;Alta Producción de Hielo;174;C04 - Compresor 4 - 127;R02 - Rolitera 2;1651,97;1662,8;10,829999999999927;ROLITO EN BOLSAS 2 KG;134;10,829999999999927;2;268
25;2;2023;2023-02-25;rmanera;Alta Producción de Hielo;175;C04 - Compresor 4 - 127;R01 - Rolitera 1;1662,8;1665,89;3,0900000000001455;ROLITO EN BOLSAS 14 KG;8;3,0900000000001455;14;112
25;2;2023;2023-02-25;rmanera;Alta Producción de Hielo;175;C04 - Compresor 4 - 127;R01 - Rolitera 1;1662,8;1665,89;3,0900000000001455;ROLITO EN BOLSAS 2 KG;219;3,0900000000001455;2;438
25;2;2023;2023-02-25;rmanera;Alta Producción de Hielo;176;C04 - Compresor 4 - 127;R02 - Rolitera 2;0,0;0,0;0,0;ROLITO EN BOLSAS 14 KG;44;0,0;14;616
25;2;2023;2023-02-25;rmanera;Alta Producción de Hielo;177;C02 - Compresor 2 - 127;R01 - Rolitera 1;31869,5;31873,54;4,040000000000873;ROLITO EN BOLSAS 2 KG;334;4,040000000000873;2;668
27;2;2023;2023-02-27;rmanera;Alta Producción de Hielo;178;C04 - Compresor 4 - 127;R01 - Rolitera 1;1665,89;1673,89;8,0;ROLITO EN BOLSAS 14 KG;65;8,0;14;910
27;2;2023;2023-02-27;rmanera;Alta Producción de Hielo;178;C04 - Compresor 4 - 127;R01 - Rolitera 1;1665,89;1673,89;8,0;ROLITO EN BOLSAS 2 KG;267;8,0;2;534
27;2;2023;2023-02-27;rmanera;Alta Producción de Hielo;179;C04 - Compresor 4 - 127;R02 - Rolitera 2;0,0;0,0;0,0;ROLITO EN BOLSAS 14 KG;77;0,0;14;1078
27;2;2023;2023-02-27;rmanera;Alta Producción de Hielo;179;C04 - Compresor 4 - 127;R02 - Rolitera 2;0,0;0,0;0,0;ROLITO EN BOLSAS 2 KG;196;0,0;2;392
27;2;2023;2023-02-27;rmanera;Alta Producción de Hielo;180;C02 - Compresor 2 - 127;R01 - Rolitera 1;31873,54;31877,01;3,469999999997526;ROLITO EN BOLSAS 14 KG;12;3,469999999997526;14;168
27;2;2023;2023-02-27;rmanera;Alta Producción de Hielo;180;C02 - Compresor 2 - 127;R01 - Rolitera 1;31873,54;31877,01;3,469999999997526;ROLITO EN BOLSAS 2 KG;111;3,469999999997526;2;222
27;2;2023;2023-02-27;rmanera;Alta Producción de Hielo;180;C02 - Compresor 2 - 127;R01 - Rolitera 1;31873,54;31877,01;3,469999999997526;ROLITO EN BOLSAS 4 KG;32;3,469999999997526;4;128
27;2;2023;2023-02-27;rmanera;Alta Producción de Hielo;180;C02 - Compresor 2 - 127;R01 - Rolitera 1;31873,54;31877,01;3,469999999997526;ROLITO EN BOLSAS 7 KG;16;3,469999999997526;7;112
28;2;2023;2023-02-28;rmanera;Alta Producción de Hielo;181;C04 - Compresor 4 - 127;R01 - Rolitera 1;1673,89;1674,54;0,6499999999998636;ROLITO EN BOLSAS 2 KG;53;0,6499999999998636;2;106
2;3;2023;2023-03-02;rmanera;Alta Producción de Hielo;182;C04 - Compresor 4 - 127;R01 - Rolitera 1;1674,54;1677,23;2,6900000000000546;ROLITO EN BOLSAS 14 KG;33;2,6900000000000546;14;462
28;2;2023;2023-02-28;rmanera;Alta Producción de Hielo;183;C04 - Compresor 4 - 127;R02 - Rolitera 2;0,0;0,0;0,0;ROLITO EN BOLSAS 14 KG;8;0,0;14;112
28;2;2023;2023-02-28;rmanera;Alta Producción de Hielo;183;C04 - Compresor 4 - 127;R02 - Rolitera 2;0,0;0,0;0,0;ROLITO EN BOLSAS 2 KG;198;0,0;2;396
28;2;2023;2023-02-28;rmanera;Alta Producción de Hielo;184;C02 - Compresor 2 - 127;R01 - Rolitera 1;31877,01;31879,66;2,650000000001455;ROLITO EN BOLSAS 2 KG;215;2,650000000001455;2;430
28;2;2023;2023-02-28;rmanera;Alta Producción de Hielo;185;C02 - Compresor 2 - 127;R01 - Rolitera 1;31872,72;31882,06;9,340000000000146;ROLITO EN BOLSAS 14 KG;21;9,340000000000146;14;294
28;2;2023;2023-02-28;rmanera;Alta Producción de Hielo;185;C02 - Compresor 2 - 127;R01 - Rolitera 1;31872,72;31882,06;9,340000000000146;ROLITO EN BOLSAS 7 KG;14;9,340000000000146;7;98
1;3;2023;2023-03-01;mreinero;Alta Producción de Hielo;186;C04 - Compresor 4 - 127;R02 - Rolitera 2;1677,32;1680,86;3,5399999999999636;ROLITO EN BOLSAS 14 KG;55;3,5399999999999636;14;770
1;3;2023;2023-03-01;mreinero;Alta Producción de Hielo;187;C04 - Compresor 4 - 127;R02 - Rolitera 2;0,0;0,0;0,0;ROLITO EN BOLSAS 2 KG;311;0,0;2;622
1;3;2023;2023-03-01;mreinero;Alta Producción de Hielo;188;C02 - Compresor 2 - 127;R01 - Rolitera 1;31885,66;31887,84;2,180000000000291;ROLITO EN BOLSAS 14 KG;30;2,180000000000291;14;420
1;3;2023;2023-03-01;mreinero;Alta Producción de Hielo;189;C02 - Compresor 2 - 127;R01 - Rolitera 1;31882,06;31884,05;1,9899999999979627;ROLITO EN BOLSAS 2 KG;160;1,9899999999979627;2;320
1;3;2023;2023-03-01;mreinero;Alta Producción de Hielo;190;C02 - Compresor 2 - 127;R01 - Rolitera 1;31884,05;31885,66;1,610000000000582;ROLITO EN BOLSAS 2 KG;108;1,610000000000582;2;216
2;3;2023;2023-03-02;mreinero;Alta Producción de Hielo;191;C02 - Compresor 2 - 127;R01 - Rolitera 1;31887,84;31899,15;11,31000000000131;ROLITO EN BOLSAS 14 KG;87;11,31000000000131;14;1218
2;3;2023;2023-03-02;mreinero;Alta Producción de Hielo;191;C02 - Compresor 2 - 127;R01 - Rolitera 1;31887,84;31899,15;11,31000000000131;ROLITO EN BOLSAS 2 KG;381;11,31000000000131;2;762
2;3;2023;2023-03-02;mreinero;Alta Producción de Hielo;191;C02 - Compresor 2 - 127;R01 - Rolitera 1;31887,84;31899,15;11,31000000000131;ROLITO EN BOLSAS 4 KG;32;11,31000000000131;4;128
3;3;2023;2023-03-03;mreinero;Alta Producción de Hielo;192;C02 - Compresor 2 - 127;R01 - Rolitera 1;31899,15;31906,83;7,680000000000291;ROLITO EN BOLSAS 2 KG;655;7,680000000000291;2;1310
4;3;2023;2023-03-04;mreinero;Alta Producción de Hielo;193;C02 - Compresor 2 - 127;R01 - Rolitera 1;31906,82;31913,27;6,450000000000728;ROLITO EN BOLSAS 2 KG;490;6,450000000000728;2;980
4;3;2023;2023-03-04;mreinero;Alta Producción de Hielo;193;C02 - Compresor 2 - 127;R01 - Rolitera 1;31906,82;31913,27;6,450000000000728;ROLITO EN BOLSAS 4 KG;31;6,450000000000728;4;124
6;3;2023;2023-03-06;mreinero;Alta Producción de Hielo;194;C02 - Compresor 2 - 127;R01 - Rolitera 1;31913,27;31915,04;1,7700000000004366;ROLITO EN BOLSAS 2 KG;218;1,7700000000004366;2;436
6;3;2023;2023-03-06;mreinero;Alta Producción de Hielo;195;C02 - Compresor 2 - 127;R01 - Rolitera 1;31915,04;31918,67;3,6299999999973807;ROLITO EN BOLSAS 14 KG;28;3,6299999999973807;14;392
6;3;2023;2023-03-06;mreinero;Alta Producción de Hielo;195;C02 - Compresor 2 - 127;R01 - Rolitera 1;31915,04;31918,67;3,6299999999973807;ROLITO EN BOLSAS 2 KG;172;3,6299999999973807;2;344
6;3;2023;2023-03-06;mreinero;Alta Producción de Hielo;196;C04 - Compresor 4 - 127;R01 - Rolitera 1;1680,86;1686,69;5,830000000000155;ROLITO EN BOLSAS 14 KG;18;5,830000000000155;14;252
6;3;2023;2023-03-06;mreinero;Alta Producción de Hielo;196;C04 - Compresor 4 - 127;R01 - Rolitera 1;1680,86;1686,69;5,830000000000155;ROLITO EN BOLSAS 2 KG;330;5,830000000000155;2;660
6;3;2023;2023-03-06;mreinero;Alta Producción de Hielo;197;C04 - Compresor 4 - 127;R02 - Rolitera 2;0,0;0,0;0,0;ROLITO EN BOLSAS 14 KG;16;0,0;14;224
6;3;2023;2023-03-06;mreinero;Alta Producción de Hielo;197;C04 - Compresor 4 - 127;R02 - Rolitera 2;0,0;0,0;0,0;ROLITO EN BOLSAS 2 KG;392;0,0;2;784
7;3;2023;2023-03-07;mreinero;Alta Producción de Hielo;198;C02 - Compresor 2 - 127;R01 - Rolitera 1;31918,67;31920,78;2,110000000000582;ROLITO EN BOLSAS 14 KG;9;2,110000000000582;14;126
7;3;2023;2023-03-07;mreinero;Alta Producción de Hielo;198;C02 - Compresor 2 - 127;R01 - Rolitera 1;31918,67;31920,78;2,110000000000582;ROLITO EN BOLSAS 2 KG;57;2,110000000000582;2;114
7;3;2023;2023-03-07;mreinero;Alta Producción de Hielo;198;C02 - Compresor 2 - 127;R01 - Rolitera 1;31918,67;31920,78;2,110000000000582;ROLITO EN BOLSAS 4 KG;31;2,110000000000582;4;124
7;3;2023;2023-03-07;mreinero;Alta Producción de Hielo;199;C02 - Compresor 2 - 127;R01 - Rolitera 1;31920,78;31924,46;3,680000000000291;ROLITO EN BOLSAS 14 KG;15;3,680000000000291;14;210
7;3;2023;2023-03-07;mreinero;Alta Producción de Hielo;199;C02 - Compresor 2 - 127;R01 - Rolitera 1;31920,78;31924,46;3,680000000000291;ROLITO EN BOLSAS 2 KG;229;3,680000000000291;2;458
7;3;2023;2023-03-07;mreinero;Alta Producción de Hielo;200;C04 - Compresor 4 - 127;R01 - Rolitera 1;1686,69;1692,52;5,829999999999927;MOLIDO EN BOLSA 14 KG;23;5,829999999999927;14;322
7;3;2023;2023-03-07;mreinero;Alta Producción de Hielo;200;C04 - Compresor 4 - 127;R01 - Rolitera 1;1686,69;1692,52;5,829999999999927;ROLITO EN BOLSAS 2 KG;324;5,829999999999927;2;648
7;3;2023;2023-03-07;mreinero;Alta Producción de Hielo;201;C04 - Compresor 4 - 127;R02 - Rolitera 2;0,0;0,0;0,0;ROLITO EN BOLSAS 2 KG;558;0,0;2;1116
8;3;2023;2023-03-08;mreinero;Alta Producción de Hielo;202;C04 - Compresor 4 - 127;R01 - Rolitera 1;1692,52;1703,75;11,230000000000018;MOLIDO EN BOLSA 14 KG;83;11,230000000000018;14;1162
8;3;2023;2023-03-08;mreinero;Alta Producción de Hielo;202;C04 - Compresor 4 - 127;R01 - Rolitera 1;1692,52;1703,75;11,230000000000018;ROLITO EN BOLSAS 2 KG;494;11,230000000000018;2;988
8;3;2023;2023-03-08;mreinero;Alta Producción de Hielo;203;C04 - Compresor 4 - 127;R02 - Rolitera 2;0,0;0,0;0,0;ROLITO EN BOLSAS 14 KG;11;0,0;14;154
8;3;2023;2023-03-08;mreinero;Alta Producción de Hielo;203;C04 - Compresor 4 - 127;R02 - Rolitera 2;0,0;0,0;0,0;ROLITO EN BOLSAS 2 KG;965;0,0;2;1930
9;3;2023;2023-03-09;mreinero;Alta Producción de Hielo;204;C02 - Compresor 2 - 127;R01 - Rolitera 1;31924,67;31927,05;2,3800000000010186;ROLITO EN BOLSAS 2 KG;228;2,3800000000010186;2;456
9;3;2023;2023-03-09;mreinero;Alta Producción de Hielo;205;C02 - Compresor 2 - 127;R01 - Rolitera 1;31927,05;31928,47;1,4200000000018917;ROLITO EN BOLSAS 14 KG;17;1,4200000000018917;14;238
9;3;2023;2023-03-09;mreinero;Alta Producción de Hielo;206;C04 - Compresor 4 - 127;R01 - Rolitera 1;1703,75;1704,51;0,7599999999999909;ROLITO EN BOLSAS 2 KG;53;0,7599999999999909;2;106
9;3;2023;2023-03-09;mreinero;Alta Producción de Hielo;207;C04 - Compresor 4 - 127;R01 - Rolitera 1;1704,51;1711,27;6,759999999999991;ROLITO EN BOLSAS 14 KG;25;6,759999999999991;14;350
9;3;2023;2023-03-09;mreinero;Alta Producción de Hielo;207;C04 - Compresor 4 - 127;R01 - Rolitera 1;1704,51;1711,27;6,759999999999991;ROLITO EN BOLSAS 2 KG;432;6,759999999999991;2;864
9;3;2023;2023-03-09;mreinero;Alta Producción de Hielo;208;C04 - Compresor 4 - 127;R02 - Rolitera 2;0,0;0,0;0,0;ROLITO EN BOLSAS 14 KG;68;0,0;14;952
9;3;2023;2023-03-09;mreinero;Alta Producción de Hielo;208;C04 - Compresor 4 - 127;R02 - Rolitera 2;0,0;0,0;0,0;ROLITO EN BOLSAS 2 KG;254;0,0;2;508
10;3;2023;2023-03-10;mreinero;Alta Producción de Hielo;209;C02 - Compresor 2 - 127;R01 - Rolitera 1;31928,48;31930,36;1,8800000000010186;ROLITO EN BOLSAS 2 KG;161;1,8800000000010186;2;322
10;3;2023;2023-03-10;mreinero;Alta Producción de Hielo;210;C02 - Compresor 2 - 127;R01 - Rolitera 1;31930,36;31932,91;2,5499999999992724;ROLITO EN BOLSAS 14 KG;37;2,5499999999992724;14;518
10;3;2023;2023-03-10;mreinero;Alta Producción de Hielo;211;C04 - Compresor 4 - 127;R01 - Rolitera 1;1711,27;1714,6;3,3299999999999272;ROLITO EN BOLSAS 14 KG;45;3,3299999999999272;14;630
10;3;2023;2023-03-10;mreinero;Alta Producción de Hielo;212;C04 - Compresor 4 - 127;R02 - Rolitera 2;0,0;0,0;0,0;ROLITO EN BOLSAS 2 KG;282;0,0;2;564
10;3;2023;2023-03-10;mreinero;Alta Producción de Hielo;213;C04 - Compresor 4 - 127;R01 - Rolitera 1;1714,6;1720,58;5,980000000000018;ROLITO EN BOLSAS 14 KG;10;5,980000000000018;14;140
10;3;2023;2023-03-10;mreinero;Alta Producción de Hielo;213;C04 - Compresor 4 - 127;R01 - Rolitera 1;1714,6;1720,58;5,980000000000018;ROLITO EN BOLSAS 2 KG;321;5,980000000000018;2;642
10;3;2023;2023-03-10;mreinero;Alta Producción de Hielo;213;C04 - Compresor 4 - 127;R01 - Rolitera 1;1714,6;1720,58;5,980000000000018;ROLITO EN BOLSAS 4 KG;30;5,980000000000018;4;120
10;3;2023;2023-03-10;mreinero;Alta Producción de Hielo;213;C04 - Compresor 4 - 127;R01 - Rolitera 1;1714,6;1720,58;5,980000000000018;ROLITO EN BOLSAS 7 KG;16;5,980000000000018;7;112
10;3;2023;2023-03-10;mreinero;Alta Producción de Hielo;214;C04 - Compresor 4 - 127;R02 - Rolitera 2;0,0;0,0;0,0;ROLITO EN BOLSAS 14 KG;53;0,0;14;742
10;3;2023;2023-03-10;mreinero;Alta Producción de Hielo;214;C04 - Compresor 4 - 127;R02 - Rolitera 2;0,0;0,0;0,0;ROLITO EN BOLSAS 2 KG;211;0,0;2;422
11;3;2023;2023-03-11;mreinero;Alta Producción de Hielo;215;C04 - Compresor 4 - 127;R01 - Rolitera 1;1720,58;1721,74;1,1600000000000819;ROLITO EN BOLSAS 14 KG;6;1,1600000000000819;14;84
11;3;2023;2023-03-11;mreinero;Alta Producción de Hielo;215;C04 - Compresor 4 - 127;R01 - Rolitera 1;1720,58;1721,74;1,1600000000000819;ROLITO EN BOLSAS 2 KG;53;1,1600000000000819;2;106
11;3;2023;2023-03-11;mreinero;Alta Producción de Hielo;216;C04 - Compresor 4 - 127;R02 - Rolitera 2;0,0;0,0;0,0;ROLITO EN BOLSAS 14 KG;11;0,0;14;154
11;3;2023;2023-03-11;mreinero;Alta Producción de Hielo;217;C04 - Compresor 4 - 127;R01 - Rolitera 1;1721,74;1724,96;3,2200000000000273;ROLITO EN BOLSAS 14 KG;45;3,2200000000000273;14;630
11;3;2023;2023-03-11;mreinero;Alta Producción de Hielo;218;C04 - Compresor 4 - 127;R02 - Rolitera 2;0,0;0,0;0,0;ROLITO EN BOLSAS 14 KG;8;0,0;14;112
11;3;2023;2023-03-11;mreinero;Alta Producción de Hielo;218;C04 - Compresor 4 - 127;R02 - Rolitera 2;0,0;0,0;0,0;ROLITO EN BOLSAS 2 KG;277;0,0;2;554
11;3;2023;2023-03-11;mreinero;Alta Producción de Hielo;219;C02 - Compresor 2 - 127;R01 - Rolitera 1;31932,9;31934,13;1,2299999999995634;ROLITO EN BOLSAS 2 KG;114;1,2299999999995634;2;228
11;3;2023;2023-03-11;mreinero;Alta Producción de Hielo;220;C02 - Compresor 2 - 127;R01 - Rolitera 1;31934,18;31934,96;0,7799999999988358;ROLITO EN BOLSAS 2 KG;55;0,7799999999988358;2;110
11;3;2023;2023-03-11;mreinero;Alta Producción de Hielo;221;C02 - Compresor 2 - 127;R01 - Rolitera 1;31934,96;31937,89;2,930000000000291;ROLITO EN BOLSAS 14 KG;37;2,930000000000291;14;518
11;3;2023;2023-03-11;mreinero;Alta Producción de Hielo;221;C02 - Compresor 2 - 127;R01 - Rolitera 1;31934,96;31937,89;2,930000000000291;ROLITO EN BOLSAS 2 KG;56;2,930000000000291;2;112
12;3;2023;2023-03-12;mreinero;Alta Producción de Hielo;222;C02 - Compresor 2 - 127;R01 - Rolitera 1;31937,89;31939,78;1,889999999999418;ROLITO EN BOLSAS 14 KG;27;1,889999999999418;14;378
12;3;2023;2023-03-12;mreinero;Alta Producción de Hielo;223;C02 - Compresor 2 - 127;R01 - Rolitera 1;31939,78;31943,52;3,7400000000016007;ROLITO EN BOLSAS 14 KG;29;3,7400000000016007;14;406
12;3;2023;2023-03-12;mreinero;Alta Producción de Hielo;223;C02 - Compresor 2 - 127;R01 - Rolitera 1;31939,78;31943,52;3,7400000000016007;ROLITO EN BOLSAS 2 KG;160;3,7400000000016007;2;320
13;3;2023;2023-03-13;mreinero;Alta Producción de Hielo;224;C02 - Compresor 2 - 127;R01 - Rolitera 1;31943,52;31956,83;13,31000000000131;ROLITO EN BOLSAS 14 KG;30;13,31000000000131;14;420
13;3;2023;2023-03-13;mreinero;Alta Producción de Hielo;224;C02 - Compresor 2 - 127;R01 - Rolitera 1;31943,52;31956,83;13,31000000000131;ROLITO EN BOLSAS 2 KG;967;13,31000000000131;2;1934
13;3;2023;2023-03-13;mreinero;Alta Producción de Hielo;224;C02 - Compresor 2 - 127;R01 - Rolitera 1;31943,52;31956,83;13,31000000000131;ROLITO EN BOLSAS 4 KG;32;13,31000000000131;4;128
13;3;2023;2023-03-13;mreinero;Alta Producción de Hielo;225;C02 - Compresor 2 - 127;R01 - Rolitera 1;31956,83;31957,4;0,569999999999709;ROLITO EN BOLSAS 2 KG;68;0,569999999999709;2;136
13;3;2023;2023-03-13;mreinero;Alta Producción de Hielo;226;C04 - Compresor 4 - 127;R01 - Rolitera 1;1724,96;1729,26;4,2999999999999545;ROLITO EN BOLSAS 14 KG;42;4,2999999999999545;14;588
13;3;2023;2023-03-13;mreinero;Alta Producción de Hielo;226;C04 - Compresor 4 - 127;R01 - Rolitera 1;1724,96;1729,26;4,2999999999999545;ROLITO EN BOLSAS 2 KG;170;4,2999999999999545;2;340
13;3;2023;2023-03-13;mreinero;Alta Producción de Hielo;227;C04 - Compresor 4 - 127;R02 - Rolitera 2;0,0;0,0;0,0;ROLITO EN BOLSAS 14 KG;10;0,0;14;140
13;3;2023;2023-03-13;mreinero;Alta Producción de Hielo;227;C04 - Compresor 4 - 127;R02 - Rolitera 2;0,0;0,0;0,0;ROLITO EN BOLSAS 2 KG;331;0,0;2;662
14;3;2023;2023-03-14;mreinero;Alta Producción de Hielo;228;C04 - Compresor 4 - 127;R01 - Rolitera 1;1729,26;1735,89;6,630000000000109;ROLITO EN BOLSAS 14 KG;88;6,630000000000109;14;1232
14;3;2023;2023-03-14;mreinero;Alta Producción de Hielo;228;C04 - Compresor 4 - 127;R01 - Rolitera 1;1729,26;1735,89;6,630000000000109;ROLITO EN BOLSAS 2 KG;110;6,630000000000109;2;220
14;3;2023;2023-03-14;mreinero;Alta Producción de Hielo;229;C04 - Compresor 4 - 127;R02 - Rolitera 2;0,0;0,0;0,0;ROLITO EN BOLSAS 14 KG;43;0,0;14;602
14;3;2023;2023-03-14;mreinero;Alta Producción de Hielo;229;C04 - Compresor 4 - 127;R02 - Rolitera 2;0,0;0,0;0,0;ROLITO EN BOLSAS 2 KG;428;0,0;2;856
14;3;2023;2023-03-14;mreinero;Alta Producción de Hielo;230;C02 - Compresor 2 - 127;R01 - Rolitera 1;31967,79;31969,7;1,9099999999998545;ROLITO EN BOLSAS 14 KG;17;1,9099999999998545;14;238
14;3;2023;2023-03-14;mreinero;Alta Producción de Hielo;230;C02 - Compresor 2 - 127;R01 - Rolitera 1;31967,79;31969,7;1,9099999999998545;ROLITO EN BOLSAS 2 KG;55;1,9099999999998545;2;110
14;3;2023;2023-03-14;mreinero;Alta Producción de Hielo;231;C02 - Compresor 2 - 127;R01 - Rolitera 1;31957,57;31967,79;10,220000000001164;ROLITO EN BOLSAS 14 KG;25;10,220000000001164;14;350
14;3;2023;2023-03-14;mreinero;Alta Producción de Hielo;231;C02 - Compresor 2 - 127;R01 - Rolitera 1;31957,57;31967,79;10,220000000001164;ROLITO EN BOLSAS 2 KG;676;10,220000000001164;2;1352
14;3;2023;2023-03-14;mreinero;Alta Producción de Hielo;231;C02 - Compresor 2 - 127;R01 - Rolitera 1;31957,57;31967,79;10,220000000001164;ROLITO EN BOLSAS 4 KG;32;10,220000000001164;4;128
15;3;2023;2023-03-15;mreinero;Alta Producción de Hielo;232;C02 - Compresor 2 - 127;R01 - Rolitera 1;31969,7;31980,85;11,149999999997817;ROLITO EN BOLSAS 14 KG;14;11,149999999997817;14;196
15;3;2023;2023-03-15;mreinero;Alta Producción de Hielo;232;C02 - Compresor 2 - 127;R01 - Rolitera 1;31969,7;31980,85;11,149999999997817;ROLITO EN BOLSAS 2 KG;839;11,149999999997817;2;1678
15;3;2023;2023-03-15;mreinero;Alta Producción de Hielo;233;C04 - Compresor 4 - 127;R01 - Rolitera 1;1735,89;1744,32;8,429999999999836;ROLITO EN BOLSAS 14 KG;67;8,429999999999836;14;938
15;3;2023;2023-03-15;mreinero;Alta Producción de Hielo;233;C04 - Compresor 4 - 127;R01 - Rolitera 1;1735,89;1744,32;8,429999999999836;ROLITO EN BOLSAS 2 KG;274;8,429999999999836;2;548
15;3;2023;2023-03-15;mreinero;Alta Producción de Hielo;233;C04 - Compresor 4 - 127;R01 - Rolitera 1;1735,89;1744,32;8,429999999999836;ROLITO EN BOLSAS 7 KG;29;8,429999999999836;7;203
15;3;2023;2023-03-15;mreinero;Alta Producción de Hielo;234;C04 - Compresor 4 - 127;R02 - Rolitera 2;0,0;0,0;0,0;ROLITO EN BOLSAS 14 KG;17;0,0;14;238
15;3;2023;2023-03-15;mreinero;Alta Producción de Hielo;234;C04 - Compresor 4 - 127;R02 - Rolitera 2;0,0;0,0;0,0;ROLITO EN BOLSAS 2 KG;639;0,0;2;1278
16;3;2023;2023-03-16;mreinero;Alta Producción de Hielo;235;C02 - Compresor 2 - 127;R01 - Rolitera 1;31988,85;31988,92;0,06999999999970896;ROLITO EN BOLSAS 14 KG;9;0,06999999999970896;14;126
16;3;2023;2023-03-16;mreinero;Alta Producción de Hielo;235;C02 - Compresor 2 - 127;R01 - Rolitera 1;31988,85;31988,92;0,06999999999970896;ROLITO EN BOLSAS 2 KG;615;0,06999999999970896;2;1230
16;3;2023;2023-03-16;mreinero;Alta Producción de Hielo;236;C02 - Compresor 2 - 127;R01 - Rolitera 1;31988,92;31991,31;2,390000000003056;ROLITO EN BOLSAS 14 KG;18;2,390000000003056;14;252
16;3;2023;2023-03-16;mreinero;Alta Producción de Hielo;236;C02 - Compresor 2 - 127;R01 - Rolitera 1;31988,92;31991,31;2,390000000003056;ROLITO EN BOLSAS 2 KG;116;2,390000000003056;2;232
16;3;2023;2023-03-16;mreinero;Alta Producción de Hielo;237;C04 - Compresor 4 - 127;R01 - Rolitera 1;1744,32;1752,46;8,1400000000001;ROLITO EN BOLSAS 14 KG;9;8,1400000000001;14;126
16;3;2023;2023-03-16;mreinero;Alta Producción de Hielo;237;C04 - Compresor 4 - 127;R01 - Rolitera 1;1744,32;1752,46;8,1400000000001;ROLITO EN BOLSAS 2 KG;675;8,1400000000001;2;1350
16;3;2023;2023-03-16;mreinero;Alta Producción de Hielo;237;C04 - Compresor 4 - 127;R01 - Rolitera 1;1744,32;1752,46;8,1400000000001;ROLITO EN BOLSAS 4 KG;31;8,1400000000001;4;124
16;3;2023;2023-03-16;mreinero;Alta Producción de Hielo;238;C04 - Compresor 4 - 127;R02 - Rolitera 2;0,0;0,0;0,0;ROLITO EN BOLSAS 14 KG;109;0,0;14;1526
16;3;2023;2023-03-16;mreinero;Alta Producción de Hielo;238;C04 - Compresor 4 - 127;R02 - Rolitera 2;0,0;0,0;0,0;ROLITO EN BOLSAS 2 KG;140;0,0;2;280
16;3;2023;2023-03-16;mreinero;Alta Producción de Hielo;238;C04 - Compresor 4 - 127;R02 - Rolitera 2;0,0;0,0;0,0;ROLITO EN BOLSAS 7 KG;2;0,0;7;14
17;3;2023;2023-03-17;mreinero;Alta Producción de Hielo;239;C04 - Compresor 4 - 127;R01 - Rolitera 1;1752,46;1763,84;11,379999999999882;ROLITO EN BOLSAS 14 KG;57;11,379999999999882;14;798
17;3;2023;2023-03-17;mreinero;Alta Producción de Hielo;239;C04 - Compresor 4 - 127;R01 - Rolitera 1;1752,46;1763,84;11,379999999999882;ROLITO EN BOLSAS 2 KG;676;11,379999999999882;2;1352
17;3;2023;2023-03-17;mreinero;Alta Producción de Hielo;239;C04 - Compresor 4 - 127;R01 - Rolitera 1;1752,46;1763,84;11,379999999999882;ROLITO EN BOLSAS 4 KG;31;11,379999999999882;4;124
17;3;2023;2023-03-17;mreinero;Alta Producción de Hielo;240;C04 - Compresor 4 - 127;R02 - Rolitera 2;0,0;0,0;0,0;ROLITO EN BOLSAS 14 KG;31;0,0;14;434
17;3;2023;2023-03-17;mreinero;Alta Producción de Hielo;240;C04 - Compresor 4 - 127;R02 - Rolitera 2;0,0;0,0;0,0;ROLITO EN BOLSAS 2 KG;906;0,0;2;1812
18;3;2023;2023-03-18;mreinero;Alta Producción de Hielo;241;C02 - Compresor 2 - 127;R01 - Rolitera 1;31991,31;31993,91;2,599999999998545;ROLITO EN BOLSAS 14 KG;18;2,599999999998545;14;252
18;3;2023;2023-03-18;mreinero;Alta Producción de Hielo;241;C02 - Compresor 2 - 127;R01 - Rolitera 1;31991,31;31993,91;2,599999999998545;ROLITO EN BOLSAS 2 KG;165;2,599999999998545;2;330
18;3;2023;2023-03-18;mreinero;Alta Producción de Hielo;242;C04 - Compresor 4 - 127;R01 - Rolitera 1;1763,84;1773,62;9,779999999999973;ROLITO EN BOLSAS 14 KG;81;9,779999999999973;14;1134
18;3;2023;2023-03-18;mreinero;Alta Producción de Hielo;242;C04 - Compresor 4 - 127;R01 - Rolitera 1;1763,84;1773,62;9,779999999999973;ROLITO EN BOLSAS 2 KG;282;9,779999999999973;2;564
18;3;2023;2023-03-18;mreinero;Alta Producción de Hielo;242;C04 - Compresor 4 - 127;R01 - Rolitera 1;1763,84;1773,62;9,779999999999973;ROLITO EN BOLSAS 4 KG;30;9,779999999999973;4;120
18;3;2023;2023-03-18;mreinero;Alta Producción de Hielo;242;C04 - Compresor 4 - 127;R01 - Rolitera 1;1763,84;1773,62;9,779999999999973;ROLITO EN BOLSAS 7 KG;20;9,779999999999973;7;140
18;3;2023;2023-03-18;mreinero;Alta Producción de Hielo;243;C04 - Compresor 4 - 127;R02 - Rolitera 2;0,0;0,0;0,0;ROLITO EN BOLSAS 14 KG;52;0,0;14;728
18;3;2023;2023-03-18;mreinero;Alta Producción de Hielo;243;C04 - Compresor 4 - 127;R02 - Rolitera 2;0,0;0,0;0,0;ROLITO EN BOLSAS 2 KG;612;0,0;2;1224
18;3;2023;2023-03-18;mreinero;Alta Producción de Hielo;244;C04 - Compresor 4 - 127;R01 - Rolitera 1;1773,62;1775,17;1,550000000000182;ROLITO EN BOLSAS 14 KG;18;1,550000000000182;14;252
18;3;2023;2023-03-18;mreinero;Alta Producción de Hielo;245;C04 - Compresor 4 - 127;R02 - Rolitera 2;0,0;0,0;0,0;ROLITO EN BOLSAS 14 KG;22;0,0;14;308
19;3;2023;2023-03-19;mreinero;Alta Producción de Hielo;246;C02 - Compresor 2 - 127;R01 - Rolitera 1;31993,91;91995,39;60001,479999999996;ROLITO EN BOLSAS 2 KG;162;4,279999999998836;2;324
19;3;2023;2023-03-19;mreinero;Alta Producción de Hielo;247;C04 - Compresor 4 - 127;R01 - Rolitera 1;1775,17;1777,45;2,2799999999999727;ROLITO EN BOLSAS 2 KG;56;2,2799999999999727;2;112
19;3;2023;2023-03-19;mreinero;Alta Producción de Hielo;247;C04 - Compresor 4 - 127;R01 - Rolitera 1;1775,17;1777,45;2,2799999999999727;ROLITO EN BOLSAS 4 KG;35;2,2799999999999727;4;140
19;3;2023;2023-03-19;mreinero;Alta Producción de Hielo;247;C04 - Compresor 4 - 127;R01 - Rolitera 1;1775,17;1777,45;2,2799999999999727;ROLITO EN BOLSAS 7 KG;16;2,2799999999999727;7;112
19;3;2023;2023-03-19;mreinero;Alta Producción de Hielo;248;C04 - Compresor 4 - 127;R02 - Rolitera 2;0,0;0,0;0,0;ROLITO EN BOLSAS 14 KG;33;0,0;14;462
20;3;2023;2023-03-20;mreinero;Alta Producción de Hielo;249;C04 - Compresor 4 - 127;R01 - Rolitera 1;1777,45;1785,36;7,9099999999998545;ROLITO EN BOLSAS 14 KG;48;7,9099999999998545;14;672
20;3;2023;2023-03-20;mreinero;Alta Producción de Hielo;249;C04 - Compresor 4 - 127;R01 - Rolitera 1;1777,45;1785,36;7,9099999999998545;ROLITO EN BOLSAS 2 KG;374;7,9099999999998545;2;748
20;3;2023;2023-03-20;mreinero;Alta Producción de Hielo;250;C04 - Compresor 4 - 127;R02 - Rolitera 2;0,0;0,0;0,0;ROLITO EN BOLSAS 14 KG;73;0,0;14;1022
20;3;2023;2023-03-20;mreinero;Alta Producción de Hielo;250;C04 - Compresor 4 - 127;R02 - Rolitera 2;0,0;0,0;0,0;ROLITO EN BOLSAS 2 KG;346;0,0;2;692
20;3;2023;2023-03-20;mreinero;Alta Producción de Hielo;251;C02 - Compresor 2 - 127;R01 - Rolitera 1;32003,13;32006,39;3,2599999999983993;ROLITO EN BOLSAS 14 KG;29;3,2599999999983993;14;406
20;3;2023;2023-03-20;mreinero;Alta Producción de Hielo;251;C02 - Compresor 2 - 127;R01 - Rolitera 1;32003,13;32006,39;3,2599999999983993;ROLITO EN BOLSAS 2 KG;111;3,2599999999983993;2;222
20;3;2023;2023-03-20;mreinero;Alta Producción de Hielo;252;C02 - Compresor 2 - 127;R01 - Rolitera 1;31995,39;32003,13;7,740000000001601;ROLITO EN BOLSAS 14 KG;29;7,740000000001601;14;406
20;3;2023;2023-03-20;mreinero;Alta Producción de Hielo;252;C02 - Compresor 2 - 127;R01 - Rolitera 1;31995,39;32003,13;7,740000000001601;ROLITO EN BOLSAS 2 KG;480;7,740000000001601;2;960
21;3;2023;2023-03-21;mreinero;Alta Producción de Hielo;253;C02 - Compresor 2 - 127;R01 - Rolitera 1;32006,39;32012,34;5,950000000000728;ROLITO EN BOLSAS 2 KG;430;5,950000000000728;2;860
21;3;2023;2023-03-21;mreinero;Alta Producción de Hielo;253;C02 - Compresor 2 - 127;R01 - Rolitera 1;32006,39;32012,34;5,950000000000728;ROLITO EN BOLSAS 4 KG;33;5,950000000000728;4;132
21;3;2023;2023-03-21;mreinero;Alta Producción de Hielo;254;C04 - Compresor 4 - 127;R01 - Rolitera 1;1785,36;1789,06;3,7000000000000455;ROLITO EN BOLSAS 2 KG;330;3,7000000000000455;2;660
21;3;2023;2023-03-21;mreinero;Alta Producción de Hielo;255;C04 - Compresor 4 - 127;R02 - Rolitera 2;0,0;0,0;0,0;ROLITO EN BOLSAS 14 KG;48;0,0;14;672
21;3;2023;2023-03-21;mreinero;Alta Producción de Hielo;256;C04 - Compresor 4 - 127;R01 - Rolitera 1;1789,06;1790,76;1,7000000000000455;ROLITO EN BOLSAS 14 KG;18;1,7000000000000455;14;252
21;3;2023;2023-03-21;mreinero;Alta Producción de Hielo;256;C04 - Compresor 4 - 127;R01 - Rolitera 1;1789,06;1790,76;1,7000000000000455;ROLITO EN BOLSAS 2 KG;59;1,7000000000000455;2;118
21;3;2023;2023-03-21;mreinero;Alta Producción de Hielo;257;C04 - Compresor 4 - 127;R02 - Rolitera 2;0,0;0,0;0,0;ROLITO EN BOLSAS 14 KG;24;0,0;14;336
21;3;2023;2023-03-21;mreinero;Alta Producción de Hielo;258;C02 - Compresor 2 - 127;R01 - Rolitera 1;32012,34;32014,05;1,7099999999991269;ROLITO EN BOLSAS 2 KG;168;1,7099999999991269;2;336
21;3;2023;2023-03-21;mreinero;Alta Producción de Hielo;259;C02 - Compresor 2 - 127;R01 - Rolitera 1;32014,05;32020,22;6,170000000001892;ROLITO EN BOLSAS 14 KG;56;6,170000000001892;14;784
21;3;2023;2023-03-21;mreinero;Alta Producción de Hielo;259;C02 - Compresor 2 - 127;R01 - Rolitera 1;32014,05;32020,22;6,170000000001892;ROLITO EN BOLSAS 2 KG;177;6,170000000001892;2;354
21;3;2023;2023-03-21;mreinero;Alta Producción de Hielo;259;C02 - Compresor 2 - 127;R01 - Rolitera 1;32014,05;32020,22;6,170000000001892;ROLITO EN BOLSAS 4 KG;2;6,170000000001892;4;8
22;3;2023;2023-03-22;mreinero;Alta Producción de Hielo;260;C02 - Compresor 2 - 127;R01 - Rolitera 1;32020,22;32026,13;5,9099999999998545;ROLITO EN BOLSAS 2 KG;488;5,9099999999998545;2;976
22;3;2023;2023-03-22;mreinero;Alta Producción de Hielo;261;C02 - Compresor 2 - 127;R01 - Rolitera 1;32026,13;32028,13;2,0;ROLITO EN BOLSAS 14 KG;9;2,0;14;126
22;3;2023;2023-03-22;mreinero;Alta Producción de Hielo;261;C02 - Compresor 2 - 127;R01 - Rolitera 1;32026,13;32028,13;2,0;ROLITO EN BOLSAS 2 KG;172;2,0;2;344
22;3;2023;2023-03-22;mreinero;Alta Producción de Hielo;262;C04 - Compresor 4 - 127;R01 - Rolitera 1;1790,76;1800,51;9,75;ROLITO EN BOLSAS 14 KG;18;9,75;14;252
22;3;2023;2023-03-22;mreinero;Alta Producción de Hielo;262;C04 - Compresor 4 - 127;R01 - Rolitera 1;1790,76;1800,51;9,75;ROLITO EN BOLSAS 2 KG;678;9,75;2;1356
22;3;2023;2023-03-22;mreinero;Alta Producción de Hielo;262;C04 - Compresor 4 - 127;R01 - Rolitera 1;1790,76;1800,51;9,75;ROLITO EN BOLSAS 4 KG;30;9,75;4;120
22;3;2023;2023-03-22;mreinero;Alta Producción de Hielo;263;C04 - Compresor 4 - 127;R02 - Rolitera 2;0,0;0,0;0,0;ROLITO EN BOLSAS 14 KG;123;0,0;14;1722
22;3;2023;2023-03-22;mreinero;Alta Producción de Hielo;263;C04 - Compresor 4 - 127;R02 - Rolitera 2;0,0;0,0;0,0;ROLITO EN BOLSAS 2 KG;287;0,0;2;574
22;3;2023;2023-03-22;mreinero;Alta Producción de Hielo;263;C04 - Compresor 4 - 127;R02 - Rolitera 2;0,0;0,0;0,0;ROLITO EN BOLSAS 7 KG;7;0,0;7;49
23;3;2023;2023-03-23;mreinero;Alta Producción de Hielo;264;C02 - Compresor 2 - 127;R01 - Rolitera 1;32028,13;32033,35;5,219999999997526;ROLITO EN BOLSAS 14 KG;7;5,219999999997526;14;98
23;3;2023;2023-03-23;mreinero;Alta Producción de Hielo;264;C02 - Compresor 2 - 127;R01 - Rolitera 1;32028,13;32033,35;5,219999999997526;ROLITO EN BOLSAS 2 KG;399;5,219999999997526;2;798
23;3;2023;2023-03-23;mreinero;Alta Producción de Hielo;264;C02 - Compresor 2 - 127;R01 - Rolitera 1;32028,13;32033,35;5,219999999997526;ROLITO EN BOLSAS 7 KG;17;5,219999999997526;7;119
24;3;2023;2023-03-24;mreinero;Alta Producción de Hielo;265;C02 - Compresor 2 - 127;R01 - Rolitera 1;32036,08;32043,88;7,799999999999272;ROLITO EN BOLSAS 14 KG;20;7,799999999999272;14;280
24;3;2023;2023-03-24;mreinero;Alta Producción de Hielo;265;C02 - Compresor 2 - 127;R01 - Rolitera 1;32036,08;32043,88;7,799999999999272;ROLITO EN BOLSAS 2 KG;564;7,799999999999272;2;1128
24;3;2023;2023-03-24;mreinero;Alta Producción de Hielo;266;C02 - Compresor 2 - 127;R01 - Rolitera 1;32033,35;32036,08;2,7300000000032014;ROLITO EN BOLSAS 2 KG;215;2,7300000000032014;2;430
25;3;2023;2023-03-25;mreinero;Alta Producción de Hielo;267;C02 - Compresor 2 - 127;R01 - Rolitera 1;32043,88;32052,23;8,349999999998545;ROLITO EN BOLSAS 14 KG;79;8,349999999998545;14;1106
25;3;2023;2023-03-25;mreinero;Alta Producción de Hielo;267;C02 - Compresor 2 - 127;R01 - Rolitera 1;32043,88;32052,23;8,349999999998545;ROLITO EN BOLSAS 2 KG;201;8,349999999998545;2;402
25;3;2023;2023-03-25;mreinero;Alta Producción de Hielo;268;C02 - Compresor 2 - 127;R01 - Rolitera 1;32052,23;32054,88;2,650000000001455;ROLITO EN BOLSAS 14 KG;17;2,650000000001455;14;238
25;3;2023;2023-03-25;mreinero;Alta Producción de Hielo;268;C02 - Compresor 2 - 127;R01 - Rolitera 1;32052,23;32054,88;2,650000000001455;ROLITO EN BOLSAS 2 KG;108;2,650000000001455;2;216
26;3;2023;2023-03-26;mreinero;Alta Producción de Hielo;269;C02 - Compresor 2 - 127;R01 - Rolitera 1;32054,88;32058,11;3,2299999999995634;ROLITO EN BOLSAS 14 KG;8;3,2299999999995634;14;112
26;3;2023;2023-03-26;mreinero;Alta Producción de Hielo;269;C02 - Compresor 2 - 127;R01 - Rolitera 1;32054,88;32058,11;3,2299999999995634;ROLITO EN BOLSAS 2 KG;224;3,2299999999995634;2;448
27;3;2023;2023-03-27;mreinero;Alta Producción de Hielo;270;C02 - Compresor 2 - 127;R01 - Rolitera 1;32058,11;32065,4;7,290000000000873;ROLITO EN BOLSAS 14 KG;17;7,290000000000873;14;238
27;3;2023;2023-03-27;mreinero;Alta Producción de Hielo;270;C02 - Compresor 2 - 127;R01 - Rolitera 1;32058,11;32065,4;7,290000000000873;ROLITO EN BOLSAS 2 KG;496;7,290000000000873;2;992
28;3;2023;2023-03-28;mreinero;Alta Producción de Hielo;271;C02 - Compresor 2 - 127;R01 - Rolitera 1;32065,4;32066,15;0,75;ROLITO EN BOLSAS 14 KG;9;0,75;14;126
28;3;2023;2023-03-28;mreinero;Alta Producción de Hielo;272;C02 - Compresor 2 - 127;R01 - Rolitera 1;32066,15;32068,87;2,719999999997526;ROLITO EN BOLSAS 2 KG;296;2,719999999997526;2;592
28;3;2023;2023-03-28;mreinero;Alta Producción de Hielo;273;C04 - Compresor 4 - 127;R01 - Rolitera 1;1800,83;1808,18;7,350000000000136;ROLITO EN BOLSAS 14 KG;39;7,350000000000136;14;546
28;3;2023;2023-03-28;mreinero;Alta Producción de Hielo;273;C04 - Compresor 4 - 127;R01 - Rolitera 1;1800,83;1808,18;7,350000000000136;ROLITO EN BOLSAS 2 KG;467;7,350000000000136;2;934
28;3;2023;2023-03-28;mreinero;Alta Producción de Hielo;274;C04 - Compresor 4 - 127;R02 - Rolitera 2;0,0;0,0;0,0;ROLITO EN BOLSAS 14 KG;16;0,0;14;224
28;3;2023;2023-03-28;mreinero;Alta Producción de Hielo;274;C04 - Compresor 4 - 127;R02 - Rolitera 2;0,0;0,0;0,0;ROLITO EN BOLSAS 2 KG;647;0,0;2;1294
29;3;2023;2023-03-29;mreinero;Alta Producción de Hielo;275;C04 - Compresor 4 - 127;R01 - Rolitera 1;1808,18;1815,3;7,119999999999891;ROLITO EN BOLSAS 14 KG;77;7,119999999999891;14;1078
29;3;2023;2023-03-29;mreinero;Alta Producción de Hielo;275;C04 - Compresor 4 - 127;R01 - Rolitera 1;1808,18;1815,3;7,119999999999891;ROLITO EN BOLSAS 2 KG;116;7,119999999999891;2;232
29;3;2023;2023-03-29;mreinero;Alta Producción de Hielo;275;C04 - Compresor 4 - 127;R01 - Rolitera 1;1808,18;1815,3;7,119999999999891;ROLITO EN BOLSAS 4 KG;29;7,119999999999891;4;116
29;3;2023;2023-03-29;mreinero;Alta Producción de Hielo;275;C04 - Compresor 4 - 127;R01 - Rolitera 1;1808,18;1815,3;7,119999999999891;ROLITO EN BOLSAS 7 KG;15;7,119999999999891;7;105
29;3;2023;2023-03-29;mreinero;Alta Producción de Hielo;276;C04 - Compresor 4 - 127;R02 - Rolitera 2;0,0;0,0;0,0;ROLITO EN BOLSAS 14 KG;21;0,0;14;294
29;3;2023;2023-03-29;mreinero;Alta Producción de Hielo;276;C04 - Compresor 4 - 127;R02 - Rolitera 2;0,0;0,0;0,0;ROLITO EN BOLSAS 2 KG;658;0,0;2;1316
29;3;2023;2023-03-29;mreinero;Alta Producción de Hielo;277;C02 - Compresor 2 - 127;R01 - Rolitera 1;32068,87;32072,55;3,680000000000291;ROLITO EN BOLSAS 2 KG;357;3,680000000000291;2;714
30;3;2023;2023-03-30;mreinero;Alta Producción de Hielo;278;C04 - Compresor 4 - 127;R01 - Rolitera 1;1815,3;1822,87;7,569999999999936;ROLITO EN BOLSAS 14 KG;106;7,569999999999936;14;1484
30;3;2023;2023-03-30;mreinero;Alta Producción de Hielo;279;C04 - Compresor 4 - 127;R02 - Rolitera 2;0,0;0,0;0,0;ROLITO EN BOLSAS 14 KG;22;0,0;14;308
30;3;2023;2023-03-30;mreinero;Alta Producción de Hielo;279;C04 - Compresor 4 - 127;R02 - Rolitera 2;0,0;0,0;0,0;ROLITO EN BOLSAS 2 KG;575;0,0;2;1150
30;3;2023;2023-03-30;mreinero;Alta Producción de Hielo;280;C02 - Compresor 2 - 127;R01 - Rolitera 1;32072,55;32075,45;2,900000000001455;ROLITO EN BOLSAS 14 KG;46;2,900000000001455;14;644
31;3;2023;2023-03-31;mreinero;Alta Producción de Hielo;281;C04 - Compresor 4 - 127;R01 - Rolitera 1;1822,87;1831,51;8,6400000000001;ROLITO EN BOLSAS 14 KG;84;8,6400000000001;14;1176
31;3;2023;2023-03-31;mreinero;Alta Producción de Hielo;281;C04 - Compresor 4 - 127;R01 - Rolitera 1;1822,87;1831,51;8,6400000000001;ROLITO EN BOLSAS 2 KG;342;8,6400000000001;2;684
31;3;2023;2023-03-31;mreinero;Alta Producción de Hielo;282;C04 - Compresor 4 - 127;R02 - Rolitera 2;0,0;0,0;0,0;ROLITO EN BOLSAS 14 KG;27;0,0;14;378
31;3;2023;2023-03-31;mreinero;Alta Producción de Hielo;282;C04 - Compresor 4 - 127;R02 - Rolitera 2;0,0;0,0;0,0;ROLITO EN BOLSAS 2 KG;703;0,0;2;1406
31;3;2023;2023-03-31;mreinero;Alta Producción de Hielo;283;C02 - Compresor 2 - 127;R01 - Rolitera 1;32075,45;32078,48;3,029999999998836;ROLITO EN BOLSAS 14 KG;46;3,029999999998836;14;644
1;4;2023;2023-04-01;mreinero;Alta Producción de Hielo;284;C02 - Compresor 2 - 127;R01 - Rolitera 1;32078,48;32083,21;4,729999999999563;ROLITO EN BOLSAS 14 KG;47;4,729999999999563;14;658
1;4;2023;2023-04-01;mreinero;Alta Producción de Hielo;284;C02 - Compresor 2 - 127;R01 - Rolitera 1;32078,48;32083,21;4,729999999999563;ROLITO EN BOLSAS 2 KG;177;4,729999999999563;2;354
1;4;2023;2023-04-01;mreinero;Alta Producción de Hielo;285;C04 - Compresor 4 - 127;R01 - Rolitera 1;1831,51;1834,84;3,3299999999999272;ROLITO EN BOLSAS 14 KG;55;3,3299999999999272;14;770
1;4;2023;2023-04-01;mreinero;Alta Producción de Hielo;286;C04 - Compresor 4 - 127;R02 - Rolitera 2;0,0;0,0;0,0;ROLITO EN BOLSAS 14 KG;8;0,0;14;112
1;4;2023;2023-04-01;mreinero;Alta Producción de Hielo;286;C04 - Compresor 4 - 127;R02 - Rolitera 2;0,0;0,0;0,0;ROLITO EN BOLSAS 2 KG;280;0,0;2;560
3;4;2023;2023-04-03;mreinero;Alta Producción de Hielo;287;C02 - Compresor 2 - 127;R01 - Rolitera 1;32083,21;32094,35;11,139999999999418;ROLITO EN BOLSAS 14 KG;7;11,139999999999418;14;98
3;4;2023;2023-04-03;mreinero;Alta Producción de Hielo;287;C02 - Compresor 2 - 127;R01 - Rolitera 1;32083,21;32094,35;11,139999999999418;ROLITO EN BOLSAS 2 KG;991;11,139999999999418;2;1982
3;4;2023;2023-04-03;mreinero;Alta Producción de Hielo;287;C02 - Compresor 2 - 127;R01 - Rolitera 1;32083,21;32094,35;11,139999999999418;ROLITO EN BOLSAS 7 KG;17;11,139999999999418;7;119
4;4;2023;2023-04-04;mreinero;Alta Producción de Hielo;288;C02 - Compresor 2 - 127;R01 - Rolitera 1;32094,35;32105,59;11,2400000000016;ROLITO EN BOLSAS 14 KG;28;11,2400000000016;14;392
4;4;2023;2023-04-04;mreinero;Alta Producción de Hielo;288;C02 - Compresor 2 - 127;R01 - Rolitera 1;32094,35;32105,59;11,2400000000016;ROLITO EN BOLSAS 2 KG;922;11,2400000000016;2;1844
5;4;2023;2023-04-05;mreinero;Alta Producción de Hielo;289;C02 - Compresor 2 - 127;R01 - Rolitera 1;32105,59;32117,0;11,409999999999854;ROLITO EN BOLSAS 14 KG;83;11,409999999999854;14;1162
5;4;2023;2023-04-05;mreinero;Alta Producción de Hielo;289;C02 - Compresor 2 - 127;R01 - Rolitera 1;32105,59;32117,0;11,409999999999854;ROLITO EN BOLSAS 2 KG;454;11,409999999999854;2;908
5;4;2023;2023-04-05;mreinero;Alta Producción de Hielo;289;C02 - Compresor 2 - 127;R01 - Rolitera 1;32105,59;32117,0;11,409999999999854;ROLITO EN BOLSAS 4 KG;31;11,409999999999854;4;124
5;4;2023;2023-04-05;mreinero;Alta Producción de Hielo;289;C02 - Compresor 2 - 127;R01 - Rolitera 1;32105,59;32117,0;11,409999999999854;ROLITO EN BOLSAS 7 KG;14;11,409999999999854;7;98
6;4;2023;2023-04-06;mreinero;Alta Producción de Hielo;290;C02 - Compresor 2 - 127;R01 - Rolitera 1;32117,0;32128,0;11,0;ROLITO EN BOLSAS 14 KG;102;11,0;14;1428
6;4;2023;2023-04-06;mreinero;Alta Producción de Hielo;290;C02 - Compresor 2 - 127;R01 - Rolitera 1;32117,0;32128,0;11,0;ROLITO EN BOLSAS 2 KG;397;11,0;2;794
6;4;2023;2023-04-06;mreinero;Alta Producción de Hielo;290;C02 - Compresor 2 - 127;R01 - Rolitera 1;32117,0;32128,0;11,0;ROLITO EN BOLSAS 7 KG;2;11,0;7;14
8;4;2023;2023-04-08;mreinero;Alta Producción de Hielo;291;C02 - Compresor 2 - 127;R01 - Rolitera 1;32128,0;32136,64;8,639999999999418;ROLITO EN BOLSAS 14 KG;138;8,639999999999418;14;1932
8;4;2023;2023-04-08;mreinero;Alta Producción de Hielo;292;C04 - Compresor 4 - 127;R01 - Rolitera 1;1834,84;1836,39;1,550000000000182;ROLITO EN BOLSAS 14 KG;28;1,550000000000182;14;392
10;4;2023;2023-04-10;mreinero;Alta Producción de Hielo;293;C04 - Compresor 4 - 127;R01 - Rolitera 1;1836,39;1840,07;3,6799999999998363;ROLITO EN BOLSAS 14 KG;64;3,6799999999998363;14;896
10;4;2023;2023-04-10;mreinero;Alta Producción de Hielo;293;C04 - Compresor 4 - 127;R01 - Rolitera 1;1836,39;1840,07;3,6799999999998363;ROLITO EN BOLSAS 7 KG;1;3,6799999999998363;7;7
10;4;2023;2023-04-10;mreinero;Alta Producción de Hielo;294;C04 - Compresor 4 - 127;R02 - Rolitera 2;0,0;0,0;0,0;ROLITO EN BOLSAS 2 KG;183;0,0;2;366
10;4;2023;2023-04-10;mreinero;Alta Producción de Hielo;294;C04 - Compresor 4 - 127;R02 - Rolitera 2;0,0;0,0;0,0;ROLITO EN BOLSAS 4 KG;45;0,0;4;180
10;4;2023;2023-04-10;mreinero;Alta Producción de Hielo;295;C02 - Compresor 2 - 127;R01 - Rolitera 1;32136,64;32144,05;7,4099999999998545;ROLITO EN BOLSAS 14 KG;109;7,4099999999998545;14;1526
10;4;2023;2023-04-10;mreinero;Alta Producción de Hielo;295;C02 - Compresor 2 - 127;R01 - Rolitera 1;32136,64;32144,05;7,4099999999998545;ROLITO EN BOLSAS 4 KG;1;7,4099999999998545;4;4
11;4;2023;2023-04-11;mreinero;Alta Producción de Hielo;296;C04 - Compresor 4 - 127;R01 - Rolitera 1;1840,07;1850,52;10,450000000000045;ROLITO EN BOLSAS 14 KG;109;10,450000000000045;14;1526
11;4;2023;2023-04-11;mreinero;Alta Producción de Hielo;296;C04 - Compresor 4 - 127;R01 - Rolitera 1;1840,07;1850,52;10,450000000000045;ROLITO EN BOLSAS 2 KG;342;10,450000000000045;2;684
11;4;2023;2023-04-11;mreinero;Alta Producción de Hielo;296;C04 - Compresor 4 - 127;R01 - Rolitera 1;1840,07;1850,52;10,450000000000045;ROLITO EN BOLSAS 7 KG;32;10,450000000000045;7;224
11;4;2023;2023-04-11;mreinero;Alta Producción de Hielo;297;C04 - Compresor 4 - 127;R02 - Rolitera 2;0,0;0,0;0,0;ROLITO EN BOLSAS 14 KG;11;0,0;14;154
11;4;2023;2023-04-11;mreinero;Alta Producción de Hielo;297;C04 - Compresor 4 - 127;R02 - Rolitera 2;0,0;0,0;0,0;ROLITO EN BOLSAS 2 KG;198;0,0;2;396
12;4;2023;2023-04-12;mreinero;Alta Producción de Hielo;298;C02 - Compresor 2 - 127;R01 - Rolitera 1;32144,05;32155,02;10,970000000001164;ROLITO EN BOLSAS 14 KG;65;10,970000000001164;14;910
12;4;2023;2023-04-12;mreinero;Alta Producción de Hielo;298;C02 - Compresor 2 - 127;R01 - Rolitera 1;32144,05;32155,02;10,970000000001164;ROLITO EN BOLSAS 2 KG;631;10,970000000001164;2;1262
13;4;2023;2023-04-13;mreinero;Alta Producción de Hielo;299;C02 - Compresor 2 - 127;R01 - Rolitera 1;32155,02;32166,06;11,040000000000873;ROLITO EN BOLSAS 14 KG;81;11,040000000000873;14;1134
13;4;2023;2023-04-13;mreinero;Alta Producción de Hielo;299;C02 - Compresor 2 - 127;R01 - Rolitera 1;32155,02;32166,06;11,040000000000873;ROLITO EN BOLSAS 2 KG;587;11,040000000000873;2;1174
13;4;2023;2023-04-13;mreinero;Alta Producción de Hielo;299;C02 - Compresor 2 - 127;R01 - Rolitera 1;32155,02;32166,06;11,040000000000873;ROLITO EN BOLSAS 7 KG;1;11,040000000000873;7;7
14;4;2023;2023-04-14;mreinero;Alta Producción de Hielo;300;C02 - Compresor 2 - 127;R01 - Rolitera 1;32166,06;32177,05;10,989999999997963;ROLITO EN BOLSAS 14 KG;104;10,989999999997963;14;1456
14;4;2023;2023-04-14;mreinero;Alta Producción de Hielo;300;C02 - Compresor 2 - 127;R01 - Rolitera 1;32166,06;32177,05;10,989999999997963;ROLITO EN BOLSAS 2 KG;476;10,989999999997963;2;952
15;4;2023;2023-04-15;mreinero;Alta Producción de Hielo;301;C02 - Compresor 2 - 127;R01 - Rolitera 1;32177,05;32181,19;4,139999999999418;ROLITO EN BOLSAS 14 KG;28;4,139999999999418;14;392
15;4;2023;2023-04-15;mreinero;Alta Producción de Hielo;301;C02 - Compresor 2 - 127;R01 - Rolitera 1;32177,05;32181,19;4,139999999999418;ROLITO EN BOLSAS 2 KG;233;4,139999999999418;2;466
15;4;2023;2023-04-15;mreinero;Alta Producción de Hielo;302;C02 - Compresor 2 - 127;R01 - Rolitera 1;32181,19;32183,51;2,319999999999709;ROLITO EN BOLSAS 14 KG;37;2,319999999999709;14;518
17;4;2023;2023-04-17;mreinero;Alta Producción de Hielo;303;C02 - Compresor 2 - 127;R01 - Rolitera 1;32183,53;32184,36;0,8300000000017462;ROLITO EN BOLSAS 14 KG;9;0,8300000000017462;14;126
17;4;2023;2023-04-17;mreinero;Alta Producción de Hielo;304;C02 - Compresor 2 - 127;R01 - Rolitera 1;32184,36;32192,06;7,700000000000728;ROLITO EN BOLSAS 14 KG;67;7,700000000000728;14;938
17;4;2023;2023-04-17;mreinero;Alta Producción de Hielo;304;C02 - Compresor 2 - 127;R01 - Rolitera 1;32184,36;32192,06;7,700000000000728;ROLITO EN BOLSAS 2 KG;351;7,700000000000728;2;702
17;4;2023;2023-04-17;mreinero;Alta Producción de Hielo;305;C04 - Compresor 4 - 127;R01 - Rolitera 1;1850,52;1853,23;2,7100000000000364;ROLITO EN BOLSAS 14 KG;38;2,7100000000000364;14;532
17;4;2023;2023-04-17;mreinero;Alta Producción de Hielo;306;C04 - Compresor 4 - 127;R02 - Rolitera 2;0,0;0,0;0,0;ROLITO EN BOLSAS 14 KG;11;0,0;14;154
17;4;2023;2023-04-17;mreinero;Alta Producción de Hielo;306;C04 - Compresor 4 - 127;R02 - Rolitera 2;0,0;0,0;0,0;ROLITO EN BOLSAS 2 KG;214;0,0;2;428
18;4;2023;2023-04-18;mreinero;Alta Producción de Hielo;307;C02 - Compresor 2 - 127;R01 - Rolitera 1;32192,06;32203,1;11,039999999997235;ROLITO EN BOLSAS 14 KG;76;11,039999999997235;14;1064
18;4;2023;2023-04-18;mreinero;Alta Producción de Hielo;307;C02 - Compresor 2 - 127;R01 - Rolitera 1;32192,06;32203,1;11,039999999997235;ROLITO EN BOLSAS 2 KG;646;11,039999999997235;2;1292
19;4;2023;2023-04-19;mreinero;Alta Producción de Hielo;308;C04 - Compresor 4 - 127;R01 - Rolitera 1;1853,23;1856,39;3,160000000000082;ROLITO EN BOLSAS 14 KG;36;3,160000000000082;14;504
19;4;2023;2023-04-19;mreinero;Alta Producción de Hielo;308;C04 - Compresor 4 - 127;R01 - Rolitera 1;1853,23;1856,39;3,160000000000082;ROLITO EN BOLSAS 2 KG;119;3,160000000000082;2;238
19;4;2023;2023-04-19;mreinero;Alta Producción de Hielo;308;C04 - Compresor 4 - 127;R01 - Rolitera 1;1853,23;1856,39;3,160000000000082;ROLITO EN BOLSAS 7 KG;1;3,160000000000082;7;7
19;4;2023;2023-04-19;mreinero;Alta Producción de Hielo;309;C04 - Compresor 4 - 127;R02 - Rolitera 2;0,0;0,0;0,0;ROLITO EN BOLSAS 2 KG;150;0,0;2;300
19;4;2023;2023-04-19;mreinero;Alta Producción de Hielo;310;C02 - Compresor 2 - 127;R01 - Rolitera 1;32203,1;32210,2;7,100000000002183;ROLITO EN BOLSAS 14 KG;42;7,100000000002183;14;588
19;4;2023;2023-04-19;mreinero;Alta Producción de Hielo;310;C02 - Compresor 2 - 127;R01 - Rolitera 1;32203,1;32210,2;7,100000000002183;ROLITO EN BOLSAS 2 KG;356;7,100000000002183;2;712
19;4;2023;2023-04-19;mreinero;Alta Producción de Hielo;310;C02 - Compresor 2 - 127;R01 - Rolitera 1;32203,1;32210,2;7,100000000002183;ROLITO EN BOLSAS 4 KG;32;7,100000000002183;4;128
19;4;2023;2023-04-19;mreinero;Alta Producción de Hielo;310;C02 - Compresor 2 - 127;R01 - Rolitera 1;32203,1;32210,2;7,100000000002183;ROLITO EN BOLSAS 7 KG;17;7,100000000002183;7;119
20;4;2023;2023-04-20;mreinero;Alta Producción de Hielo;311;C04 - Compresor 4 - 127;R01 - Rolitera 1;1856,39;1857,87;1,4799999999997908;ROLITO EN BOLSAS 14 KG;37;1,4799999999997908;14;518
20;4;2023;2023-04-20;mreinero;Alta Producción de Hielo;312;C04 - Compresor 4 - 127;R02 - Rolitera 2;0,0;0,0;0,0;ROLITO EN BOLSAS 14 KG;11;0,0;14;154
20;4;2023;2023-04-20;mreinero;Alta Producción de Hielo;313;C02 - Compresor 2 - 127;R01 - Rolitera 1;32210,2;32215,51;5,309999999997672;ROLITO EN BOLSAS 2 KG;542;5,309999999997672;2;1084
20;4;2023;2023-04-20;mreinero;Alta Producción de Hielo;314;C02 - Compresor 2 - 127;R01 - Rolitera 1;32215,51;32219,91;4,400000000001455;ROLITO EN BOLSAS 14 KG;56;4,400000000001455;14;784
20;4;2023;2023-04-20;mreinero;Alta Producción de Hielo;314;C02 - Compresor 2 - 127;R01 - Rolitera 1;32215,51;32219,91;4,400000000001455;ROLITO EN BOLSAS 4 KG;33;4,400000000001455;4;132
21;4;2023;2023-04-21;mreinero;Alta Producción de Hielo;315;C02 - Compresor 2 - 127;R01 - Rolitera 1;32219,91;32230,66;10,75;ROLITO EN BOLSAS 14 KG;66;10,75;14;924
21;4;2023;2023-04-21;mreinero;Alta Producción de Hielo;315;C02 - Compresor 2 - 127;R01 - Rolitera 1;32219,91;32230,66;10,75;ROLITO EN BOLSAS 2 KG;726;10,75;2;1452
22;4;2023;2023-04-22;mreinero;Alta Producción de Hielo;316;C02 - Compresor 2 - 127;R01 - Rolitera 1;32230,66;32234,77;4,110000000000582;ROLITO EN BOLSAS 14 KG;16;4,110000000000582;14;224
22;4;2023;2023-04-22;mreinero;Alta Producción de Hielo;316;C02 - Compresor 2 - 127;R01 - Rolitera 1;32230,66;32234,77;4,110000000000582;ROLITO EN BOLSAS 2 KG;230;4,110000000000582;2;460
22;4;2023;2023-04-22;mreinero;Alta Producción de Hielo;317;C02 - Compresor 2 - 127;R01 - Rolitera 1;32234,77;32237,67;2,899999999997817;ROLITO EN BOLSAS 14 KG;48;2,899999999997817;14;672
24;4;2023;2023-04-24;mreinero;Alta Producción de Hielo;318;C02 - Compresor 2 - 127;R01 - Rolitera 1;32237,67;32243,02;5,350000000002183;ROLITO EN BOLSAS 14 KG;38;5,350000000002183;14;532
24;4;2023;2023-04-24;mreinero;Alta Producción de Hielo;318;C02 - Compresor 2 - 127;R01 - Rolitera 1;32237,67;32243,02;5,350000000002183;ROLITO EN BOLSAS 2 KG;301;5,350000000002183;2;602
24;4;2023;2023-04-24;mreinero;Alta Producción de Hielo;319;C02 - Compresor 2 - 127;R01 - Rolitera 1;32243,02;32248,6;5,579999999998108;ROLITO EN BOLSAS 14 KG;81;5,579999999998108;14;1134
25;4;2023;2023-04-25;mreinero;Alta Producción de Hielo;320;C04 - Compresor 4 - 127;R01 - Rolitera 1;1857,87;1859,23;1,3600000000001273;ROLITO EN BOLSAS 14 KG;20;1,3600000000001273;14;280
25;4;2023;2023-04-25;mreinero;Alta Producción de Hielo;321;C04 - Compresor 4 - 127;R02 - Rolitera 2;0,0;0,0;0,0;ROLITO EN BOLSAS 14 KG;11;0,0;14;154
25;4;2023;2023-04-25;mreinero;Alta Producción de Hielo;321;C04 - Compresor 4 - 127;R02 - Rolitera 2;0,0;0,0;0,0;ROLITO EN BOLSAS 2 KG;73;0,0;2;146
25;4;2023;2023-04-25;mreinero;Alta Producción de Hielo;322;C02 - Compresor 2 - 127;R01 - Rolitera 1;32248,6;32254,52;5,920000000001892;ROLITO EN BOLSAS 14 KG;10;5,920000000001892;14;140
25;4;2023;2023-04-25;mreinero;Alta Producción de Hielo;322;C02 - Compresor 2 - 127;R01 - Rolitera 1;32248,6;32254,52;5,920000000001892;ROLITO EN BOLSAS 2 KG;560;5,920000000001892;2;1120
25;4;2023;2023-04-25;mreinero;Alta Producción de Hielo;323;C02 - Compresor 2 - 127;R01 - Rolitera 1;32254,52;32258,23;3,709999999999127;ROLITO EN BOLSAS 14 KG;66;3,709999999999127;14;924
26;4;2023;2023-04-26;mreinero;Alta Producción de Hielo;324;C04 - Compresor 4 - 127;R01 - Rolitera 1;1859,23;1865,5;6,269999999999982;ROLITO EN BOLSAS 14 KG;56;6,269999999999982;14;784
26;4;2023;2023-04-26;mreinero;Alta Producción de Hielo;324;C04 - Compresor 4 - 127;R01 - Rolitera 1;1859,23;1865,5;6,269999999999982;ROLITO EN BOLSAS 2 KG;294;6,269999999999982;2;588
26;4;2023;2023-04-26;mreinero;Alta Producción de Hielo;325;C04 - Compresor 4 - 127;R02 - Rolitera 2;0,0;0,0;0,0;ROLITO EN BOLSAS 14 KG;24;0,0;14;336
26;4;2023;2023-04-26;mreinero;Alta Producción de Hielo;325;C04 - Compresor 4 - 127;R02 - Rolitera 2;0,0;0,0;0,0;ROLITO EN BOLSAS 2 KG;437;0,0;2;874
26;4;2023;2023-04-26;mreinero;Alta Producción de Hielo;325;C04 - Compresor 4 - 127;R02 - Rolitera 2;0,0;0,0;0,0;ROLITO EN BOLSAS 4 KG;39;0,0;4;156
26;4;2023;2023-04-26;mreinero;Alta Producción de Hielo;326;C02 - Compresor 2 - 127;R01 - Rolitera 1;32258,23;32262,88;4,650000000001455;ROLITO EN BOLSAS 14 KG;37;4,650000000001455;14;518
26;4;2023;2023-04-26;mreinero;Alta Producción de Hielo;326;C02 - Compresor 2 - 127;R01 - Rolitera 1;32258,23;32262,88;4,650000000001455;ROLITO EN BOLSAS 2 KG;234;4,650000000001455;2;468
27;4;2023;2023-04-27;mreinero;Alta Producción de Hielo;327;C02 - Compresor 2 - 127;R01 - Rolitera 1;32262,88;32272,22;9,340000000000146;ROLITO EN BOLSAS 14 KG;78;9,340000000000146;14;1092
27;4;2023;2023-04-27;mreinero;Alta Producción de Hielo;327;C02 - Compresor 2 - 127;R01 - Rolitera 1;32262,88;32272,22;9,340000000000146;ROLITO EN BOLSAS 2 KG;354;9,340000000000146;2;708
27;4;2023;2023-04-27;mreinero;Alta Producción de Hielo;327;C02 - Compresor 2 - 127;R01 - Rolitera 1;32262,88;32272,22;9,340000000000146;ROLITO EN BOLSAS 7 KG;23;9,340000000000146;7;161
28;4;2023;2023-04-28;mreinero;Alta Producción de Hielo;328;C02 - Compresor 2 - 127;R01 - Rolitera 1;32272,22;32276,12;3,899999999997817;ROLITO EN BOLSAS 14 KG;30;3,899999999997817;14;420
28;4;2023;2023-04-28;mreinero;Alta Producción de Hielo;328;C02 - Compresor 2 - 127;R01 - Rolitera 1;32272,22;32276,12;3,899999999997817;ROLITO EN BOLSAS 2 KG;174;3,899999999997817;2;348
28;4;2023;2023-04-28;mreinero;Alta Producción de Hielo;329;C02 - Compresor 2 - 127;R01 - Rolitera 1;32276,12;32278,45;2,3300000000017462;ROLITO EN BOLSAS 14 KG;37;2,3300000000017462;14;518
29;4;2023;2023-04-29;mreinero;Alta Producción de Hielo;330;C02 - Compresor 2 - 127;R01 - Rolitera 1;32278,45;32280,06;1,610000000000582;ROLITO EN BOLSAS 14 KG;21;1,610000000000582;14;294
29;4;2023;2023-04-29;mreinero;Alta Producción de Hielo;331;C02 - Compresor 2 - 127;R01 - Rolitera 1;32280,06;32282,51;2,4499999999970896;ROLITO EN BOLSAS 14 KG;36;2,4499999999970896;14;504
29;4;2023;2023-04-29;mreinero;Alta Producción de Hielo;331;C02 - Compresor 2 - 127;R01 - Rolitera 1;32280,06;32282,51;2,4499999999970896;ROLITO EN BOLSAS 7 KG;18;2,4499999999970896;7;126
2;5;2023;2023-05-02;mreinero;Alta Producción de Hielo;332;C02 - Compresor 2 - 127;R01 - Rolitera 1;32282,51;32290,15;7,640000000003056;ROLITO EN BOLSAS 14 KG;76;7,640000000003056;14;1064
2;5;2023;2023-05-02;mreinero;Alta Producción de Hielo;332;C02 - Compresor 2 - 127;R01 - Rolitera 1;32282,51;32290,15;7,640000000003056;ROLITO EN BOLSAS 2 KG;294;7,640000000003056;2;588
3;5;2023;2023-05-03;mreinero;Alta Producción de Hielo;333;C04 - Compresor 4 - 127;R01 - Rolitera 1;1865,5;1868,87;3,369999999999891;ROLITO EN BOLSAS 14 KG;25;3,369999999999891;14;350
3;5;2023;2023-05-03;mreinero;Alta Producción de Hielo;333;C04 - Compresor 4 - 127;R01 - Rolitera 1;1865,5;1868,87;3,369999999999891;ROLITO EN BOLSAS 2 KG;217;3,369999999999891;2;434
3;5;2023;2023-05-03;mreinero;Alta Producción de Hielo;334;C04 - Compresor 4 - 127;R02 - Rolitera 2;0,0;0,0;0,0;ROLITO EN BOLSAS 14 KG;12;0,0;14;168
3;5;2023;2023-05-03;mreinero;Alta Producción de Hielo;334;C04 - Compresor 4 - 127;R02 - Rolitera 2;0,0;0,0;0,0;ROLITO EN BOLSAS 2 KG;299;0,0;2;598
3;5;2023;2023-05-03;mreinero;Alta Producción de Hielo;335;C02 - Compresor 2 - 127;R01 - Rolitera 1;32290,15;32297,87;7,719999999997526;ROLITO EN BOLSAS 14 KG;117;7,719999999997526;14;1638
3;5;2023;2023-05-03;mreinero;Alta Producción de Hielo;335;C02 - Compresor 2 - 127;R01 - Rolitera 1;32290,15;32297,87;7,719999999997526;ROLITO EN BOLSAS 2 KG;61;7,719999999997526;2;122
4;5;2023;2023-05-04;mreinero;Alta Producción de Hielo;336;C02 - Compresor 2 - 127;R01 - Rolitera 1;32297,87;32305,44;7,569999999999709;ROLITO EN BOLSAS 14 KG;68;7,569999999999709;14;952
4;5;2023;2023-05-04;mreinero;Alta Producción de Hielo;336;C02 - Compresor 2 - 127;R01 - Rolitera 1;32297,87;32305,44;7,569999999999709;ROLITO EN BOLSAS 2 KG;300;7,569999999999709;2;600
4;5;2023;2023-05-04;mreinero;Alta Producción de Hielo;336;C02 - Compresor 2 - 127;R01 - Rolitera 1;32297,87;32305,44;7,569999999999709;ROLITO EN BOLSAS 4 KG;34;7,569999999999709;4;136
4;5;2023;2023-05-04;mreinero;Alta Producción de Hielo;337;C04 - Compresor 4 - 127;R01 - Rolitera 1;1868,87;1872,48;3,6100000000001273;ROLITO EN BOLSAS 14 KG;39;3,6100000000001273;14;546
4;5;2023;2023-05-04;mreinero;Alta Producción de Hielo;337;C04 - Compresor 4 - 127;R01 - Rolitera 1;1868,87;1872,48;3,6100000000001273;ROLITO EN BOLSAS 2 KG;114;3,6100000000001273;2;228
4;5;2023;2023-05-04;mreinero;Alta Producción de Hielo;338;C04 - Compresor 4 - 127;R02 - Rolitera 2;0,0;0,0;0,0;ROLITO EN BOLSAS 14 KG;12;0,0;14;168
4;5;2023;2023-05-04;mreinero;Alta Producción de Hielo;338;C04 - Compresor 4 - 127;R02 - Rolitera 2;0,0;0,0;0,0;ROLITO EN BOLSAS 2 KG;292;0,0;2;584
5;5;2023;2023-05-05;mreinero;Alta Producción de Hielo;339;C04 - Compresor 4 - 127;R01 - Rolitera 1;1872,48;1875,89;3,410000000000082;ROLITO EN BOLSAS 14 KG;30;3,410000000000082;14;420
5;5;2023;2023-05-05;mreinero;Alta Producción de Hielo;339;C04 - Compresor 4 - 127;R01 - Rolitera 1;1872,48;1875,89;3,410000000000082;ROLITO EN BOLSAS 2 KG;118;3,410000000000082;2;236
5;5;2023;2023-05-05;mreinero;Alta Producción de Hielo;340;C04 - Compresor 4 - 127;R02 - Rolitera 2;0,0;0,0;0,0;ROLITO EN BOLSAS 14 KG;38;0,0;14;532
5;5;2023;2023-05-05;mreinero;Alta Producción de Hielo;340;C04 - Compresor 4 - 127;R02 - Rolitera 2;0,0;0,0;0,0;ROLITO EN BOLSAS 2 KG;70;0,0;2;140
5;5;2023;2023-05-05;mreinero;Alta Producción de Hielo;341;C02 - Compresor 2 - 127;R01 - Rolitera 1;32305,44;32313,08;7,640000000003056;ROLITO EN BOLSAS 14 KG;129;7,640000000003056;14;1806
6;5;2023;2023-05-06;mreinero;Alta Producción de Hielo;342;C02 - Compresor 2 - 127;R01 - Rolitera 1;32313,08;32321,98;8,899999999997817;ROLITO EN BOLSAS 14 KG;91;8,899999999997817;14;1274
6;5;2023;2023-05-06;mreinero;Alta Producción de Hielo;342;C02 - Compresor 2 - 127;R01 - Rolitera 1;32313,08;32321,98;8,899999999997817;ROLITO EN BOLSAS 2 KG;363;8,899999999997817;2;726
8;5;2023;2023-05-08;mreinero;Alta Producción de Hielo;343;C02 - Compresor 2 - 127;R01 - Rolitera 1;32321,98;32325,52;3,540000000000873;ROLITO EN BOLSAS 14 KG;19;3,540000000000873;14;266
8;5;2023;2023-05-08;mreinero;Alta Producción de Hielo;343;C02 - Compresor 2 - 127;R01 - Rolitera 1;32321,98;32325,52;3,540000000000873;ROLITO EN BOLSAS 2 KG;236;3,540000000000873;2;472
8;5;2023;2023-05-08;mreinero;Alta Producción de Hielo;344;C02 - Compresor 2 - 127;R01 - Rolitera 1;32325,52;32329,09;3,569999999999709;ROLITO EN BOLSAS 14 KG;18;3,569999999999709;14;252
8;5;2023;2023-05-08;mreinero;Alta Producción de Hielo;344;C02 - Compresor 2 - 127;R01 - Rolitera 1;32325,52;32329,09;3,569999999999709;ROLITO EN BOLSAS 2 KG;237;3,569999999999709;2;474
8;5;2023;2023-05-08;mreinero;Alta Producción de Hielo;345;C04 - Compresor 4 - 127;R01 - Rolitera 1;1875,89;1879,37;3,479999999999791;ROLITO EN BOLSAS 2 KG;349;3,479999999999791;2;698
9;5;2023;2023-05-09;mreinero;Alta Producción de Hielo;346;C04 - Compresor 4 - 127;R01 - Rolitera 1;1879,37;1883,35;3,980000000000018;ROLITO EN BOLSAS 14 KG;58;3,980000000000018;14;812
9;5;2023;2023-05-09;mreinero;Alta Producción de Hielo;346;C04 - Compresor 4 - 127;R01 - Rolitera 1;1879,37;1883,35;3,980000000000018;ROLITO EN BOLSAS 2 KG;54;3,980000000000018;2;108
9;5;2023;2023-05-09;mreinero;Alta Producción de Hielo;347;C04 - Compresor 4 - 127;R02 - Rolitera 2;0,0;0,0;0,0;ROLITO EN BOLSAS 14 KG;23;0,0;14;322
9;5;2023;2023-05-09;mreinero;Alta Producción de Hielo;347;C04 - Compresor 4 - 127;R02 - Rolitera 2;0,0;0,0;0,0;ROLITO EN BOLSAS 2 KG;209;0,0;2;418
9;5;2023;2023-05-09;mreinero;Alta Producción de Hielo;348;C02 - Compresor 2 - 127;R01 - Rolitera 1;32329,09;32336,57;7,479999999999563;ROLITO EN BOLSAS 14 KG;114;7,479999999999563;14;1596
9;5;2023;2023-05-09;mreinero;Alta Producción de Hielo;348;C02 - Compresor 2 - 127;R01 - Rolitera 1;32329,09;32336,57;7,479999999999563;ROLITO EN BOLSAS 2 KG;58;7,479999999999563;2;116
10;5;2023;2023-05-10;mreinero;Alta Producción de Hielo;349;C04 - Compresor 4 - 127;R01 - Rolitera 1;1883,35;1887,11;3,759999999999991;ROLITO EN BOLSAS 2 KG;330;3,759999999999991;2;660
10;5;2023;2023-05-10;mreinero;Alta Producción de Hielo;350;C04 - Compresor 4 - 127;R02 - Rolitera 2;0,0;0,0;0,0;ROLITO EN BOLSAS 2 KG;356;0,0;2;712
10;5;2023;2023-05-10;mreinero;Alta Producción de Hielo;351;C02 - Compresor 2 - 127;R01 - Rolitera 1;32336,57;32343,82;7,25;ROLITO EN BOLSAS 14 KG;67;7,25;14;938
10;5;2023;2023-05-10;mreinero;Alta Producción de Hielo;351;C02 - Compresor 2 - 127;R01 - Rolitera 1;32336,57;32343,82;7,25;ROLITO EN BOLSAS 2 KG;296;7,25;2;592
10;5;2023;2023-05-10;mreinero;Alta Producción de Hielo;351;C02 - Compresor 2 - 127;R01 - Rolitera 1;32336,57;32343,82;7,25;ROLITO EN BOLSAS 7 KG;17;7,25;7;119
11;5;2023;2023-05-11;mreinero;Alta Producción de Hielo;352;C04 - Compresor 4 - 127;R01 - Rolitera 1;1887,11;1890,04;2,9300000000000637;ROLITO EN BOLSAS 2 KG;304;2,9300000000000637;2;608
11;5;2023;2023-05-11;mreinero;Alta Producción de Hielo;353;C04 - Compresor 4 - 127;R02 - Rolitera 2;0,0;0,0;0,0;ROLITO EN BOLSAS 14 KG;12;0,0;14;168
11;5;2023;2023-05-11;mreinero;Alta Producción de Hielo;353;C04 - Compresor 4 - 127;R02 - Rolitera 2;0,0;0,0;0,0;ROLITO EN BOLSAS 2 KG;217;0,0;2;434
11;5;2023;2023-05-11;mreinero;Alta Producción de Hielo;354;C02 - Compresor 2 - 127;R01 - Rolitera 1;32343,82;32352,05;8,229999999999563;ROLITO EN BOLSAS 14 KG;91;8,229999999999563;14;1274
11;5;2023;2023-05-11;mreinero;Alta Producción de Hielo;354;C02 - Compresor 2 - 127;R01 - Rolitera 1;32343,82;32352,05;8,229999999999563;ROLITO EN BOLSAS 2 KG;240;8,229999999999563;2;480
11;5;2023;2023-05-11;mreinero;Alta Producción de Hielo;354;C02 - Compresor 2 - 127;R01 - Rolitera 1;32343,82;32352,05;8,229999999999563;ROLITO EN BOLSAS 4 KG;34;8,229999999999563;4;136
12;5;2023;2023-05-12;mreinero;Alta Producción de Hielo;355;C02 - Compresor 2 - 127;R01 - Rolitera 1;32352,05;32359,9;7,850000000002183;ROLITO EN BOLSAS 14 KG;84;7,850000000002183;14;1176
12;5;2023;2023-05-12;mreinero;Alta Producción de Hielo;355;C02 - Compresor 2 - 127;R01 - Rolitera 1;32352,05;32359,9;7,850000000002183;ROLITO EN BOLSAS 2 KG;300;7,850000000002183;2;600
13;5;2023;2023-05-13;mreinero;Alta Producción de Hielo;356;C02 - Compresor 2 - 127;R01 - Rolitera 1;32359,9;32363,45;3,5499999999992724;ROLITO EN BOLSAS 14 KG;27;3,5499999999992724;14;378
13;5;2023;2023-05-13;mreinero;Alta Producción de Hielo;356;C02 - Compresor 2 - 127;R01 - Rolitera 1;32359,9;32363,45;3,5499999999992724;ROLITO EN BOLSAS 2 KG;182;3,5499999999992724;2;364
15;5;2023;2023-05-15;mreinero;Alta Producción de Hielo;357;C02 - Compresor 2 - 127;R01 - Rolitera 1;32363,45;32366,71;3,2599999999983993;ROLITO EN BOLSAS 14 KG;48;3,2599999999983993;14;672
15;5;2023;2023-05-15;mreinero;Alta Producción de Hielo;357;C02 - Compresor 2 - 127;R01 - Rolitera 1;32363,45;32366,71;3,2599999999983993;ROLITO EN BOLSAS 2 KG;1;3,2599999999983993;2;2
16;5;2023;2023-05-16;mreinero;Alta Producción de Hielo;358;C02 - Compresor 2 - 127;R01 - Rolitera 1;32366,71;32378,36;11,650000000001455;ROLITO EN BOLSAS 14 KG;55;11,650000000001455;14;770
16;5;2023;2023-05-16;mreinero;Alta Producción de Hielo;358;C02 - Compresor 2 - 127;R01 - Rolitera 1;32366,71;32378,36;11,650000000001455;ROLITO EN BOLSAS 2 KG;887;11,650000000001455;2;1774
17;5;2023;2023-05-17;mreinero;Alta Producción de Hielo;359;C02 - Compresor 2 - 127;R01 - Rolitera 1;32378,36;32389,39;11,029999999998836;ROLITO EN BOLSAS 14 KG;115;11,029999999998836;14;1610
17;5;2023;2023-05-17;mreinero;Alta Producción de Hielo;359;C02 - Compresor 2 - 127;R01 - Rolitera 1;32378,36;32389,39;11,029999999998836;ROLITO EN BOLSAS 2 KG;441;11,029999999998836;2;882
18;5;2023;2023-05-18;mreinero;Alta Producción de Hielo;360;C02 - Compresor 2 - 127;R01 - Rolitera 1;32389,39;32398,49;9,100000000002183;ROLITO EN BOLSAS 14 KG;103;9,100000000002183;14;1442
18;5;2023;2023-05-18;mreinero;Alta Producción de Hielo;360;C02 - Compresor 2 - 127;R01 - Rolitera 1;32389,39;32398,49;9,100000000002183;ROLITO EN BOLSAS 2 KG;255;9,100000000002183;2;510
18;5;2023;2023-05-18;mreinero;Alta Producción de Hielo;360;C02 - Compresor 2 - 127;R01 - Rolitera 1;32389,39;32398,49;9,100000000002183;ROLITO EN BOLSAS 4 KG;34;9,100000000002183;4;136
20;5;2023;2023-05-20;mreinero;Alta Producción de Hielo;361;C02 - Compresor 2 - 127;R01 - Rolitera 1;32398,49;32403,0;4,509999999998399;ROLITO EN BOLSAS 14 KG;21;4,509999999998399;14;294
20;5;2023;2023-05-20;mreinero;Alta Producción de Hielo;361;C02 - Compresor 2 - 127;R01 - Rolitera 1;32398,49;32403,0;4,509999999998399;ROLITO EN BOLSAS 2 KG;376;4,509999999998399;2;752
19;5;2023;2023-05-19;mreinero;Alta Producción de Hielo;362;C02 - Compresor 2 - 127;R01 - Rolitera 1;32403,0;32409,1;6,099999999998545;ROLITO EN BOLSAS 14 KG;79;6,099999999998545;14;1106
19;5;2023;2023-05-19;mreinero;Alta Producción de Hielo;362;C02 - Compresor 2 - 127;R01 - Rolitera 1;32403,0;32409,1;6,099999999998545;ROLITO EN BOLSAS 2 KG;61;6,099999999998545;2;122
19;5;2023;2023-05-19;mreinero;Alta Producción de Hielo;362;C02 - Compresor 2 - 127;R01 - Rolitera 1;32403,0;32409,1;6,099999999998545;ROLITO EN BOLSAS 4 KG;2;6,099999999998545;4;8
19;5;2023;2023-05-19;mreinero;Alta Producción de Hielo;362;C02 - Compresor 2 - 127;R01 - Rolitera 1;32403,0;32409,1;6,099999999998545;ROLITO EN BOLSAS 7 KG;18;6,099999999998545;7;126
20;5;2023;2023-05-20;mreinero;Alta Producción de Hielo;363;C02 - Compresor 2 - 127;R01 - Rolitera 1;32409,1;32413,33;4,230000000003201;ROLITO EN BOLSAS 14 KG;11;4,230000000003201;14;154
20;5;2023;2023-05-20;mreinero;Alta Producción de Hielo;363;C02 - Compresor 2 - 127;R01 - Rolitera 1;32409,1;32413,33;4,230000000003201;ROLITO EN BOLSAS 2 KG;379;4,230000000003201;2;758
22;5;2023;2023-05-22;mreinero;Alta Producción de Hielo;364;C02 - Compresor 2 - 127;R01 - Rolitera 1;32413,33;32423,95;10,619999999998981;ROLITO EN BOLSAS 14 KG;120;10,619999999998981;14;1680
22;5;2023;2023-05-22;mreinero;Alta Producción de Hielo;364;C02 - Compresor 2 - 127;R01 - Rolitera 1;32413,33;32423,95;10,619999999998981;ROLITO EN BOLSAS 2 KG;381;10,619999999998981;2;762
23;5;2023;2023-05-23;mreinero;Alta Producción de Hielo;365;C02 - Compresor 2 - 127;R01 - Rolitera 1;32423,95;32430,41;6,459999999999127;ROLITO EN BOLSAS 14 KG;39;6,459999999999127;14;546
23;5;2023;2023-05-23;mreinero;Alta Producción de Hielo;365;C02 - Compresor 2 - 127;R01 - Rolitera 1;32423,95;32430,41;6,459999999999127;ROLITO EN BOLSAS 2 KG;421;6,459999999999127;2;842
24;5;2023;2023-05-24;mreinero;Alta Producción de Hielo;366;C02 - Compresor 2 - 127;R01 - Rolitera 1;32430,41;32441,55;11,139999999999418;ROLITO EN BOLSAS 14 KG;131;11,139999999999418;14;1834
24;5;2023;2023-05-24;mreinero;Alta Producción de Hielo;366;C02 - Compresor 2 - 127;R01 - Rolitera 1;32430,41;32441,55;11,139999999999418;ROLITO EN BOLSAS 2 KG;367;11,139999999999418;2;734
27;5;2023;2023-05-27;mreinero;Alta Producción de Hielo;367;C02 - Compresor 2 - 127;R01 - Rolitera 1;32441,55;32445,99;4,440000000002328;ROLITO EN BOLSAS 14 KG;14;4,440000000002328;14;196
27;5;2023;2023-05-27;mreinero;Alta Producción de Hielo;367;C02 - Compresor 2 - 127;R01 - Rolitera 1;32441,55;32445,99;4,440000000002328;ROLITO EN BOLSAS 2 KG;374;4,440000000002328;2;748
29;5;2023;2023-05-29;mreinero;Alta Producción de Hielo;368;C04 - Compresor 4 - 127;R01 - Rolitera 1;1890,64;1894,71;4,069999999999936;ROLITO EN BOLSAS 14 KG;10;4,069999999999936;14;140
29;5;2023;2023-05-29;mreinero;Alta Producción de Hielo;368;C04 - Compresor 4 - 127;R01 - Rolitera 1;1890,64;1894,71;4,069999999999936;ROLITO EN BOLSAS 2 KG;376;4,069999999999936;2;752
29;5;2023;2023-05-29;mreinero;Alta Producción de Hielo;369;C04 - Compresor 4 - 127;R02 - Rolitera 2;0,0;0,0;0,0;ROLITO EN BOLSAS 14 KG;25;0,0;14;350
29;5;2023;2023-05-29;mreinero;Alta Producción de Hielo;369;C04 - Compresor 4 - 127;R02 - Rolitera 2;0,0;0,0;0,0;ROLITO EN BOLSAS 2 KG;282;0,0;2;564
29;5;2023;2023-05-29;mreinero;Alta Producción de Hielo;370;C02 - Compresor 2 - 127;R01 - Rolitera 1;32445,99;32453,29;7,299999999999272;ROLITO EN BOLSAS 14 KG;30;7,299999999999272;14;420
29;5;2023;2023-05-29;mreinero;Alta Producción de Hielo;370;C02 - Compresor 2 - 127;R01 - Rolitera 1;32445,99;32453,29;7,299999999999272;ROLITO EN BOLSAS 2 KG;651;7,299999999999272;2;1302
30;5;2023;2023-05-30;mreinero;Alta Producción de Hielo;371;C04 - Compresor 4 - 127;R01 - Rolitera 1;1894,71;1898,21;3,5;ROLITO EN BOLSAS 14 KG;53;3,5;14;742
30;5;2023;2023-05-30;mreinero;Alta Producción de Hielo;371;C04 - Compresor 4 - 127;R01 - Rolitera 1;1894,71;1898,21;3,5;ROLITO EN BOLSAS 2 KG;57;3,5;2;114
31;5;2023;2023-05-31;mreinero;Alta Producción de Hielo;372;C04 - Compresor 4 - 127;R02 - Rolitera 2;0,0;0,0;0,0;ROLITO EN BOLSAS 14 KG;12;0,0;14;168
31;5;2023;2023-05-31;mreinero;Alta Producción de Hielo;372;C04 - Compresor 4 - 127;R02 - Rolitera 2;0,0;0,0;0,0;ROLITO EN BOLSAS 2 KG;219;0,0;2;438
31;5;2023;2023-05-31;mreinero;Alta Producción de Hielo;372;C04 - Compresor 4 - 127;R02 - Rolitera 2;0,0;0,0;0,0;ROLITO EN BOLSAS 4 KG;42;0,0;4;168
30;5;2023;2023-05-30;mreinero;Alta Producción de Hielo;373;C02 - Compresor 2 - 127;R01 - Rolitera 1;32453,29;32461,36;8,069999999999709;ROLITO EN BOLSAS 14 KG;71;8,069999999999709;14;994
30;5;2023;2023-05-30;mreinero;Alta Producción de Hielo;373;C02 - Compresor 2 - 127;R01 - Rolitera 1;32453,29;32461,36;8,069999999999709;ROLITO EN BOLSAS 2 KG;386;8,069999999999709;2;772
30;5;2023;2023-05-30;mreinero;Alta Producción de Hielo;373;C02 - Compresor 2 - 127;R01 - Rolitera 1;32453,29;32461,36;8,069999999999709;ROLITO EN BOLSAS 7 KG;18;8,069999999999709;7;126
31;5;2023;2023-05-31;mreinero;Alta Producción de Hielo;374;C02 - Compresor 2 - 127;R01 - Rolitera 1;32461,36;32463,1;1,7399999999979627;ROLITO EN BOLSAS 14 KG;32;1,7399999999979627;14;448
31;5;2023;2023-05-31;mreinero;Alta Producción de Hielo;375;C02 - Compresor 2 - 127;R01 - Rolitera 1;32463,1;32467,38;4,280000000002474;ROLITO EN BOLSAS 14 KG;55;4,280000000002474;14;770
31;5;2023;2023-05-31;mreinero;Alta Producción de Hielo;375;C02 - Compresor 2 - 127;R01 - Rolitera 1;32463,1;32467,38;4,280000000002474;ROLITO EN BOLSAS 2 KG;125;4,280000000002474;2;250
31;5;2023;2023-05-31;mreinero;Alta Producción de Hielo;375;C02 - Compresor 2 - 127;R01 - Rolitera 1;32463,1;32467,38;4,280000000002474;ROLITO EN BOLSAS 7 KG;18;4,280000000002474;7;126
31;5;2023;2023-05-31;mreinero;Alta Producción de Hielo;376;C04 - Compresor 4 - 127;R01 - Rolitera 1;1898,21;1901,78;3,5699999999999363;ROLITO EN BOLSAS 2 KG;370;3,5699999999999363;2;740
31;5;2023;2023-05-31;mreinero;Alta Producción de Hielo;377;C04 - Compresor 4 - 127;R02 - Rolitera 2;1898,21;1901,78;3,5699999999999363;ROLITO EN BOLSAS 2 KG;285;3,5699999999999363;2;570
31;5;2023;2023-05-31;mreinero;Alta Producción de Hielo;378;C04 - Compresor 4 - 127;R02 - Rolitera 2;0,0;0,0;0,0;ROLITO EN BOLSAS 4 KG;41;0,0;4;164
30;3;2023;2023-03-30;mreinero;Alta Producción de Hielo;379;C04 - Compresor 4 - 127;R02 - Rolitera 2;0,0;0,0;0,0;ROLITO EN BOLSAS 4 KG;37;0,0;4;148
19;5;2023;2023-05-19;mreinero;Alta Producción de Hielo;380;C02 - Compresor 2 - 127;R01 - Rolitera 1;0,0;0,0;0,0;ROLITO EN BOLSAS 4 KG;34;4,279999999998836;4;136
1;6;2023;2023-06-01;mreinero;Alta Producción de Hielo;381;C04 - Compresor 4 - 127;R01 - Rolitera 1;1901,78;1904,62;2,839999999999918;ROLITO EN BOLSAS 14 KG;53;2,839999999999918;14;742
1;6;2023;2023-06-01;mreinero;Alta Producción de Hielo;382;C04 - Compresor 4 - 127;R02 - Rolitera 2;0,0;0,0;0,0;ROLITO EN BOLSAS 2 KG;222;0,0;2;444
1;6;2023;2023-06-01;mreinero;Alta Producción de Hielo;383;C02 - Compresor 2 - 127;R01 - Rolitera 1;32467,38;32471,43;4,049999999999272;ROLITO EN BOLSAS 14 KG;40;4,049999999999272;14;560
1;6;2023;2023-06-01;mreinero;Alta Producción de Hielo;383;C02 - Compresor 2 - 127;R01 - Rolitera 1;32467,38;32471,43;4,049999999999272;ROLITO EN BOLSAS 2 KG;121;4,049999999999272;2;242
2;6;2023;2023-06-02;mreinero;Alta Producción de Hielo;384;C02 - Compresor 2 - 127;R01 - Rolitera 1;32471,43;32478,91;7,479999999999563;ROLITO EN BOLSAS 14 KG;36;7,479999999999563;14;504
2;6;2023;2023-06-02;mreinero;Alta Producción de Hielo;384;C02 - Compresor 2 - 127;R01 - Rolitera 1;32471,43;32478,91;7,479999999999563;ROLITO EN BOLSAS 2 KG;558;7,479999999999563;2;1116
3;6;2023;2023-06-03;mreinero;Alta Producción de Hielo;385;C02 - Compresor 2 - 127;R01 - Rolitera 1;32478,91;32483,11;4,200000000000728;ROLITO EN BOLSAS 14 KG;38;4,200000000000728;14;532
3;6;2023;2023-06-03;mreinero;Alta Producción de Hielo;385;C02 - Compresor 2 - 127;R01 - Rolitera 1;32478,91;32483,11;4,200000000000728;ROLITO EN BOLSAS 2 KG;184;4,200000000000728;2;368
5;6;2023;2023-06-05;mreinero;Alta Producción de Hielo;386;C02 - Compresor 2 - 127;R01 - Rolitera 1;32483,11;32494,24;11,130000000001019;ROLITO EN BOLSAS 14 KG;78;11,130000000001019;14;1092
5;6;2023;2023-06-05;mreinero;Alta Producción de Hielo;386;C02 - Compresor 2 - 127;R01 - Rolitera 1;32483,11;32494,24;11,130000000001019;ROLITO EN BOLSAS 2 KG;689;11,130000000001019;2;1378
6;6;2023;2023-06-06;mreinero;Alta Producción de Hielo;387;C02 - Compresor 2 - 127;R01 - Rolitera 1;32494,24;32505,58;11,340000000000146;ROLITO EN BOLSAS 14 KG;85;11,340000000000146;14;1190
6;6;2023;2023-06-06;mreinero;Alta Producción de Hielo;387;C02 - Compresor 2 - 127;R01 - Rolitera 1;32494,24;32505,58;11,340000000000146;ROLITO EN BOLSAS 2 KG;554;11,340000000000146;2;1108
6;6;2023;2023-06-06;mreinero;Alta Producción de Hielo;387;C02 - Compresor 2 - 127;R01 - Rolitera 1;32494,24;32505,58;11,340000000000146;ROLITO EN BOLSAS 7 KG;25;11,340000000000146;7;175
7;6;2023;2023-06-07;mreinero;Alta Producción de Hielo;388;C04 - Compresor 4 - 127;R01 - Rolitera 1;1904,62;1908,42;3,800000000000182;ROLITO EN BOLSAS 14 KG;41;3,800000000000182;14;574
7;6;2023;2023-06-07;mreinero;Alta Producción de Hielo;388;C04 - Compresor 4 - 127;R01 - Rolitera 1;1904,62;1908,42;3,800000000000182;ROLITO EN BOLSAS 7 KG;35;3,800000000000182;7;245
7;6;2023;2023-06-07;mreinero;Alta Producción de Hielo;389;C04 - Compresor 4 - 127;R02 - Rolitera 2;0,0;0,0;0,0;ROLITO EN BOLSAS 2 KG;221;0,0;2;442
7;6;2023;2023-06-07;mreinero;Alta Producción de Hielo;389;C04 - Compresor 4 - 127;R02 - Rolitera 2;0,0;0,0;0,0;ROLITO EN BOLSAS 4 KG;78;0,0;4;312
7;6;2023;2023-06-07;mreinero;Alta Producción de Hielo;390;C02 - Compresor 2 - 127;R01 - Rolitera 1;32505,58;32512,9;7,319999999999709;ROLITO EN BOLSAS 14 KG;88;7,319999999999709;14;1232
7;6;2023;2023-06-07;mreinero;Alta Producción de Hielo;390;C02 - Compresor 2 - 127;R01 - Rolitera 1;32505,58;32512,9;7,319999999999709;ROLITO EN BOLSAS 2 KG;241;7,319999999999709;2;482
8;6;2023;2023-06-08;mreinero;Alta Producción de Hielo;391;C02 - Compresor 2 - 127;R01 - Rolitera 1;32512,9;32516,46;3,5599999999976717;ROLITO EN BOLSAS 14 KG;40;3,5599999999976717;14;560
8;6;2023;2023-06-08;mreinero;Alta Producción de Hielo;391;C02 - Compresor 2 - 127;R01 - Rolitera 1;32512,9;32516,46;3,5599999999976717;ROLITO EN BOLSAS 7 KG;18;3,5599999999976717;7;126
8;6;2023;2023-06-08;mreinero;Alta Producción de Hielo;392;C04 - Compresor 4 - 127;R01 - Rolitera 1;1908,42;1912,57;4,149999999999864;ROLITO EN BOLSAS 14 KG;21;4,149999999999864;14;294
8;6;2023;2023-06-08;mreinero;Alta Producción de Hielo;392;C04 - Compresor 4 - 127;R01 - Rolitera 1;1908,42;1912,57;4,149999999999864;ROLITO EN BOLSAS 2 KG;243;4,149999999999864;2;486
8;6;2023;2023-06-08;mreinero;Alta Producción de Hielo;392;C04 - Compresor 4 - 127;R01 - Rolitera 1;1908,42;1912,57;4,149999999999864;ROLITO EN BOLSAS 7 KG;35;4,149999999999864;7;245
8;6;2023;2023-06-08;mreinero;Alta Producción de Hielo;393;C04 - Compresor 4 - 127;R02 - Rolitera 2;0,0;0,0;0,0;ROLITO EN BOLSAS 14 KG;12;0,0;14;168
8;6;2023;2023-06-08;mreinero;Alta Producción de Hielo;393;C04 - Compresor 4 - 127;R02 - Rolitera 2;0,0;0,0;0,0;ROLITO EN BOLSAS 2 KG;281;0,0;2;562
9;6;2023;2023-06-09;mreinero;Alta Producción de Hielo;394;C02 - Compresor 2 - 127;R01 - Rolitera 1;32516,46;32524,27;7,81000000000131;ROLITO EN BOLSAS 14 KG;79;7,81000000000131;14;1106
9;6;2023;2023-06-09;mreinero;Alta Producción de Hielo;394;C02 - Compresor 2 - 127;R01 - Rolitera 1;32516,46;32524,27;7,81000000000131;ROLITO EN BOLSAS 2 KG;297;7,81000000000131;2;594
10;6;2023;2023-06-10;mreinero;Alta Producción de Hielo;395;C02 - Compresor 2 - 127;R01 - Rolitera 1;32524,27;3252788,0;3220263,73;ROLITO EN BOLSAS 14 KG;10;4,279999999998836;14;140
10;6;2023;2023-06-10;mreinero;Alta Producción de Hielo;395;C02 - Compresor 2 - 127;R01 - Rolitera 1;32524,27;3252788,0;3220263,73;ROLITO EN BOLSAS 2 KG;186;4,279999999998836;2;372
10;6;2023;2023-06-10;mreinero;Alta Producción de Hielo;395;C02 - Compresor 2 - 127;R01 - Rolitera 1;32524,27;3252788,0;3220263,73;ROLITO EN BOLSAS 4 KG;70;4,279999999998836;4;280
12;6;2023;2023-06-12;mreinero;Alta Producción de Hielo;396;C02 - Compresor 2 - 127;R01 - Rolitera 1;32527,88;32532,85;4,969999999997526;ROLITO EN BOLSAS 14 KG;29;4,969999999997526;14;406
12;6;2023;2023-06-12;mreinero;Alta Producción de Hielo;396;C02 - Compresor 2 - 127;R01 - Rolitera 1;32527,88;32532,85;4,969999999997526;ROLITO EN BOLSAS 2 KG;369;4,969999999997526;2;738
12;6;2023;2023-06-12;mreinero;Alta Producción de Hielo;397;C02 - Compresor 2 - 127;R01 - Rolitera 1;32532,85;32535,73;2,8800000000010186;ROLITO EN BOLSAS 14 KG;48;2,8800000000010186;14;672
13;6;2023;2023-06-13;mreinero;Alta Producción de Hielo;398;C02 - Compresor 2 - 127;R01 - Rolitera 1;32535,73;32541,16;5,430000000000291;ROLITO EN BOLSAS 14 KG;59;5,430000000000291;14;826
13;6;2023;2023-06-13;mreinero;Alta Producción de Hielo;398;C02 - Compresor 2 - 127;R01 - Rolitera 1;32535,73;32541,16;5,430000000000291;ROLITO EN BOLSAS 2 KG;190;5,430000000000291;2;380
13;6;2023;2023-06-13;mreinero;Alta Producción de Hielo;399;C04 - Compresor 4 - 127;R01 - Rolitera 1;1912,57;1916,18;3,6100000000001273;ROLITO EN BOLSAS 14 KG;60;3,6100000000001273;14;840
13;6;2023;2023-06-13;mreinero;Alta Producción de Hielo;400;C04 - Compresor 4 - 127;R02 - Rolitera 2;0,0;0,0;0,0;ROLITO EN BOLSAS 14 KG;13;0,0;14;182
13;6;2023;2023-06-13;mreinero;Alta Producción de Hielo;400;C04 - Compresor 4 - 127;R02 - Rolitera 2;0,0;0,0;0,0;ROLITO EN BOLSAS 2 KG;221;0,0;2;442
13;6;2023;2023-06-13;mreinero;Alta Producción de Hielo;400;C04 - Compresor 4 - 127;R02 - Rolitera 2;0,0;0,0;0,0;ROLITO EN BOLSAS 4 KG;43;0,0;4;172
14;6;2023;2023-06-14;mreinero;Alta Producción de Hielo;401;C04 - Compresor 4 - 127;R01 - Rolitera 1;1916,18;1919,72;3,5399999999999636;ROLITO EN BOLSAS 14 KG;21;3,5399999999999636;14;294
14;6;2023;2023-06-14;mreinero;Alta Producción de Hielo;401;C04 - Compresor 4 - 127;R01 - Rolitera 1;1916,18;1919,72;3,5399999999999636;ROLITO EN BOLSAS 2 KG;244;3,5399999999999636;2;488
14;6;2023;2023-06-14;mreinero;Alta Producción de Hielo;402;C04 - Compresor 4 - 127;R02 - Rolitera 2;0,0;0,0;0,0;ROLITO EN BOLSAS 2 KG;379;0,0;2;758
14;6;2023;2023-06-14;mreinero;Alta Producción de Hielo;403;C02 - Compresor 2 - 127;R01 - Rolitera 1;32541,16;32548,84;7,680000000000291;ROLITO EN BOLSAS 14 KG;62;7,680000000000291;14;868
14;6;2023;2023-06-14;mreinero;Alta Producción de Hielo;403;C02 - Compresor 2 - 127;R01 - Rolitera 1;32541,16;32548,84;7,680000000000291;ROLITO EN BOLSAS 2 KG;453;7,680000000000291;2;906
15;6;2023;2023-06-15;mreinero;Alta Producción de Hielo;404;C02 - Compresor 2 - 127;R01 - Rolitera 1;32548,84;32556,43;7,5900000000001455;ROLITO EN BOLSAS 14 KG;74;7,5900000000001455;14;1036
15;6;2023;2023-06-15;mreinero;Alta Producción de Hielo;404;C02 - Compresor 2 - 127;R01 - Rolitera 1;32548,84;32556,43;7,5900000000001455;ROLITO EN BOLSAS 2 KG;385;7,5900000000001455;2;770
15;6;2023;2023-06-15;mreinero;Alta Producción de Hielo;405;C04 - Compresor 4 - 127;R01 - Rolitera 1;1919,72;1923,4;3,6800000000000637;ROLITO EN BOLSAS 14 KG;20;3,6800000000000637;14;280
15;6;2023;2023-06-15;mreinero;Alta Producción de Hielo;405;C04 - Compresor 4 - 127;R01 - Rolitera 1;1919,72;1923,4;3,6800000000000637;ROLITO EN BOLSAS 2 KG;258;3,6800000000000637;2;516
15;6;2023;2023-06-15;mreinero;Alta Producción de Hielo;406;C04 - Compresor 4 - 127;R02 - Rolitera 2;0,0;0,0;0,0;ROLITO EN BOLSAS 2 KG;368;0,0;2;736
16;6;2023;2023-06-16;mreinero;Alta Producción de Hielo;407;C02 - Compresor 2 - 127;R01 - Rolitera 1;32556,43;32562,35;5,919999999998254;ROLITO EN BOLSAS 14 KG;52;5,919999999998254;14;728
16;6;2023;2023-06-16;mreinero;Alta Producción de Hielo;407;C02 - Compresor 2 - 127;R01 - Rolitera 1;32556,43;32562,35;5,919999999998254;ROLITO EN BOLSAS 2 KG;310;5,919999999998254;2;620
16;6;2023;2023-06-16;mreinero;Alta Producción de Hielo;408;C02 - Compresor 2 - 127;R01 - Rolitera 1;32562,35;32567,09;4,740000000001601;ROLITO EN BOLSAS 14 KG;71;4,740000000001601;14;994
16;6;2023;2023-06-16;mreinero;Alta Producción de Hielo;408;C02 - Compresor 2 - 127;R01 - Rolitera 1;32562,35;32567,09;4,740000000001601;ROLITO EN BOLSAS 2 KG;65;4,740000000001601;2;130
17;6;2023;2023-06-17;mreinero;Alta Producción de Hielo;409;C02 - Compresor 2 - 127;R01 - Rolitera 1;32567,09;32571,29;4,200000000000728;ROLITO EN BOLSAS 14 KG;53;4,200000000000728;14;742
17;6;2023;2023-06-17;mreinero;Alta Producción de Hielo;409;C02 - Compresor 2 - 127;R01 - Rolitera 1;32567,09;32571,29;4,200000000000728;ROLITO EN BOLSAS 2 KG;125;4,200000000000728;2;250
21;6;2023;2023-06-21;mreinero;Alta Producción de Hielo;410;C02 - Compresor 2 - 127;R01 - Rolitera 1;32571,29;32578,45;7,1599999999998545;ROLITO EN BOLSAS 2 KG;376;7,1599999999998545;2;752
22;6;2023;2023-06-22;mreinero;Alta Producción de Hielo;411;C02 - Compresor 2 - 127;R01 - Rolitera 1;32578,45;32586,56;8,110000000000582;ROLITO EN BOLSAS 14 KG;114;8,110000000000582;14;1596
22;6;2023;2023-06-22;mreinero;Alta Producción de Hielo;411;C02 - Compresor 2 - 127;R01 - Rolitera 1;32578,45;32586,56;8,110000000000582;ROLITO EN BOLSAS 2 KG;194;8,110000000000582;2;388
22;6;2023;2023-06-22;mreinero;Alta Producción de Hielo;412;C04 - Compresor 4 - 127;R01 - Rolitera 1;1923,4;1925,82;2,4199999999998454;ROLITO EN BOLSAS 14 KG;42;2,4199999999998454;14;588
22;6;2023;2023-06-22;mreinero;Alta Producción de Hielo;413;C04 - Compresor 4 - 127;R02 - Rolitera 2;0,0;0,0;0,0;ROLITO EN BOLSAS 2 KG;222;0,0;2;444
23;6;2023;2023-06-23;mreinero;Alta Producción de Hielo;414;C02 - Compresor 2 - 127;R01 - Rolitera 1;32586,56;32597,43;10,869999999998981;ROLITO EN BOLSAS 14 KG;123;10,869999999998981;14;1722
23;6;2023;2023-06-23;mreinero;Alta Producción de Hielo;414;C02 - Compresor 2 - 127;R01 - Rolitera 1;32586,56;32597,43;10,869999999998981;ROLITO EN BOLSAS 2 KG;375;10,869999999998981;2;750
24;6;2023;2023-06-24;mreinero;Alta Producción de Hielo;415;C02 - Compresor 2 - 127;R01 - Rolitera 1;32597,93;32601,21;3,279999999998836;ROLITO EN BOLSAS 14 KG;43;3,279999999998836;14;602
24;6;2023;2023-06-24;mreinero;Alta Producción de Hielo;415;C02 - Compresor 2 - 127;R01 - Rolitera 1;32597,93;32601,21;3,279999999998836;ROLITO EN BOLSAS 2 KG;59;3,279999999998836;2;118
26;6;2023;2023-06-26;mreinero;Alta Producción de Hielo;416;C02 - Compresor 2 - 127;R01 - Rolitera 1;32601,21;32608,67;7,459999999999127;ROLITO EN BOLSAS 14 KG;54;7,459999999999127;14;756
26;6;2023;2023-06-26;mreinero;Alta Producción de Hielo;416;C02 - Compresor 2 - 127;R01 - Rolitera 1;32601,21;32608,67;7,459999999999127;ROLITO EN BOLSAS 2 KG;355;7,459999999999127;2;710
26;6;2023;2023-06-26;mreinero;Alta Producción de Hielo;416;C02 - Compresor 2 - 127;R01 - Rolitera 1;32601,21;32608,67;7,459999999999127;ROLITO EN BOLSAS 4 KG;35;7,459999999999127;4;140
26;6;2023;2023-06-26;mreinero;Alta Producción de Hielo;417;C04 - Compresor 4 - 127;R01 - Rolitera 1;1925,82;1929,56;3,740000000000009;ROLITO EN BOLSAS 14 KG;62;3,740000000000009;14;868
26;6;2023;2023-06-26;mreinero;Alta Producción de Hielo;418;C04 - Compresor 4 - 127;R02 - Rolitera 2;0,0;0,0;0,0;ROLITO EN BOLSAS 2 KG;362;0,0;2;724
27;6;2023;2023-06-27;mreinero;Alta Producción de Hielo;419;C02 - Compresor 2 - 127;R01 - Rolitera 1;32608,67;32617,27;8,600000000002183;ROLITO EN BOLSAS 14 KG;80;8,600000000002183;14;1120
27;6;2023;2023-06-27;mreinero;Alta Producción de Hielo;419;C02 - Compresor 2 - 127;R01 - Rolitera 1;32608,67;32617,27;8,600000000002183;ROLITO EN BOLSAS 2 KG;366;8,600000000002183;2;732
27;6;2023;2023-06-27;mreinero;Alta Producción de Hielo;419;C02 - Compresor 2 - 127;R01 - Rolitera 1;32608,67;32617,27;8,600000000002183;ROLITO EN BOLSAS 4 KG;34;8,600000000002183;4;136
27;6;2023;2023-06-27;mreinero;Alta Producción de Hielo;420;C04 - Compresor 4 - 127;R01 - Rolitera 1;1929,56;1931,99;2,4300000000000637;ROLITO EN BOLSAS 14 KG;40;2,4300000000000637;14;560
27;6;2023;2023-06-27;mreinero;Alta Producción de Hielo;421;C04 - Compresor 4 - 127;R02 - Rolitera 2;0,0;0,0;0,0;ROLITO EN BOLSAS 2 KG;219;0,0;2;438
28;6;2023;2023-06-28;mreinero;Alta Producción de Hielo;422;C04 - Compresor 4 - 127;R01 - Rolitera 1;1931,99;1935,66;3,6700000000000728;ROLITO EN BOLSAS 14 KG;21;3,6700000000000728;14;294
28;6;2023;2023-06-28;mreinero;Alta Producción de Hielo;422;C04 - Compresor 4 - 127;R01 - Rolitera 1;1931,99;1935,66;3,6700000000000728;ROLITO EN BOLSAS 2 KG;245;3,6700000000000728;2;490
28;6;2023;2023-06-28;mreinero;Alta Producción de Hielo;423;C04 - Compresor 4 - 127;R02 - Rolitera 2;0,0;0,0;0,0;ROLITO EN BOLSAS 2 KG;368;0,0;2;736
28;6;2023;2023-06-28;mreinero;Alta Producción de Hielo;424;C02 - Compresor 2 - 127;R01 - Rolitera 1;32617,27;32624,7;7,430000000000291;ROLITO EN BOLSAS 14 KG;47;7,430000000000291;14;658
28;6;2023;2023-06-28;mreinero;Alta Producción de Hielo;424;C02 - Compresor 2 - 127;R01 - Rolitera 1;32617,27;32624,7;7,430000000000291;ROLITO EN BOLSAS 2 KG;499;7,430000000000291;2;998
29;6;2023;2023-06-29;mreinero;Alta Producción de Hielo;425;C04 - Compresor 4 - 127;R01 - Rolitera 1;1935,66;1939,25;3,589999999999918;ROLITO EN BOLSAS 14 KG;20;3,589999999999918;14;280
29;6;2023;2023-06-29;mreinero;Alta Producción de Hielo;425;C04 - Compresor 4 - 127;R01 - Rolitera 1;1935,66;1939,25;3,589999999999918;ROLITO EN BOLSAS 2 KG;250;3,589999999999918;2;500
29;6;2023;2023-06-29;mreinero;Alta Producción de Hielo;426;C04 - Compresor 4 - 127;R02 - Rolitera 2;0,0;0,0;0,0;ROLITO EN BOLSAS 2 KG;372;0,0;2;744
29;6;2023;2023-06-29;mreinero;Alta Producción de Hielo;427;C02 - Compresor 2 - 127;R01 - Rolitera 1;32624,7;32632,25;7,549999999999272;ROLITO EN BOLSAS 14 KG;111;7,549999999999272;14;1554
29;6;2023;2023-06-29;mreinero;Alta Producción de Hielo;427;C02 - Compresor 2 - 127;R01 - Rolitera 1;32624,7;32632,25;7,549999999999272;ROLITO EN BOLSAS 2 KG;126;7,549999999999272;2;252
30;6;2023;2023-06-30;mreinero;Alta Producción de Hielo;428;C02 - Compresor 2 - 127;R01 - Rolitera 1;32632,25;32635,82;3,569999999999709;ROLITO EN BOLSAS 14 KG;10;3,569999999999709;14;140
30;6;2023;2023-06-30;mreinero;Alta Producción de Hielo;428;C02 - Compresor 2 - 127;R01 - Rolitera 1;32632,25;32635,82;3,569999999999709;ROLITO EN BOLSAS 2 KG;303;3,569999999999709;2;606
30;6;2023;2023-06-30;mreinero;Alta Producción de Hielo;429;C02 - Compresor 2 - 127;R01 - Rolitera 1;32635,62;32638,77;3,150000000001455;ROLITO EN BOLSAS 14 KG;46;3,150000000001455;14;644
1;7;2023;2023-07-01;mreinero;Alta Producción de Hielo;430;C02 - Compresor 2 - 127;R01 - Rolitera 1;32638,77;32642,93;4,1599999999998545;ROLITO EN BOLSAS 14 KG;28;4,1599999999998545;14;392
1;7;2023;2023-07-01;mreinero;Alta Producción de Hielo;430;C02 - Compresor 2 - 127;R01 - Rolitera 1;32638,77;32642,93;4,1599999999998545;ROLITO EN BOLSAS 2 KG;248;4,1599999999998545;2;496
3;7;2023;2023-07-03;mreinero;Alta Producción de Hielo;431;C02 - Compresor 2 - 127;R01 - Rolitera 1;32642,93;32650,51;7,579999999998108;ROLITO EN BOLSAS 14 KG;78;7,579999999998108;14;1092
3;7;2023;2023-07-03;mreinero;Alta Producción de Hielo;431;C02 - Compresor 2 - 127;R01 - Rolitera 1;32642,93;32650,51;7,579999999998108;ROLITO EN BOLSAS 2 KG;293;7,579999999998108;2;586
4;7;2023;2023-07-04;mreinero;Alta Producción de Hielo;432;C02 - Compresor 2 - 127;R01 - Rolitera 1;0,0;0,0;0,0;ROLITO EN BOLSAS 14 KG;72;4,279999999998836;14;1008
4;7;2023;2023-07-04;mreinero;Alta Producción de Hielo;433;C02 - Compresor 2 - 127;R01 - Rolitera 1;32650,51;32657,84;7,330000000001746;ROLITO EN BOLSAS 14 KG;29;7,330000000001746;14;406
4;7;2023;2023-07-04;mreinero;Alta Producción de Hielo;433;C02 - Compresor 2 - 127;R01 - Rolitera 1;32650,51;32657,84;7,330000000001746;ROLITO EN BOLSAS 2 KG;537;7,330000000001746;2;1074
5;7;2023;2023-07-05;mreinero;Alta Producción de Hielo;434;C02 - Compresor 2 - 127;R01 - Rolitera 1;32657,84;32665,21;7,369999999998981;ROLITO EN BOLSAS 14 KG;41;7,369999999998981;14;574
5;7;2023;2023-07-05;mreinero;Alta Producción de Hielo;434;C02 - Compresor 2 - 127;R01 - Rolitera 1;32657,84;32665,21;7,369999999998981;ROLITO EN BOLSAS 2 KG;474;7,369999999998981;2;948
6;7;2023;2023-07-06;mreinero;Alta Producción de Hielo;435;C02 - Compresor 2 - 127;R01 - Rolitera 1;32665,21;32670,13;4,920000000001892;ROLITO EN BOLSAS 14 KG;52;4,920000000001892;14;728
6;7;2023;2023-07-06;mreinero;Alta Producción de Hielo;435;C02 - Compresor 2 - 127;R01 - Rolitera 1;32665,21;32670,13;4,920000000001892;ROLITO EN BOLSAS 2 KG;171;4,920000000001892;2;342
6;7;2023;2023-07-06;mreinero;Alta Producción de Hielo;435;C02 - Compresor 2 - 127;R01 - Rolitera 1;32665,21;32670,13;4,920000000001892;ROLITO EN BOLSAS 7 KG;2;4,920000000001892;7;14
6;7;2023;2023-07-06;mreinero;Alta Producción de Hielo;436;C04 - Compresor 4 - 127;R01 - Rolitera 1;1939,25;1941,68;2,4300000000000637;ROLITO EN BOLSAS 14 KG;40;2,4300000000000637;14;560
6;7;2023;2023-07-06;mreinero;Alta Producción de Hielo;437;C04 - Compresor 4 - 127;R02 - Rolitera 2;0,0;0,0;0,0;ROLITO EN BOLSAS 2 KG;218;0,0;2;436
7;7;2023;2023-07-07;mreinero;Alta Producción de Hielo;438;C02 - Compresor 2 - 127;R01 - Rolitera 1;32670,13;32675,47;5,3400000000001455;ROLITO EN BOLSAS 14 KG;37;5,3400000000001455;14;518
7;7;2023;2023-07-07;mreinero;Alta Producción de Hielo;438;C02 - Compresor 2 - 127;R01 - Rolitera 1;32670,13;32675,47;5,3400000000001455;ROLITO EN BOLSAS 2 KG;242;5,3400000000001455;2;484
7;7;2023;2023-07-07;mreinero;Alta Producción de Hielo;438;C02 - Compresor 2 - 127;R01 - Rolitera 1;32670,13;32675,47;5,3400000000001455;ROLITO EN BOLSAS 4 KG;34;5,3400000000001455;4;136
8;7;2023;2023-07-08;mreinero;Alta Producción de Hielo;439;C02 - Compresor 2 - 127;R01 - Rolitera 1;32675,47;32678,53;3,0599999999976717;ROLITO EN BOLSAS 14 KG;16;3,0599999999976717;14;224
8;7;2023;2023-07-08;mreinero;Alta Producción de Hielo;439;C02 - Compresor 2 - 127;R01 - Rolitera 1;32675,47;32678,53;3,0599999999976717;ROLITO EN BOLSAS 2 KG;179;3,0599999999976717;2;358
10;7;2023;2023-07-10;mreinero;Alta Producción de Hielo;440;C02 - Compresor 2 - 127;R01 - Rolitera 1;32678,53;32684,75;6,220000000001164;ROLITO EN BOLSAS 14 KG;48;6,220000000001164;14;672
10;7;2023;2023-07-10;mreinero;Alta Producción de Hielo;440;C02 - Compresor 2 - 127;R01 - Rolitera 1;32678,53;32684,75;6,220000000001164;ROLITO EN BOLSAS 2 KG;342;6,220000000001164;2;684
10;7;2023;2023-07-10;mreinero;Alta Producción de Hielo;441;C02 - Compresor 2 - 127;R01 - Rolitera 1;32684,75;32688,58;3,8300000000017462;ROLITO EN BOLSAS 14 KG;69;3,8300000000017462;14;966
10;7;2023;2023-07-10;mreinero;Alta Producción de Hielo;442;C02 - Compresor 2 - 127;R01 - Rolitera 1;32688,58;32696,24;7,6599999999998545;ROLITO EN BOLSAS 14 KG;41;7,6599999999998545;14;574
10;7;2023;2023-07-10;mreinero;Alta Producción de Hielo;442;C02 - Compresor 2 - 127;R01 - Rolitera 1;32688,58;32696,24;7,6599999999998545;ROLITO EN BOLSAS 2 KG;554;7,6599999999998545;2;1108
12;7;2023;2023-07-12;mreinero;Alta Producción de Hielo;443;C02 - Compresor 2 - 127;R01 - Rolitera 1;32696,24;32706,87;10,62999999999738;ROLITO EN BOLSAS 14 KG;103;10,62999999999738;14;1442
12;7;2023;2023-07-12;mreinero;Alta Producción de Hielo;443;C02 - Compresor 2 - 127;R01 - Rolitera 1;32696,24;32706,87;10,62999999999738;ROLITO EN BOLSAS 2 KG;490;10,62999999999738;2;980
13;7;2023;2023-07-13;mreinero;Alta Producción de Hielo;444;C02 - Compresor 2 - 127;R01 - Rolitera 1;32706,87;32711,38;4,510000000002037;ROLITO EN BOLSAS 14 KG;30;4,510000000002037;14;420
13;7;2023;2023-07-13;mreinero;Alta Producción de Hielo;444;C02 - Compresor 2 - 127;R01 - Rolitera 1;32706,87;32711,38;4,510000000002037;ROLITO EN BOLSAS 2 KG;282;4,510000000002037;2;564
13;7;2023;2023-07-13;mreinero;Alta Producción de Hielo;445;C02 - Compresor 2 - 127;R01 - Rolitera 1;32711,38;32712,57;1,1899999999986903;ROLITO EN BOLSAS 14 KG;20;1,1899999999986903;14;280
13;7;2023;2023-07-13;mreinero;Alta Producción de Hielo;446;C04 - Compresor 4 - 127;R01 - Rolitera 1;1941,68;1944,72;3,0399999999999636;ROLITO EN BOLSAS 14 KG;52;3,0399999999999636;14;728
13;7;2023;2023-07-13;mreinero;Alta Producción de Hielo;447;C04 - Compresor 4 - 127;R02 - Rolitera 2;0,0;0,0;0,0;ROLITO EN BOLSAS 2 KG;300;0,0;2;600
14;7;2023;2023-07-14;mreinero;Alta Producción de Hielo;448;C02 - Compresor 2 - 127;R01 - Rolitera 1;32712,57;32716,12;3,5499999999992724;ROLITO EN BOLSAS 14 KG;11;3,5499999999992724;14;154
14;7;2023;2023-07-14;mreinero;Alta Producción de Hielo;448;C02 - Compresor 2 - 127;R01 - Rolitera 1;32712,57;32716,12;3,5499999999992724;ROLITO EN BOLSAS 2 KG;301;3,5499999999992724;2;602
15;7;2023;2023-07-15;mreinero;Alta Producción de Hielo;449;C02 - Compresor 2 - 127;R01 - Rolitera 1;32716,12;32719,55;3,430000000000291;ROLITO EN BOLSAS 14 KG;11;3,430000000000291;14;154
15;7;2023;2023-07-15;mreinero;Alta Producción de Hielo;449;C02 - Compresor 2 - 127;R01 - Rolitera 1;32716,12;32719,55;3,430000000000291;ROLITO EN BOLSAS 2 KG;302;3,430000000000291;2;604
17;7;2023;2023-07-17;mreinero;Alta Producción de Hielo;450;C02 - Compresor 2 - 127;R01 - Rolitera 1;32719,55;32729,31;9,760000000002037;ROLITO EN BOLSAS 14 KG;132;9,760000000002037;14;1848
17;7;2023;2023-07-17;mreinero;Alta Producción de Hielo;450;C02 - Compresor 2 - 127;R01 - Rolitera 1;32719,55;32729,31;9,760000000002037;ROLITO EN BOLSAS 2 KG;243;9,760000000002037;2;486
18;7;2023;2023-07-18;mreinero;Alta Producción de Hielo;451;C02 - Compresor 2 - 127;R01 - Rolitera 1;32729,31;32738,65;9,340000000000146;ROLITO EN BOLSAS 14 KG;56;9,340000000000146;14;784
18;7;2023;2023-07-18;mreinero;Alta Producción de Hielo;451;C02 - Compresor 2 - 127;R01 - Rolitera 1;32729,31;32738,65;9,340000000000146;ROLITO EN BOLSAS 2 KG;638;9,340000000000146;2;1276
18;7;2023;2023-07-18;mreinero;Alta Producción de Hielo;451;C02 - Compresor 2 - 127;R01 - Rolitera 1;32729,31;32738,65;9,340000000000146;ROLITO EN BOLSAS 4 KG;37;9,340000000000146;4;148
18;7;2023;2023-07-18;mreinero;Alta Producción de Hielo;451;C02 - Compresor 2 - 127;R01 - Rolitera 1;32729,31;32738,65;9,340000000000146;ROLITO EN BOLSAS 7 KG;1;9,340000000000146;7;7
19;7;2023;2023-07-19;mreinero;Alta Producción de Hielo;452;C02 - Compresor 2 - 127;R01 - Rolitera 1;32738,65;32748,08;9,430000000000291;ROLITO EN BOLSAS 14 KG;82;9,430000000000291;14;1148
19;7;2023;2023-07-19;mreinero;Alta Producción de Hielo;452;C02 - Compresor 2 - 127;R01 - Rolitera 1;32738,65;32748,08;9,430000000000291;ROLITO EN BOLSAS 2 KG;551;9,430000000000291;2;1102
20;7;2023;2023-07-20;mreinero;Alta Producción de Hielo;453;C02 - Compresor 2 - 127;R01 - Rolitera 1;32748,08;32752,67;4,5899999999965075;ROLITO EN BOLSAS 14 KG;35;4,5899999999965075;14;490
20;7;2023;2023-07-20;mreinero;Alta Producción de Hielo;453;C02 - Compresor 2 - 127;R01 - Rolitera 1;32748,08;32752,67;4,5899999999965075;ROLITO EN BOLSAS 2 KG;306;4,5899999999965075;2;612
21;7;2023;2023-07-21;mreinero;Alta Producción de Hielo;454;C02 - Compresor 2 - 127;R01 - Rolitera 1;32752,67;32757,53;4,860000000000582;ROLITO EN BOLSAS 14 KG;68;4,860000000000582;14;952
21;7;2023;2023-07-21;mreinero;Alta Producción de Hielo;454;C02 - Compresor 2 - 127;R01 - Rolitera 1;32752,67;32757,53;4,860000000000582;ROLITO EN BOLSAS 2 KG;122;4,860000000000582;2;244
24;7;2023;2023-07-24;mreinero;Alta Producción de Hielo;455;C02 - Compresor 2 - 127;R01 - Rolitera 1;32757,53;32764,2;6,670000000001892;ROLITO EN BOLSAS 14 KG;36;6,670000000001892;14;504
24;7;2023;2023-07-24;mreinero;Alta Producción de Hielo;455;C02 - Compresor 2 - 127;R01 - Rolitera 1;32757,53;32764,2;6,670000000001892;ROLITO EN BOLSAS 2 KG;483;6,670000000001892;2;966
24;7;2023;2023-07-24;mreinero;Alta Producción de Hielo;456;C02 - Compresor 2 - 127;R01 - Rolitera 1;32764,2;32766,21;2,0099999999983993;ROLITO EN BOLSAS 14 KG;34;2,0099999999983993;14;476
25;7;2023;2023-07-25;mreinero;Alta Producción de Hielo;457;C02 - Compresor 2 - 127;R01 - Rolitera 1;33766,21;33776,81;10,599999999998545;ROLITO EN BOLSAS 14 KG;96;10,599999999998545;14;1344
25;7;2023;2023-07-25;mreinero;Alta Producción de Hielo;457;C02 - Compresor 2 - 127;R01 - Rolitera 1;33766,21;33776,81;10,599999999998545;ROLITO EN BOLSAS 2 KG;548;10,599999999998545;2;1096
25;7;2023;2023-07-25;mreinero;Alta Producción de Hielo;457;C02 - Compresor 2 - 127;R01 - Rolitera 1;33766,21;33776,81;10,599999999998545;ROLITO EN BOLSAS 4 KG;5;10,599999999998545;4;20
26;7;2023;2023-07-26;mreinero;Alta Producción de Hielo;458;C04 - Compresor 4 - 127;R01 - Rolitera 1;1944,72;1948,38;3,660000000000082;ROLITO EN BOLSAS 14 KG;60;3,660000000000082;14;840
26;7;2023;2023-07-26;mreinero;Alta Producción de Hielo;459;C04 - Compresor 4 - 127;R02 - Rolitera 2;0,0;0,0;0,0;ROLITO EN BOLSAS 2 KG;366;0,0;2;732
26;7;2023;2023-07-26;mreinero;Alta Producción de Hielo;460;C02 - Compresor 2 - 127;R01 - Rolitera 1;32776,81;32783,54;6,730000000003201;ROLITO EN BOLSAS 14 KG;86;6,730000000003201;14;1204
26;7;2023;2023-07-26;mreinero;Alta Producción de Hielo;460;C02 - Compresor 2 - 127;R01 - Rolitera 1;32776,81;32783,54;6,730000000003201;ROLITO EN BOLSAS 2 KG;60;6,730000000003201;2;120
26;7;2023;2023-07-26;mreinero;Alta Producción de Hielo;460;C02 - Compresor 2 - 127;R01 - Rolitera 1;32776,81;32783,54;6,730000000003201;ROLITO EN BOLSAS 4 KG;30;6,730000000003201;4;120
26;7;2023;2023-07-26;mreinero;Alta Producción de Hielo;460;C02 - Compresor 2 - 127;R01 - Rolitera 1;32776,81;32783,54;6,730000000003201;ROLITO EN BOLSAS 7 KG;23;6,730000000003201;7;161
27;7;2023;2023-07-27;mreinero;Alta Producción de Hielo;461;C02 - Compresor 2 - 127;R01 - Rolitera 1;32783,54;32791,86;8,319999999999709;ROLITO EN BOLSAS 14 KG;91;8,319999999999709;14;1274
27;7;2023;2023-07-27;mreinero;Alta Producción de Hielo;461;C02 - Compresor 2 - 127;R01 - Rolitera 1;32783,54;32791,86;8,319999999999709;ROLITO EN BOLSAS 2 KG;305;8,319999999999709;2;610
27;7;2023;2023-07-27;mreinero;Alta Producción de Hielo;462;C02 - Compresor 2 - 127;R01 - Rolitera 1;32791,86;32793,41;1,5500000000029104;ROLITO EN BOLSAS 14 KG;26;1,5500000000029104;14;364
28;7;2023;2023-07-28;mreinero;Alta Producción de Hielo;463;C02 - Compresor 2 - 127;R01 - Rolitera 1;32793,41;32798,61;5,19999999999709;ROLITO EN BOLSAS 14 KG;45;5,19999999999709;14;630
28;7;2023;2023-07-28;mreinero;Alta Producción de Hielo;463;C02 - Compresor 2 - 127;R01 - Rolitera 1;32793,41;32798,61;5,19999999999709;ROLITO EN BOLSAS 2 KG;317;5,19999999999709;2;634
29;7;2023;2023-07-29;mreinero;Alta Producción de Hielo;464;C02 - Compresor 2 - 127;R01 - Rolitera 1;32798,61;32799,49;0,8799999999973807;ROLITO EN BOLSAS 14 KG;13;0,8799999999973807;14;182
29;7;2023;2023-07-29;mreinero;Alta Producción de Hielo;464;C02 - Compresor 2 - 127;R01 - Rolitera 1;32798,61;32799,49;0,8799999999973807;ROLITO EN BOLSAS 2 KG;61;0,8799999999973807;2;122
31;7;2023;2023-07-31;mreinero;Alta Producción de Hielo;465;C02 - Compresor 2 - 127;R01 - Rolitera 1;32799,49;32808,31;8,819999999999709;ROLITO EN BOLSAS 14 KG;95;8,819999999999709;14;1330
31;7;2023;2023-07-31;mreinero;Alta Producción de Hielo;465;C02 - Compresor 2 - 127;R01 - Rolitera 1;32799,49;32808,31;8,819999999999709;ROLITO EN BOLSAS 2 KG;240;8,819999999999709;2;480
31;7;2023;2023-07-31;mreinero;Alta Producción de Hielo;465;C02 - Compresor 2 - 127;R01 - Rolitera 1;32799,49;32808,31;8,819999999999709;ROLITO EN BOLSAS 7 KG;1;8,819999999999709;7;7
1;8;2023;2023-08-01;mreinero;Alta Producción de Hielo;466;C02 - Compresor 2 - 127;R01 - Rolitera 1;32808,31;32816,03;7,720000000001164;ROLITO EN BOLSAS 14 KG;81;7,720000000001164;14;1134
1;8;2023;2023-08-01;mreinero;Alta Producción de Hielo;466;C02 - Compresor 2 - 127;R01 - Rolitera 1;32808,31;32816,03;7,720000000001164;ROLITO EN BOLSAS 2 KG;297;7,720000000001164;2;594
2;8;2023;2023-08-02;mreinero;Alta Producción de Hielo;467;C02 - Compresor 2 - 127;R01 - Rolitera 1;32816,05;32827,19;11,139999999999418;ROLITO EN BOLSAS 14 KG;136;11,139999999999418;14;1904
2;8;2023;2023-08-02;mreinero;Alta Producción de Hielo;467;C02 - Compresor 2 - 127;R01 - Rolitera 1;32816,05;32827,19;11,139999999999418;ROLITO EN BOLSAS 2 KG;246;11,139999999999418;2;492
3;8;2023;2023-08-03;mreinero;Alta Producción de Hielo;468;C02 - Compresor 2 - 127;R01 - Rolitera 1;32827,19;32832,72;5,529999999998836;ROLITO EN BOLSAS 14 KG;63;5,529999999998836;14;882
3;8;2023;2023-08-03;mreinero;Alta Producción de Hielo;468;C02 - Compresor 2 - 127;R01 - Rolitera 1;32827,19;32832,72;5,529999999998836;ROLITO EN BOLSAS 2 KG;187;5,529999999998836;2;374
3;8;2023;2023-08-03;mreinero;Alta Producción de Hielo;469;C04 - Compresor 4 - 127;R01 - Rolitera 1;1948,38;1950,18;1,7999999999999545;ROLITO EN BOLSAS 14 KG;30;1,7999999999999545;14;420
3;8;2023;2023-08-03;mreinero;Alta Producción de Hielo;470;C04 - Compresor 4 - 127;R02 - Rolitera 2;0,0;0,0;0,0;ROLITO EN BOLSAS 2 KG;143;0,0;2;286
4;8;2023;2023-08-04;mreinero;Alta Producción de Hielo;471;C02 - Compresor 2 - 127;R01 - Rolitera 1;32832,72;32840,39;7,669999999998254;ROLITO EN BOLSAS 14 KG;77;7,669999999998254;14;1078
4;8;2023;2023-08-04;mreinero;Alta Producción de Hielo;471;C02 - Compresor 2 - 127;R01 - Rolitera 1;32832,72;32840,39;7,669999999998254;ROLITO EN BOLSAS 2 KG;304;7,669999999998254;2;608
5;8;2023;2023-08-05;mreinero;Alta Producción de Hielo;472;C02 - Compresor 2 - 127;R01 - Rolitera 1;32840,39;32843,08;2,6900000000023283;ROLITO EN BOLSAS 14 KG;45;2,6900000000023283;14;630
5;8;2023;2023-08-05;mreinero;Alta Producción de Hielo;472;C02 - Compresor 2 - 127;R01 - Rolitera 1;32840,39;32843,08;2,6900000000023283;ROLITO EN BOLSAS 2 KG;10;2,6900000000023283;2;20
7;8;2023;2023-08-07;mreinero;Alta Producción de Hielo;473;C02 - Compresor 2 - 127;R01 - Rolitera 1;32843,08;32850,84;7,759999999994761;ROLITO EN BOLSAS 14 KG;90;7,759999999994761;14;1260
7;8;2023;2023-08-07;mreinero;Alta Producción de Hielo;473;C02 - Compresor 2 - 127;R01 - Rolitera 1;32843,08;32850,84;7,759999999994761;ROLITO EN BOLSAS 2 KG;190;7,759999999994761;2;380
7;8;2023;2023-08-07;mreinero;Alta Producción de Hielo;473;C02 - Compresor 2 - 127;R01 - Rolitera 1;32843,08;32850,84;7,759999999994761;ROLITO EN BOLSAS 4 KG;36;7,759999999994761;4;144
7;8;2023;2023-08-07;mreinero;Alta Producción de Hielo;473;C02 - Compresor 2 - 127;R01 - Rolitera 1;32843,08;32850,84;7,759999999994761;ROLITO EN BOLSAS 7 KG;7;7,759999999994761;7;49
7;8;2023;2023-08-07;mreinero;Alta Producción de Hielo;474;C04 - Compresor 4 - 127;R01 - Rolitera 1;1950,18;1953,33;3,1499999999998636;ROLITO EN BOLSAS 14 KG;34;3,1499999999998636;14;476
7;8;2023;2023-08-07;mreinero;Alta Producción de Hielo;474;C04 - Compresor 4 - 127;R01 - Rolitera 1;1950,18;1953,33;3,1499999999998636;ROLITO EN BOLSAS 2 KG;123;3,1499999999998636;2;246
7;8;2023;2023-08-07;mreinero;Alta Producción de Hielo;475;C04 - Compresor 4 - 127;R02 - Rolitera 2;0,0;0,0;0,0;ROLITO EN BOLSAS 2 KG;292;0,0;2;584
8;8;2023;2023-08-08;mreinero;Alta Producción de Hielo;476;C04 - Compresor 4 - 127;R01 - Rolitera 1;1953,33;1957,11;3,7799999999999727;ROLITO EN BOLSAS 14 KG;60;3,7799999999999727;14;840
8;8;2023;2023-08-08;mreinero;Alta Producción de Hielo;477;C04 - Compresor 4 - 127;R02 - Rolitera 2;0,0;0,0;0,0;ROLITO EN BOLSAS 2 KG;375;0,0;2;750
8;8;2023;2023-08-08;mreinero;Alta Producción de Hielo;478;C02 - Compresor 2 - 127;R01 - Rolitera 1;32850,85;32858,74;7,889999999999418;ROLITO EN BOLSAS 14 KG;68;7,889999999999418;14;952
8;8;2023;2023-08-08;mreinero;Alta Producción de Hielo;478;C02 - Compresor 2 - 127;R01 - Rolitera 1;32850,85;32858,74;7,889999999999418;ROLITO EN BOLSAS 2 KG;376;7,889999999999418;2;752
8;8;2023;2023-08-08;mreinero;Alta Producción de Hielo;478;C02 - Compresor 2 - 127;R01 - Rolitera 1;32850,85;32858,74;7,889999999999418;ROLITO EN BOLSAS 4 KG;37;7,889999999999418;4;148
8;8;2023;2023-08-08;mreinero;Alta Producción de Hielo;478;C02 - Compresor 2 - 127;R01 - Rolitera 1;32850,85;32858,74;7,889999999999418;ROLITO EN BOLSAS 7 KG;1;7,889999999999418;7;7
9;8;2023;2023-08-09;mreinero;Alta Producción de Hielo;479;C04 - Compresor 4 - 127;R01 - Rolitera 1;1957,11;1960,89;3,7800000000002;ROLITO EN BOLSAS 14 KG;23;3,7800000000002;14;322
9;8;2023;2023-08-09;mreinero;Alta Producción de Hielo;479;C04 - Compresor 4 - 127;R01 - Rolitera 1;1957,11;1960,89;3,7800000000002;ROLITO EN BOLSAS 2 KG;184;3,7800000000002;2;368
9;8;2023;2023-08-09;mreinero;Alta Producción de Hielo;479;C04 - Compresor 4 - 127;R01 - Rolitera 1;1957,11;1960,89;3,7800000000002;ROLITO EN BOLSAS 7 KG;19;3,7800000000002;7;133
9;8;2023;2023-08-09;mreinero;Alta Producción de Hielo;480;C04 - Compresor 4 - 127;R02 - Rolitera 2;0,0;0,0;0,0;ROLITO EN BOLSAS 2 KG;366;0,0;2;732
9;8;2023;2023-08-09;mreinero;Alta Producción de Hielo;481;C02 - Compresor 2 - 127;R01 - Rolitera 1;32858,74;32866,43;7,690000000002328;ROLITO EN BOLSAS 14 KG;90;7,690000000002328;14;1260
9;8;2023;2023-08-09;mreinero;Alta Producción de Hielo;481;C02 - Compresor 2 - 127;R01 - Rolitera 1;32858,74;32866,43;7,690000000002328;ROLITO EN BOLSAS 2 KG;243;7,690000000002328;2;486
10;8;2023;2023-08-10;mreinero;Alta Producción de Hielo;482;C04 - Compresor 4 - 127;R01 - Rolitera 1;1960,89;1962,78;1,8899999999998727;ROLITO EN BOLSAS 2 KG;181;1,8899999999998727;2;362
10;8;2023;2023-08-10;mreinero;Alta Producción de Hielo;483;C04 - Compresor 4 - 127;R02 - Rolitera 2;0,0;0,0;0,0;ROLITO EN BOLSAS 2 KG;146;0,0;2;292
10;8;2023;2023-08-10;mreinero;Alta Producción de Hielo;484;C02 - Compresor 2 - 127;R01 - Rolitera 1;32866,43;32875,52;9,089999999996508;ROLITO EN BOLSAS 14 KG;62;9,089999999996508;14;868
10;8;2023;2023-08-10;mreinero;Alta Producción de Hielo;484;C02 - Compresor 2 - 127;R01 - Rolitera 1;32866,43;32875,52;9,089999999996508;ROLITO EN BOLSAS 2 KG;607;9,089999999996508;2;1214
11;8;2023;2023-08-11;mreinero;Alta Producción de Hielo;485;C02 - Compresor 2 - 127;R01 - Rolitera 1;32875,52;32879,63;4,110000000000582;ROLITO EN BOLSAS 14 KG;15;4,110000000000582;14;210
11;8;2023;2023-08-11;mreinero;Alta Producción de Hielo;485;C02 - Compresor 2 - 127;R01 - Rolitera 1;32875,52;32879,63;4,110000000000582;ROLITO EN BOLSAS 2 KG;369;4,110000000000582;2;738
11;8;2023;2023-08-11;mreinero;Alta Producción de Hielo;486;C02 - Compresor 2 - 127;R01 - Rolitera 1;32879,63;32882,64;3,0100000000020373;ROLITO EN BOLSAS 14 KG;41;3,0100000000020373;14;574
11;8;2023;2023-08-11;mreinero;Alta Producción de Hielo;486;C02 - Compresor 2 - 127;R01 - Rolitera 1;32879,63;32882,64;3,0100000000020373;ROLITO EN BOLSAS 2 KG;62;3,0100000000020373;2;124
12;8;2023;2023-08-12;mreinero;Alta Producción de Hielo;487;C02 - Compresor 2 - 127;R01 - Rolitera 1;32882,64;32886,16;3,5200000000040745;ROLITO EN BOLSAS 14 KG;10;3,5200000000040745;14;140
12;8;2023;2023-08-12;mreinero;Alta Producción de Hielo;487;C02 - Compresor 2 - 127;R01 - Rolitera 1;32882,64;32886,16;3,5200000000040745;ROLITO EN BOLSAS 2 KG;317;3,5200000000040745;2;634
14;8;2023;2023-08-14;mreinero;Alta Producción de Hielo;488;C04 - Compresor 4 - 127;R01 - Rolitera 1;1962,78;1965,23;2,4500000000000455;ROLITO EN BOLSAS 14 KG;6;2,4500000000000455;14;84
14;8;2023;2023-08-14;mreinero;Alta Producción de Hielo;488;C04 - Compresor 4 - 127;R01 - Rolitera 1;1962,78;1965,23;2,4500000000000455;ROLITO EN BOLSAS 2 KG;244;2,4500000000000455;2;488
14;8;2023;2023-08-14;mreinero;Alta Producción de Hielo;489;C04 - Compresor 4 - 127;R02 - Rolitera 2;0,0;0,0;0,0;ROLITO EN BOLSAS 2 KG;149;0,0;2;298
14;8;2023;2023-08-14;mreinero;Alta Producción de Hielo;489;C04 - Compresor 4 - 127;R02 - Rolitera 2;0,0;0,0;0,0;ROLITO EN BOLSAS 4 KG;43;0,0;4;172
14;8;2023;2023-08-14;mreinero;Alta Producción de Hielo;490;C02 - Compresor 2 - 127;R01 - Rolitera 1;32886,16;32894,08;7,919999999998254;ROLITO EN BOLSAS 14 KG;17;7,919999999998254;14;238
14;8;2023;2023-08-14;mreinero;Alta Producción de Hielo;490;C02 - Compresor 2 - 127;R01 - Rolitera 1;32886,16;32894,08;7,919999999998254;ROLITO EN BOLSAS 2 KG;298;7,919999999998254;2;596
14;8;2023;2023-08-14;mreinero;Alta Producción de Hielo;490;C02 - Compresor 2 - 127;R01 - Rolitera 1;32886,16;32894,08;7,919999999998254;ROLITO EN BOLSAS 4 KG;254;7,919999999998254;4;1016
15;8;2023;2023-08-15;mreinero;Alta Producción de Hielo;491;C02 - Compresor 2 - 127;R01 - Rolitera 1;32894,08;32899,34;5,259999999994761;ROLITO EN BOLSAS 14 KG;21;5,259999999994761;14;294
15;8;2023;2023-08-15;mreinero;Alta Producción de Hielo;491;C02 - Compresor 2 - 127;R01 - Rolitera 1;32894,08;32899,34;5,259999999994761;ROLITO EN BOLSAS 4 KG;252;5,259999999994761;4;1008
15;8;2023;2023-08-15;mreinero;Alta Producción de Hielo;492;C02 - Compresor 2 - 127;R01 - Rolitera 1;32899,34;32904,61;5,2700000000040745;ROLITO EN BOLSAS 14 KG;30;5,2700000000040745;14;420
15;8;2023;2023-08-15;mreinero;Alta Producción de Hielo;492;C02 - Compresor 2 - 127;R01 - Rolitera 1;32899,34;32904,61;5,2700000000040745;ROLITO EN BOLSAS 2 KG;308;5,2700000000040745;2;616
15;8;2023;2023-08-15;mreinero;Alta Producción de Hielo;492;C02 - Compresor 2 - 127;R01 - Rolitera 1;32899,34;32904,61;5,2700000000040745;ROLITO EN BOLSAS 7 KG;20;5,2700000000040745;7;140
16;8;2023;2023-08-16;mreinero;Alta Producción de Hielo;493;C02 - Compresor 2 - 127;R01 - Rolitera 1;32904,61;32916,21;11,599999999998545;ROLITO EN BOLSAS 14 KG;84;11,599999999998545;14;1176
16;8;2023;2023-08-16;mreinero;Alta Producción de Hielo;493;C02 - Compresor 2 - 127;R01 - Rolitera 1;32904,61;32916,21;11,599999999998545;ROLITO EN BOLSAS 2 KG;667;11,599999999998545;2;1334
17;8;2023;2023-08-17;mreinero;Alta Producción de Hielo;494;C04 - Compresor 4 - 127;R01 - Rolitera 1;1965,23;1967,7;2,4700000000000273;ROLITO EN BOLSAS 2 KG;251;2,4700000000000273;2;502
17;8;2023;2023-08-17;mreinero;Alta Producción de Hielo;495;C04 - Compresor 4 - 127;R02 - Rolitera 2;0,0;0,0;0,0;ROLITO EN BOLSAS 2 KG;213;0,0;2;426
17;8;2023;2023-08-17;mreinero;Alta Producción de Hielo;496;C02 - Compresor 2 - 127;R01 - Rolitera 1;32916,21;32925,28;9,069999999999709;ROLITO EN BOLSAS 14 KG;60;9,069999999999709;14;840
17;8;2023;2023-08-17;mreinero;Alta Producción de Hielo;496;C02 - Compresor 2 - 127;R01 - Rolitera 1;32916,21;32925,28;9,069999999999709;ROLITO EN BOLSAS 2 KG;618;9,069999999999709;2;1236
18;8;2023;2023-08-18;mreinero;Alta Producción de Hielo;497;C02 - Compresor 2 - 127;R01 - Rolitera 1;32925,28;32936,76;11,480000000003201;ROLITO EN BOLSAS 14 KG;94;11,480000000003201;14;1316
18;8;2023;2023-08-18;mreinero;Alta Producción de Hielo;497;C02 - Compresor 2 - 127;R01 - Rolitera 1;32925,28;32936,76;11,480000000003201;ROLITO EN BOLSAS 2 KG;494;11,480000000003201;2;988
18;8;2023;2023-08-18;mreinero;Alta Producción de Hielo;497;C02 - Compresor 2 - 127;R01 - Rolitera 1;32925,28;32936,76;11,480000000003201;ROLITO EN BOLSAS 4 KG;71;11,480000000003201;4;284
18;8;2023;2023-08-18;mreinero;Alta Producción de Hielo;497;C02 - Compresor 2 - 127;R01 - Rolitera 1;32925,28;32936,76;11,480000000003201;ROLITO EN BOLSAS 7 KG;37;11,480000000003201;7;259
19;8;2023;2023-08-19;mreinero;Alta Producción de Hielo;498;C02 - Compresor 2 - 127;R01 - Rolitera 1;32936,76;32940,78;4,019999999996799;ROLITO EN BOLSAS 14 KG;11;4,019999999996799;14;154
19;8;2023;2023-08-19;mreinero;Alta Producción de Hielo;498;C02 - Compresor 2 - 127;R01 - Rolitera 1;32936,76;32940,78;4,019999999996799;ROLITO EN BOLSAS 2 KG;381;4,019999999996799;2;762
22;8;2023;2023-08-22;mreinero;Alta Producción de Hielo;499;C04 - Compresor 4 - 127;R01 - Rolitera 1;1967,7;1977,17;9,470000000000027;ROLITO EN BOLSAS 2 KG;714;9,470000000000027;2;1428
22;8;2023;2023-08-22;mreinero;Alta Producción de Hielo;500;C04 - Compresor 4 - 127;R02 - Rolitera 2;0,0;0,0;0,0;ROLITO EN BOLSAS 14 KG;83;0,0;14;1162
22;8;2023;2023-08-22;mreinero;Alta Producción de Hielo;501;C02 - Compresor 2 - 127;R01 - Rolitera 1;32940,78;32942,65;1,8700000000026193;ROLITO EN BOLSAS 14 KG;3;1,8700000000026193;14;42
22;8;2023;2023-08-22;mreinero;Alta Producción de Hielo;501;C02 - Compresor 2 - 127;R01 - Rolitera 1;32940,78;32942,65;1,8700000000026193;ROLITO EN BOLSAS 2 KG;184;1,8700000000026193;2;368
22;8;2023;2023-08-22;mreinero;Alta Producción de Hielo;501;C02 - Compresor 2 - 127;R01 - Rolitera 1;32940,78;32942,65;1,8700000000026193;ROLITO EN BOLSAS 7 KG;1;1,8700000000026193;7;7
23;8;2023;2023-08-23;mreinero;Alta Producción de Hielo;502;C02 - Compresor 2 - 127;R01 - Rolitera 1;32942,65;32947,56;4,9099999999962165;ROLITO EN BOLSAS 14 KG;42;4,9099999999962165;14;588
23;8;2023;2023-08-23;mreinero;Alta Producción de Hielo;502;C02 - Compresor 2 - 127;R01 - Rolitera 1;32942,65;32947,56;4,9099999999962165;ROLITO EN BOLSAS 2 KG;259;4,9099999999962165;2;518
24;8;2023;2023-08-24;mreinero;Alta Producción de Hielo;503;C04 - Compresor 4 - 127;R01 - Rolitera 1;1977,12;1980,77;3,650000000000091;ROLITO EN BOLSAS 14 KG;60;3,650000000000091;14;840
24;8;2023;2023-08-24;mreinero;Alta Producción de Hielo;503;C04 - Compresor 4 - 127;R01 - Rolitera 1;1977,12;1980,77;3,650000000000091;ROLITO EN BOLSAS 2 KG;379;3,650000000000091;2;758
24;8;2023;2023-08-24;mreinero;Alta Producción de Hielo;504;C02 - Compresor 2 - 127;R01 - Rolitera 1;32947,63;32955,49;7,860000000000582;ROLITO EN BOLSAS 14 KG;92;7,860000000000582;14;1288
24;8;2023;2023-08-24;mreinero;Alta Producción de Hielo;504;C02 - Compresor 2 - 127;R01 - Rolitera 1;32947,63;32955,49;7,860000000000582;ROLITO EN BOLSAS 2 KG;319;7,860000000000582;2;638
25;8;2023;2023-08-25;mreinero;Alta Producción de Hielo;505;C02 - Compresor 2 - 127;R01 - Rolitera 1;32955,49;32959,0;3,5100000000020373;ROLITO EN BOLSAS 14 KG;16;3,5100000000020373;14;224
25;8;2023;2023-08-25;mreinero;Alta Producción de Hielo;505;C02 - Compresor 2 - 127;R01 - Rolitera 1;32955,49;32959,0;3,5100000000020373;ROLITO EN BOLSAS 2 KG;318;3,5100000000020373;2;636
25;8;2023;2023-08-25;mreinero;Alta Producción de Hielo;506;C02 - Compresor 2 - 127;R01 - Rolitera 1;32959,0;32961,31;2,3099999999976717;ROLITO EN BOLSAS 14 KG;30;2,3099999999976717;14;420
25;8;2023;2023-08-25;mreinero;Alta Producción de Hielo;506;C02 - Compresor 2 - 127;R01 - Rolitera 1;32959,0;32961,31;2,3099999999976717;ROLITO EN BOLSAS 2 KG;63;2,3099999999976717;2;126
26;8;2023;2023-08-26;mreinero;Alta Producción de Hielo;507;C02 - Compresor 2 - 127;R01 - Rolitera 1;32961,31;32964,76;3,4500000000043656;ROLITO EN BOLSAS 14 KG;8;3,4500000000043656;14;112
26;8;2023;2023-08-26;mreinero;Alta Producción de Hielo;507;C02 - Compresor 2 - 127;R01 - Rolitera 1;32961,31;32964,76;3,4500000000043656;ROLITO EN BOLSAS 2 KG;306;3,4500000000043656;2;612
28;8;2023;2023-08-28;mreinero;Alta Producción de Hielo;508;C04 - Compresor 4 - 127;R01 - Rolitera 1;1980,77;1983,78;3,009999999999991;ROLITO EN BOLSAS 2 KG;315;3,009999999999991;2;630
28;8;2023;2023-08-28;mreinero;Alta Producción de Hielo;508;C04 - Compresor 4 - 127;R01 - Rolitera 1;1980,77;1983,78;3,009999999999991;ROLITO EN BOLSAS 4 KG;7;3,009999999999991;4;28
28;8;2023;2023-08-28;mreinero;Alta Producción de Hielo;509;C04 - Compresor 4 - 127;R02 - Rolitera 2;0,0;0,0;0,0;ROLITO EN BOLSAS 2 KG;296;0,0;2;592
28;8;2023;2023-08-28;mreinero;Alta Producción de Hielo;510;C02 - Compresor 2 - 127;R01 - Rolitera 1;32964,76;32972,11;7,349999999998545;ROLITO EN BOLSAS 14 KG;51;7,349999999998545;14;714
28;8;2023;2023-08-28;mreinero;Alta Producción de Hielo;510;C02 - Compresor 2 - 127;R01 - Rolitera 1;32964,76;32972,11;7,349999999998545;ROLITO EN BOLSAS 2 KG;456;7,349999999998545;2;912
29;8;2023;2023-08-29;mreinero;Alta Producción de Hielo;511;C02 - Compresor 2 - 127;R01 - Rolitera 1;32972,11;32983,26;11,150000000001455;ROLITO EN BOLSAS 14 KG;22;11,150000000001455;14;308
29;8;2023;2023-08-29;mreinero;Alta Producción de Hielo;511;C02 - Compresor 2 - 127;R01 - Rolitera 1;32972,11;32983,26;11,150000000001455;ROLITO EN BOLSAS 2 KG;1168;11,150000000001455;2;2336
30;8;2023;2023-08-30;mreinero;Alta Producción de Hielo;512;C02 - Compresor 2 - 127;R01 - Rolitera 1;32983,26;32989,66;6,400000000001455;ROLITO EN BOLSAS 14 KG;44;6,400000000001455;14;616
30;8;2023;2023-08-30;mreinero;Alta Producción de Hielo;512;C02 - Compresor 2 - 127;R01 - Rolitera 1;32983,26;32989,66;6,400000000001455;ROLITO EN BOLSAS 2 KG;448;6,400000000001455;2;896
30;8;2023;2023-08-30;mreinero;Alta Producción de Hielo;513;C04 - Compresor 4 - 127;R01 - Rolitera 1;1983,78;1987,37;3,589999999999918;ROLITO EN BOLSAS 14 KG;22;3,589999999999918;14;308
30;8;2023;2023-08-30;mreinero;Alta Producción de Hielo;513;C04 - Compresor 4 - 127;R01 - Rolitera 1;1983,78;1987,37;3,589999999999918;ROLITO EN BOLSAS 2 KG;259;3,589999999999918;2;518
30;8;2023;2023-08-30;mreinero;Alta Producción de Hielo;514;C04 - Compresor 4 - 127;R02 - Rolitera 2;0,0;0,0;0,0;ROLITO EN BOLSAS 2 KG;390;0,0;2;780
31;8;2023;2023-08-31;mreinero;Alta Producción de Hielo;515;C04 - Compresor 4 - 127;R01 - Rolitera 1;1987,37;1990,97;3,6000000000001364;ROLITO EN BOLSAS 14 KG;21;3,6000000000001364;14;294
31;8;2023;2023-08-31;mreinero;Alta Producción de Hielo;515;C04 - Compresor 4 - 127;R01 - Rolitera 1;1987,37;1990,97;3,6000000000001364;ROLITO EN BOLSAS 2 KG;254;3,6000000000001364;2;508
31;8;2023;2023-08-31;mreinero;Alta Producción de Hielo;516;C04 - Compresor 4 - 127;R02 - Rolitera 2;0,0;0,0;0,0;ROLITO EN BOLSAS 2 KG;397;0,0;2;794
31;8;2023;2023-08-31;mreinero;Alta Producción de Hielo;517;C02 - Compresor 2 - 127;R01 - Rolitera 1;32989,66;32997,06;7,399999999994179;ROLITO EN BOLSAS 14 KG;86;7,399999999994179;14;1204
31;8;2023;2023-08-31;mreinero;Alta Producción de Hielo;517;C02 - Compresor 2 - 127;R01 - Rolitera 1;32989,66;32997,06;7,399999999994179;ROLITO EN BOLSAS 2 KG;261;7,399999999994179;2;522
1;9;2023;2023-09-01;mreinero;Alta Producción de Hielo;518;C04 - Compresor 4 - 127;R01 - Rolitera 1;1990,97;1994,64;3,6700000000000728;ROLITO EN BOLSAS 14 KG;62;3,6700000000000728;14;868
1;9;2023;2023-09-01;mreinero;Alta Producción de Hielo;519;C04 - Compresor 4 - 127;R02 - Rolitera 2;0,0;0,0;0,0;ROLITO EN BOLSAS 2 KG;383;0,0;2;766
1;9;2023;2023-09-01;mreinero;Alta Producción de Hielo;520;C02 - Compresor 2 - 127;R01 - Rolitera 1;32997,06;32998,42;1,360000000000582;ROLITO EN BOLSAS 14 KG;23;1,360000000000582;14;322
1;9;2023;2023-09-01;mreinero;Alta Producción de Hielo;521;C02 - Compresor 2 - 127;R01 - Rolitera 1;32998,42;33000,77;2,349999999998545;ROLITO EN BOLSAS 14 KG;20;2,349999999998545;14;280
1;9;2023;2023-09-01;mreinero;Alta Producción de Hielo;521;C02 - Compresor 2 - 127;R01 - Rolitera 1;32998,42;33000,77;2,349999999998545;ROLITO EN BOLSAS 4 KG;68;2,349999999998545;4;272
2;9;2023;2023-09-02;mreinero;Alta Producción de Hielo;522;C02 - Compresor 2 - 127;R01 - Rolitera 1;33000,77;33004,07;3,3000000000029104;ROLITO EN BOLSAS 14 KG;52;3,3000000000029104;14;728
4;9;2023;2023-09-04;mreinero;Alta Producción de Hielo;523;C04 - Compresor 4 - 127;R01 - Rolitera 1;1994,64;2004,04;9,399999999999864;ROLITO EN BOLSAS 14 KG;75;9,399999999999864;14;1050
4;9;2023;2023-09-04;mreinero;Alta Producción de Hielo;523;C04 - Compresor 4 - 127;R01 - Rolitera 1;1994,64;2004,04;9,399999999999864;ROLITO EN BOLSAS 2 KG;644;9,399999999999864;2;1288
4;9;2023;2023-09-04;mreinero;Alta Producción de Hielo;523;C04 - Compresor 4 - 127;R01 - Rolitera 1;1994,64;2004,04;9,399999999999864;ROLITO EN BOLSAS 7 KG;1;9,399999999999864;7;7
4;9;2023;2023-09-04;mreinero;Alta Producción de Hielo;524;C04 - Compresor 4 - 127;R02 - Rolitera 2;0,0;0,0;0,0;ROLITO EN BOLSAS 2 KG;624;0,0;2;1248
4;9;2023;2023-09-04;mreinero;Alta Producción de Hielo;525;C02 - Compresor 2 - 127;R01 - Rolitera 1;33004,07;33005,76;1,6900000000023283;ROLITO EN BOLSAS 2 KG;192;1,6900000000023283;2;384
5;9;2023;2023-09-05;mreinero;Alta Producción de Hielo;526;C04 - Compresor 4 - 127;R01 - Rolitera 1;2004,04;2015,74;11,700000000000045;ROLITO EN BOLSAS 14 KG;115;11,700000000000045;14;1610
5;9;2023;2023-09-05;mreinero;Alta Producción de Hielo;526;C04 - Compresor 4 - 127;R01 - Rolitera 1;2004,04;2015,74;11,700000000000045;ROLITO EN BOLSAS 2 KG;735;11,700000000000045;2;1470
5;9;2023;2023-09-05;mreinero;Alta Producción de Hielo;527;C04 - Compresor 4 - 127;R02 - Rolitera 2;0,0;0,0;0,0;ROLITO EN BOLSAS 2 KG;384;0,0;2;768
6;9;2023;2023-09-06;mreinero;Alta Producción de Hielo;528;C04 - Compresor 4 - 127;R01 - Rolitera 1;2015,74;2019,26;3,519999999999982;ROLITO EN BOLSAS 14 KG;22;3,519999999999982;14;308
6;9;2023;2023-09-06;mreinero;Alta Producción de Hielo;528;C04 - Compresor 4 - 127;R01 - Rolitera 1;2015,74;2019,26;3,519999999999982;ROLITO EN BOLSAS 2 KG;252;3,519999999999982;2;504
6;9;2023;2023-09-06;mreinero;Alta Producción de Hielo;529;C04 - Compresor 4 - 127;R02 - Rolitera 2;0,0;0,0;0,0;ROLITO EN BOLSAS 2 KG;380;0,0;2;760
6;9;2023;2023-09-06;mreinero;Alta Producción de Hielo;530;C02 - Compresor 2 - 127;R01 - Rolitera 1;33005,76;33013,8;8,040000000000873;ROLITO EN BOLSAS 14 KG;72;8,040000000000873;14;1008
6;9;2023;2023-09-06;mreinero;Alta Producción de Hielo;530;C02 - Compresor 2 - 127;R01 - Rolitera 1;33005,76;33013,8;8,040000000000873;ROLITO EN BOLSAS 2 KG;461;8,040000000000873;2;922
7;9;2023;2023-09-07;mreinero;Alta Producción de Hielo;531;C02 - Compresor 2 - 127;R01 - Rolitera 1;33013,8;33017,28;3,4799999999959255;ROLITO EN BOLSAS 14 KG;36;3,4799999999959255;14;504
7;9;2023;2023-09-07;mreinero;Alta Producción de Hielo;531;C02 - Compresor 2 - 127;R01 - Rolitera 1;33013,8;33017,28;3,4799999999959255;ROLITO EN BOLSAS 2 KG;124;3,4799999999959255;2;248
7;9;2023;2023-09-07;mreinero;Alta Producción de Hielo;531;C02 - Compresor 2 - 127;R01 - Rolitera 1;33013,8;33017,28;3,4799999999959255;ROLITO EN BOLSAS 4 KG;1;3,4799999999959255;4;4
7;9;2023;2023-09-07;mreinero;Alta Producción de Hielo;532;C02 - Compresor 2 - 127;R01 - Rolitera 1;33017,28;33020,74;3,459999999999127;ROLITO EN BOLSAS 2 KG;190;3,459999999999127;2;380
7;9;2023;2023-09-07;mreinero;Alta Producción de Hielo;532;C02 - Compresor 2 - 127;R01 - Rolitera 1;33017,28;33020,74;3,459999999999127;ROLITO EN BOLSAS 7 KG;53;3,459999999999127;7;371
9;9;2023;2023-09-09;mreinero;Alta Producción de Hielo;533;C02 - Compresor 2 - 127;R01 - Rolitera 1;33020,74;33022,56;1,819999999999709;ROLITO EN BOLSAS 14 KG;31;1,819999999999709;14;434
9;9;2023;2023-09-09;mreinero;Alta Producción de Hielo;533;C02 - Compresor 2 - 127;R01 - Rolitera 1;33020,74;33022,56;1,819999999999709;ROLITO EN BOLSAS 2 KG;2;1,819999999999709;2;4
11;9;2023;2023-09-11;mreinero;Alta Producción de Hielo;534;C04 - Compresor 4 - 127;R01 - Rolitera 1;2019,26;2022,31;3,0499999999999545;ROLITO EN BOLSAS 14 KG;10;3,0499999999999545;14;140
11;9;2023;2023-09-11;mreinero;Alta Producción de Hielo;534;C04 - Compresor 4 - 127;R01 - Rolitera 1;2019,26;2022,31;3,0499999999999545;ROLITO EN BOLSAS 2 KG;246;3,0499999999999545;2;492
11;9;2023;2023-09-11;mreinero;Alta Producción de Hielo;535;C04 - Compresor 4 - 127;R02 - Rolitera 2;0,0;0,0;0,0;ROLITO EN BOLSAS 14 KG;12;0,0;14;168
11;9;2023;2023-09-11;mreinero;Alta Producción de Hielo;535;C04 - Compresor 4 - 127;R02 - Rolitera 2;0,0;0,0;0,0;ROLITO EN BOLSAS 2 KG;224;0,0;2;448
8;5;2023;2023-05-08;mreinero;Alta Producción de Hielo;536;C04 - Compresor 4 - 127;R02 - Rolitera 2;0,0;0,0;0,0;ROLITO EN BOLSAS 2 KG;355;0,0;2;710
11;9;2023;2023-09-11;mreinero;Alta Producción de Hielo;537;C02 - Compresor 2 - 127;R01 - Rolitera 1;33022,56;33030,23;7,67000000000553;ROLITO EN BOLSAS 14 KG;93;7,67000000000553;14;1302
11;9;2023;2023-09-11;mreinero;Alta Producción de Hielo;537;C02 - Compresor 2 - 127;R01 - Rolitera 1;33022,56;33030,23;7,67000000000553;ROLITO EN BOLSAS 2 KG;250;7,67000000000553;2;500
12;9;2023;2023-09-12;mreinero;Alta Producción de Hielo;538;C02 - Compresor 2 - 127;R01 - Rolitera 1;33030,23;33041,83;11,599999999998545;ROLITO EN BOLSAS 14 KG;53;11,599999999998545;14;742
12;9;2023;2023-09-12;mreinero;Alta Producción de Hielo;538;C02 - Compresor 2 - 127;R01 - Rolitera 1;33030,23;33041,83;11,599999999998545;ROLITO EN BOLSAS 2 KG;968;11,599999999998545;2;1936
12;9;2023;2023-09-12;mreinero;Alta Producción de Hielo;538;C02 - Compresor 2 - 127;R01 - Rolitera 1;33030,23;33041,83;11,599999999998545;ROLITO EN BOLSAS 4 KG;1;11,599999999998545;4;4
13;9;2023;2023-09-13;mreinero;Alta Producción de Hielo;539;C02 - Compresor 2 - 127;R01 - Rolitera 1;33041,83;33046,27;4,439999999995052;ROLITO EN BOLSAS 14 KG;25;4,439999999995052;14;350
13;9;2023;2023-09-13;mreinero;Alta Producción de Hielo;539;C02 - Compresor 2 - 127;R01 - Rolitera 1;33041,83;33046,27;4,439999999995052;ROLITO EN BOLSAS 2 KG;256;4,439999999995052;2;512
13;9;2023;2023-09-13;mreinero;Alta Producción de Hielo;539;C02 - Compresor 2 - 127;R01 - Rolitera 1;33041,83;33046,27;4,439999999995052;ROLITO EN BOLSAS 4 KG;36;4,439999999995052;4;144
13;9;2023;2023-09-13;mreinero;Alta Producción de Hielo;540;C04 - Compresor 4 - 127;R01 - Rolitera 1;2022,31;2029,14;6,830000000000155;ROLITO EN BOLSAS 14 KG;41;6,830000000000155;14;574
13;9;2023;2023-09-13;mreinero;Alta Producción de Hielo;540;C04 - Compresor 4 - 127;R01 - Rolitera 1;2022,31;2029,14;6,830000000000155;ROLITO EN BOLSAS 2 KG;588;6,830000000000155;2;1176
13;9;2023;2023-09-13;mreinero;Alta Producción de Hielo;541;C04 - Compresor 4 - 127;R02 - Rolitera 2;0,0;0,0;0,0;ROLITO EN BOLSAS 14 KG;13;0,0;14;182
13;9;2023;2023-09-13;mreinero;Alta Producción de Hielo;541;C04 - Compresor 4 - 127;R02 - Rolitera 2;0,0;0,0;0,0;ROLITO EN BOLSAS 2 KG;155;0,0;2;310
14;9;2023;2023-09-14;mreinero;Alta Producción de Hielo;542;C02 - Compresor 2 - 127;R01 - Rolitera 1;33046,27;33057,94;11,67000000000553;ROLITO EN BOLSAS 14 KG;140;11,67000000000553;14;1960
14;9;2023;2023-09-14;mreinero;Alta Producción de Hielo;542;C02 - Compresor 2 - 127;R01 - Rolitera 1;33046,27;33057,94;11,67000000000553;ROLITO EN BOLSAS 2 KG;384;11,67000000000553;2;768
15;9;2023;2023-09-15;mreinero;Alta Producción de Hielo;543;C02 - Compresor 2 - 127;R01 - Rolitera 1;33057,94;33061,41;3,470000000001164;ROLITO EN BOLSAS 14 KG;26;3,470000000001164;14;364
15;9;2023;2023-09-15;mreinero;Alta Producción de Hielo;543;C02 - Compresor 2 - 127;R01 - Rolitera 1;33057,94;33061,41;3,470000000001164;ROLITO EN BOLSAS 2 KG;189;3,470000000001164;2;378
15;9;2023;2023-09-15;mreinero;Alta Producción de Hielo;543;C02 - Compresor 2 - 127;R01 - Rolitera 1;33057,94;33061,41;3,470000000001164;ROLITO EN BOLSAS 7 KG;1;3,470000000001164;7;7
22;9;2023;2023-09-22;mreinero;Alta Producción de Hielo;544;C04 - Compresor 4 - 127;R01 - Rolitera 1;2029,14;2029,81;0,6699999999998454;ROLITO EN BOLSAS 14 KG;10;0,6699999999998454;14;140
22;9;2023;2023-09-22;mreinero;Alta Producción de Hielo;545;C02 - Compresor 2 - 127;R01 - Rolitera 1;33061,41;33063,08;1,6699999999982538;ROLITO EN BOLSAS 14 KG;24;1,6699999999982538;14;336
23;9;2023;2023-09-23;mreinero;Alta Producción de Hielo;546;C02 - Compresor 2 - 127;R01 - Rolitera 1;33063,08;33067,28;4,19999999999709;ROLITO EN BOLSAS 14 KG;53;4,19999999999709;14;742
23;9;2023;2023-09-23;mreinero;Alta Producción de Hielo;546;C02 - Compresor 2 - 127;R01 - Rolitera 1;33063,08;33067,28;4,19999999999709;ROLITO EN BOLSAS 7 KG;18;4,19999999999709;7;126
25;9;2023;2023-09-25;mreinero;Alta Producción de Hielo;547;C04 - Compresor 4 - 127;R01 - Rolitera 1;2029,81;2039,6;9,789999999999964;ROLITO EN BOLSAS 14 KG;160;9,789999999999964;14;2240
25;9;2023;2023-09-25;mreinero;Alta Producción de Hielo;548;C04 - Compresor 4 - 127;R02 - Rolitera 2;0,0;0,0;0,0;ROLITO EN BOLSAS 14 KG;83;0,0;14;1162
25;9;2023;2023-09-25;mreinero;Alta Producción de Hielo;548;C04 - Compresor 4 - 127;R02 - Rolitera 2;0,0;0,0;0,0;ROLITO EN BOLSAS 2 KG;626;0,0;2;1252
26;9;2023;2023-09-26;mreinero;Alta Producción de Hielo;549;C04 - Compresor 4 - 127;R01 - Rolitera 1;2039,6;2042,57;2,9700000000000273;ROLITO EN BOLSAS 14 KG;50;2,9700000000000273;14;700
26;9;2023;2023-09-26;mreinero;Alta Producción de Hielo;550;C04 - Compresor 4 - 127;R02 - Rolitera 2;0,0;0,0;0,0;ROLITO EN BOLSAS 14 KG;50;0,0;14;700
26;9;2023;2023-09-26;mreinero;Alta Producción de Hielo;551;C02 - Compresor 2 - 127;R01 - Rolitera 1;33067,28;33075,45;8,169999999998254;ROLITO EN BOLSAS 14 KG;80;8,169999999998254;14;1120
26;9;2023;2023-09-26;mreinero;Alta Producción de Hielo;551;C02 - Compresor 2 - 127;R01 - Rolitera 1;33067,28;33075,45;8,169999999998254;ROLITO EN BOLSAS 2 KG;358;8,169999999998254;2;716
28;9;2023;2023-09-28;mreinero;Alta Producción de Hielo;552;C02 - Compresor 2 - 127;R01 - Rolitera 1;33075,45;33078,36;2,9100000000034925;ROLITO EN BOLSAS 14 KG;51;2,9100000000034925;14;714
28;9;2023;2023-09-28;mreinero;Alta Producción de Hielo;553;C02 - Compresor 2 - 127;R01 - Rolitera 1;33078,36;33081,89;3,529999999998836;ROLITO EN BOLSAS 2 KG;361;3,529999999998836;2;722
28;9;2023;2023-09-28;mreinero;Alta Producción de Hielo;554;C04 - Compresor 4 - 127;R01 - Rolitera 1;2042,58;2046,09;3,509999999999991;ROLITO EN BOLSAS 14 KG;62;3,509999999999991;14;868
28;9;2023;2023-09-28;mreinero;Alta Producción de Hielo;555;C04 - Compresor 4 - 127;R02 - Rolitera 2;0,0;0,0;0,0;ROLITO EN BOLSAS 14 KG;61;0,0;14;854
29;9;2023;2023-09-29;mreinero;Alta Producción de Hielo;556;C04 - Compresor 4 - 127;R01 - Rolitera 1;2046,09;2049,6;3,509999999999991;ROLITO EN BOLSAS 14 KG;59;3,509999999999991;14;826
29;9;2023;2023-09-29;mreinero;Alta Producción de Hielo;557;C04 - Compresor 4 - 127;R02 - Rolitera 2;0,0;0,0;0,0;ROLITO EN BOLSAS 2 KG;347;0,0;2;694
29;9;2023;2023-09-29;mreinero;Alta Producción de Hielo;558;C04 - Compresor 4 - 127;R01 - Rolitera 1;2049,6;2051,34;1,7400000000002365;ROLITO EN BOLSAS 14 KG;30;1,7400000000002365;14;420
29;9;2023;2023-09-29;mreinero;Alta Producción de Hielo;559;C04 - Compresor 4 - 127;R02 - Rolitera 2;0,0;0,0;0,0;ROLITO EN BOLSAS 2 KG;141;0,0;2;282
30;9;2023;2023-09-30;mreinero;Alta Producción de Hielo;560;C04 - Compresor 4 - 127;R01 - Rolitera 1;2051,34;2054,84;3,5;ROLITO EN BOLSAS 14 KG;50;3,5;14;700
30;9;2023;2023-09-30;mreinero;Alta Producción de Hielo;560;C04 - Compresor 4 - 127;R01 - Rolitera 1;2051,34;2054,84;3,5;ROLITO EN BOLSAS 2 KG;59;3,5;2;118
30;9;2023;2023-09-30;mreinero;Alta Producción de Hielo;561;C04 - Compresor 4 - 127;R02 - Rolitera 2;0,0;0,0;0,0;ROLITO EN BOLSAS 2 KG;371;0,0;2;742
29;9;2023;2023-09-29;mreinero;Alta Producción de Hielo;562;C02 - Compresor 2 - 127;R01 - Rolitera 1;33081,89;33086,3;4,4100000000034925;ROLITO EN BOLSAS 14 KG;16;4,4100000000034925;14;224
29;9;2023;2023-09-29;mreinero;Alta Producción de Hielo;562;C02 - Compresor 2 - 127;R01 - Rolitera 1;33081,89;33086,3;4,4100000000034925;ROLITO EN BOLSAS 2 KG;354;4,4100000000034925;2;708
29;9;2023;2023-09-29;mreinero;Alta Producción de Hielo;563;C02 - Compresor 2 - 127;R01 - Rolitera 1;33081,89;33086,3;4,4100000000034925;ROLITO EN BOLSAS 14 KG;16;4,4100000000034925;14;224
29;9;2023;2023-09-29;mreinero;Alta Producción de Hielo;563;C02 - Compresor 2 - 127;R01 - Rolitera 1;33081,89;33086,3;4,4100000000034925;ROLITO EN BOLSAS 2 KG;354;4,4100000000034925;2;708
29;9;2023;2023-09-29;mreinero;Alta Producción de Hielo;564;C02 - Compresor 2 - 127;R01 - Rolitera 1;33086,3;33088,23;1,930000000000291;ROLITO EN BOLSAS 14 KG;31;1,930000000000291;14;434
30;9;2023;2023-09-30;mreinero;Alta Producción de Hielo;565;C02 - Compresor 2 - 127;R01 - Rolitera 1;33088,23;33089,34;1,1099999999933061;ROLITO EN BOLSAS 2 KG;59;1,1099999999933061;2;118
2;10;2023;2023-10-02;mreinero;Alta Producción de Hielo;566;C02 - Compresor 2 - 127;R01 - Rolitera 1;33089,34;33093,82;4,480000000003201;ROLITO EN BOLSAS 14 KG;19;4,480000000003201;14;266
2;10;2023;2023-10-02;mreinero;Alta Producción de Hielo;566;C02 - Compresor 2 - 127;R01 - Rolitera 1;33089,34;33093,82;4,480000000003201;ROLITO EN BOLSAS 2 KG;379;4,480000000003201;2;758
2;10;2023;2023-10-02;mreinero;Alta Producción de Hielo;567;C04 - Compresor 4 - 127;R01 - Rolitera 1;2054,84;2062,15;7,309999999999945;ROLITO EN BOLSAS 14 KG;71;7,309999999999945;14;994
2;10;2023;2023-10-02;mreinero;Alta Producción de Hielo;567;C04 - Compresor 4 - 127;R01 - Rolitera 1;2054,84;2062,15;7,309999999999945;ROLITO EN BOLSAS 2 KG;295;7,309999999999945;2;590
2;10;2023;2023-10-02;mreinero;Alta Producción de Hielo;568;C04 - Compresor 4 - 127;R02 - Rolitera 2;0,0;0,0;0,0;ROLITO EN BOLSAS 2 KG;813;0,0;2;1626
2;10;2023;2023-10-02;mreinero;Alta Producción de Hielo;568;C04 - Compresor 4 - 127;R02 - Rolitera 2;0,0;0,0;0,0;ROLITO EN BOLSAS 4 KG;3;0,0;4;12
3;10;2023;2023-10-03;mreinero;Alta Producción de Hielo;569;C04 - Compresor 4 - 127;R01 - Rolitera 1;2062,15;2064,52;2,369999999999891;ROLITO EN BOLSAS 14 KG;41;2,369999999999891;14;574
3;10;2023;2023-10-03;mreinero;Alta Producción de Hielo;570;C04 - Compresor 4 - 127;R02 - Rolitera 2;0,0;0,0;0,0;ROLITO EN BOLSAS 14 KG;13;0,0;14;182
3;10;2023;2023-10-03;mreinero;Alta Producción de Hielo;570;C04 - Compresor 4 - 127;R02 - Rolitera 2;0,0;0,0;0,0;ROLITO EN BOLSAS 2 KG;152;0,0;2;304
3;10;2023;2023-10-03;mreinero;Alta Producción de Hielo;571;C02 - Compresor 2 - 127;R01 - Rolitera 1;33093,82;33103,02;9,19999999999709;ROLITO EN BOLSAS 14 KG;10;9,19999999999709;14;140
3;10;2023;2023-10-03;mreinero;Alta Producción de Hielo;571;C02 - Compresor 2 - 127;R01 - Rolitera 1;33093,82;33103,02;9,19999999999709;ROLITO EN BOLSAS 2 KG;947;9,19999999999709;2;1894
4;10;2023;2023-10-04;mreinero;Alta Producción de Hielo;572;C04 - Compresor 4 - 127;R01 - Rolitera 1;2064,52;2073,65;9,13000000000011;ROLITO EN BOLSAS 14 KG;70;9,13000000000011;14;980
4;10;2023;2023-10-04;mreinero;Alta Producción de Hielo;572;C04 - Compresor 4 - 127;R01 - Rolitera 1;2064,52;2073,65;9,13000000000011;ROLITO EN BOLSAS 2 KG;438;9,13000000000011;2;876
4;10;2023;2023-10-04;mreinero;Alta Producción de Hielo;572;C04 - Compresor 4 - 127;R01 - Rolitera 1;2064,52;2073,65;9,13000000000011;ROLITO EN BOLSAS 7 KG;18;9,13000000000011;7;126
4;10;2023;2023-10-04;mreinero;Alta Producción de Hielo;573;C04 - Compresor 4 - 127;R02 - Rolitera 2;0,0;0,0;0,0;ROLITO EN BOLSAS 14 KG;28;0,0;14;392
4;10;2023;2023-10-04;mreinero;Alta Producción de Hielo;573;C04 - Compresor 4 - 127;R02 - Rolitera 2;0,0;0,0;0,0;ROLITO EN BOLSAS 2 KG;759;0,0;2;1518
4;10;2023;2023-10-04;mreinero;Alta Producción de Hielo;574;C02 - Compresor 2 - 127;R01 - Rolitera 1;33103,02;33104,13;1,110000000000582;ROLITO EN BOLSAS 2 KG;133;1,110000000000582;2;266
4;10;2023;2023-10-04;mreinero;Alta Producción de Hielo;575;C02 - Compresor 2 - 127;R01 - Rolitera 1;33103,02;33104,13;1,110000000000582;ROLITO EN BOLSAS 2 KG;133;1,110000000000582;2;266
5;10;2023;2023-10-05;mreinero;Alta Producción de Hielo;576;C04 - Compresor 4 - 127;R01 - Rolitera 1;2073,65;2078,65;5,0;ROLITO EN BOLSAS 14 KG;61;5,0;14;854
5;10;2023;2023-10-05;mreinero;Alta Producción de Hielo;576;C04 - Compresor 4 - 127;R01 - Rolitera 1;2073,65;2078,65;5,0;ROLITO EN BOLSAS 2 KG;122;5,0;2;244
5;10;2023;2023-10-05;mreinero;Alta Producción de Hielo;577;C04 - Compresor 4 - 127;R02 - Rolitera 2;0,0;0,0;0,0;ROLITO EN BOLSAS 14 KG;51;0,0;14;714
5;10;2023;2023-10-05;mreinero;Alta Producción de Hielo;577;C04 - Compresor 4 - 127;R02 - Rolitera 2;0,0;0,0;0,0;ROLITO EN BOLSAS 2 KG;232;0,0;2;464
5;10;2023;2023-10-05;mreinero;Alta Producción de Hielo;578;C04 - Compresor 4 - 127;R01 - Rolitera 1;2078,65;2080,21;1,5599999999999454;ROLITO EN BOLSAS 14 KG;31;1,5599999999999454;14;434
5;10;2023;2023-10-05;mreinero;Alta Producción de Hielo;579;C04 - Compresor 4 - 127;R02 - Rolitera 2;0,0;0,0;0,0;ROLITO EN BOLSAS 14 KG;3;0,0;14;42
5;10;2023;2023-10-05;mreinero;Alta Producción de Hielo;579;C04 - Compresor 4 - 127;R02 - Rolitera 2;0,0;0,0;0,0;ROLITO EN BOLSAS 2 KG;153;0,0;2;306
5;10;2023;2023-10-05;mreinero;Alta Producción de Hielo;580;C02 - Compresor 2 - 127;R01 - Rolitera 1;33106,92;33109,25;2,3300000000017462;ROLITO EN BOLSAS 14 KG;30;2,3300000000017462;14;420
5;10;2023;2023-10-05;mreinero;Alta Producción de Hielo;580;C02 - Compresor 2 - 127;R01 - Rolitera 1;33106,92;33109,25;2,3300000000017462;ROLITO EN BOLSAS 2 KG;65;2,3300000000017462;2;130
5;10;2023;2023-10-05;mreinero;Alta Producción de Hielo;580;C02 - Compresor 2 - 127;R01 - Rolitera 1;33106,92;33109,25;2,3300000000017462;ROLITO EN BOLSAS 4 KG;2;2,3300000000017462;4;8
5;10;2023;2023-10-05;mreinero;Alta Producción de Hielo;581;C02 - Compresor 2 - 127;R01 - Rolitera 1;33104,13;33106,92;2,790000000000873;ROLITO EN BOLSAS 2 KG;323;2,790000000000873;2;646
6;10;2023;2023-10-06;mreinero;Alta Producción de Hielo;582;C04 - Compresor 4 - 127;R01 - Rolitera 1;2080,21;2082,47;2,2599999999997635;ROLITO EN BOLSAS 14 KG;31;2,2599999999997635;14;434
6;10;2023;2023-10-06;mreinero;Alta Producción de Hielo;582;C04 - Compresor 4 - 127;R01 - Rolitera 1;2080,21;2082,47;2,2599999999997635;ROLITO EN BOLSAS 2 KG;64;2,2599999999997635;2;128
6;10;2023;2023-10-06;mreinero;Alta Producción de Hielo;583;C04 - Compresor 4 - 127;R02 - Rolitera 2;0,0;0,0;0,0;ROLITO EN BOLSAS 14 KG;31;0,0;14;434
6;10;2023;2023-10-06;mreinero;Alta Producción de Hielo;584;C02 - Compresor 2 - 127;R01 - Rolitera 1;33109,25;33114,43;5,180000000000291;ROLITO EN BOLSAS 14 KG;21;5,180000000000291;14;294
6;10;2023;2023-10-06;mreinero;Alta Producción de Hielo;584;C02 - Compresor 2 - 127;R01 - Rolitera 1;33109,25;33114,43;5,180000000000291;ROLITO EN BOLSAS 2 KG;442;5,180000000000291;2;884
6;10;2023;2023-10-06;mreinero;Alta Producción de Hielo;584;C02 - Compresor 2 - 127;R01 - Rolitera 1;33109,25;33114,43;5,180000000000291;ROLITO EN BOLSAS 4 KG;4;5,180000000000291;4;16
6;10;2023;2023-10-06;mreinero;Alta Producción de Hielo;584;C02 - Compresor 2 - 127;R01 - Rolitera 1;33109,25;33114,43;5,180000000000291;ROLITO EN BOLSAS 7 KG;1;5,180000000000291;7;7
6;10;2023;2023-10-06;mreinero;Alta Producción de Hielo;585;C04 - Compresor 4 - 127;R01 - Rolitera 1;2082,47;2085,2;2,730000000000018;ROLITO EN BOLSAS 14 KG;40;2,730000000000018;14;560
6;10;2023;2023-10-06;mreinero;Alta Producción de Hielo;586;C04 - Compresor 4 - 127;R02 - Rolitera 2;0,0;0,0;0,0;ROLITO EN BOLSAS 2 KG;294;0,0;2;588
7;10;2023;2023-10-07;mreinero;Alta Producción de Hielo;587;C04 - Compresor 4 - 127;R01 - Rolitera 1;2085,2;2089,4;4,200000000000273;ROLITO EN BOLSAS 14 KG;67;4,200000000000273;14;938
7;10;2023;2023-10-07;mreinero;Alta Producción de Hielo;587;C04 - Compresor 4 - 127;R01 - Rolitera 1;2085,2;2089,4;4,200000000000273;ROLITO EN BOLSAS 2 KG;56;4,200000000000273;2;112
7;10;2023;2023-10-07;mreinero;Alta Producción de Hielo;588;C04 - Compresor 4 - 127;R02 - Rolitera 2;0,0;0,0;0,0;ROLITO EN BOLSAS 2 KG;385;0,0;2;770
10;10;2023;2023-10-10;mreinero;Alta Producción de Hielo;589;C02 - Compresor 2 - 127;R01 - Rolitera 1;33114,43;33125,52;11,089999999996508;ROLITO EN BOLSAS 14 KG;41;11,089999999996508;14;574
10;10;2023;2023-10-10;mreinero;Alta Producción de Hielo;589;C02 - Compresor 2 - 127;R01 - Rolitera 1;33114,43;33125,52;11,089999999996508;ROLITO EN BOLSAS 2 KG;935;11,089999999996508;2;1870
10;10;2023;2023-10-10;mreinero;Alta Producción de Hielo;589;C02 - Compresor 2 - 127;R01 - Rolitera 1;33114,43;33125,52;11,089999999996508;ROLITO EN BOLSAS 4 KG;2;11,089999999996508;4;8
10;10;2023;2023-10-10;mreinero;Alta Producción de Hielo;590;C02 - Compresor 2 - 127;R01 - Rolitera 1;33125,52;33137,26;11,740000000005239;ROLITO EN BOLSAS 14 KG;68;11,740000000005239;14;952
10;10;2023;2023-10-10;mreinero;Alta Producción de Hielo;590;C02 - Compresor 2 - 127;R01 - Rolitera 1;33125,52;33137,26;11,740000000005239;ROLITO EN BOLSAS 2 KG;741;11,740000000005239;2;1482
10;10;2023;2023-10-10;mreinero;Alta Producción de Hielo;590;C02 - Compresor 2 - 127;R01 - Rolitera 1;33125,52;33137,26;11,740000000005239;ROLITO EN BOLSAS 7 KG;16;11,740000000005239;7;112
11;10;2023;2023-10-11;mreinero;Alta Producción de Hielo;591;C04 - Compresor 4 - 127;R01 - Rolitera 1;2089,4;2093,22;3,819999999999709;ROLITO EN BOLSAS 14 KG;25;3,819999999999709;14;350
11;10;2023;2023-10-11;mreinero;Alta Producción de Hielo;591;C04 - Compresor 4 - 127;R01 - Rolitera 1;2089,4;2093,22;3,819999999999709;ROLITO EN BOLSAS 2 KG;246;3,819999999999709;2;492
11;10;2023;2023-10-11;mreinero;Alta Producción de Hielo;592;C04 - Compresor 4 - 127;R02 - Rolitera 2;0,0;0,0;0,0;ROLITO EN BOLSAS 2 KG;378;0,0;2;756
11;10;2023;2023-10-11;mreinero;Alta Producción de Hielo;593;C04 - Compresor 4 - 127;R01 - Rolitera 1;2093,22;2094,88;1,6600000000003092;ROLITO EN BOLSAS 14 KG;32;1,6600000000003092;14;448
11;10;2023;2023-10-11;mreinero;Alta Producción de Hielo;593;C04 - Compresor 4 - 127;R01 - Rolitera 1;2093,22;2094,88;1,6600000000003092;ROLITO EN BOLSAS 2 KG;136;1,6600000000003092;2;272
11;10;2023;2023-10-11;mreinero;Alta Producción de Hielo;594;C02 - Compresor 2 - 127;R01 - Rolitera 1;33137,26;33140,62;3,360000000000582;ROLITO EN BOLSAS 14 KG;49;3,360000000000582;14;686
11;10;2023;2023-10-11;mreinero;Alta Producción de Hielo;594;C02 - Compresor 2 - 127;R01 - Rolitera 1;33137,26;33140,62;3,360000000000582;ROLITO EN BOLSAS 2 KG;62;3,360000000000582;2;124
11;10;2023;2023-10-11;mreinero;Alta Producción de Hielo;595;C02 - Compresor 2 - 127;R01 - Rolitera 1;33140,62;33142,96;2,3399999999965075;ROLITO EN BOLSAS 14 KG;11;2,3399999999965075;14;154
11;10;2023;2023-10-11;mreinero;Alta Producción de Hielo;595;C02 - Compresor 2 - 127;R01 - Rolitera 1;33140,62;33142,96;2,3399999999965075;ROLITO EN BOLSAS 2 KG;192;2,3399999999965075;2;384
12;10;2023;2023-10-12;mreinero;Alta Producción de Hielo;596;C02 - Compresor 2 - 127;R01 - Rolitera 1;33142,96;33154,52;11,559999999997672;ROLITO EN BOLSAS 14 KG;69;11,559999999997672;14;966
12;10;2023;2023-10-12;mreinero;Alta Producción de Hielo;596;C02 - Compresor 2 - 127;R01 - Rolitera 1;33142,96;33154,52;11,559999999997672;ROLITO EN BOLSAS 2 KG;830;11,559999999997672;2;1660
13;10;2023;2023-10-13;mreinero;Alta Producción de Hielo;597;C02 - Compresor 2 - 127;R01 - Rolitera 1;33154,52;33156,06;1,5400000000008731;ROLITO EN BOLSAS 2 KG;127;1,5400000000008731;2;254
13;10;2023;2023-10-13;mreinero;Alta Producción de Hielo;598;C02 - Compresor 2 - 127;R01 - Rolitera 1;33156,06;33160,01;3,9500000000043656;ROLITO EN BOLSAS 14 KG;50;3,9500000000043656;14;700
13;10;2023;2023-10-13;mreinero;Alta Producción de Hielo;598;C02 - Compresor 2 - 127;R01 - Rolitera 1;33156,06;33160,01;3,9500000000043656;ROLITO EN BOLSAS 2 KG;131;3,9500000000043656;2;262
13;10;2023;2023-10-13;mreinero;Alta Producción de Hielo;599;C04 - Compresor 4 - 127;R01 - Rolitera 1;2094,88;2099,04;4,1599999999998545;ROLITO EN BOLSAS 14 KG;26;4,1599999999998545;14;364
13;10;2023;2023-10-13;mreinero;Alta Producción de Hielo;599;C04 - Compresor 4 - 127;R01 - Rolitera 1;2094,88;2099,04;4,1599999999998545;ROLITO EN BOLSAS 2 KG;245;4,1599999999998545;2;490
13;10;2023;2023-10-13;mreinero;Alta Producción de Hielo;599;C04 - Compresor 4 - 127;R01 - Rolitera 1;2094,88;2099,04;4,1599999999998545;ROLITO EN BOLSAS 7 KG;18;4,1599999999998545;7;126
13;10;2023;2023-10-13;mreinero;Alta Producción de Hielo;600;C04 - Compresor 4 - 127;R02 - Rolitera 2;0,0;0,0;0,0;ROLITO EN BOLSAS 14 KG;13;0,0;14;182
13;10;2023;2023-10-13;mreinero;Alta Producción de Hielo;600;C04 - Compresor 4 - 127;R02 - Rolitera 2;0,0;0,0;0,0;ROLITO EN BOLSAS 2 KG;380;0,0;2;760
14;10;2023;2023-10-14;mreinero;Alta Producción de Hielo;601;C04 - Compresor 4 - 127;R01 - Rolitera 1;2099,04;2103,34;4,300000000000182;ROLITO EN BOLSAS 14 KG;73;4,300000000000182;14;1022
14;10;2023;2023-10-14;mreinero;Alta Producción de Hielo;602;C04 - Compresor 4 - 127;R02 - Rolitera 2;0,0;0,0;0,0;ROLITO EN BOLSAS 14 KG;13;0,0;14;182
14;10;2023;2023-10-14;mreinero;Alta Producción de Hielo;602;C04 - Compresor 4 - 127;R02 - Rolitera 2;0,0;0,0;0,0;ROLITO EN BOLSAS 2 KG;301;0,0;2;602
16;10;2023;2023-10-16;mreinero;Alta Producción de Hielo;603;C04 - Compresor 4 - 127;R01 - Rolitera 1;2103,34;2105,9;2,5599999999999454;ROLITO EN BOLSAS 14 KG;32;2,5599999999999454;14;448
16;10;2023;2023-10-16;mreinero;Alta Producción de Hielo;603;C04 - Compresor 4 - 127;R01 - Rolitera 1;2103,34;2105,9;2,5599999999999454;ROLITO EN BOLSAS 2 KG;59;2,5599999999999454;2;118
16;10;2023;2023-10-16;mreinero;Alta Producción de Hielo;603;C04 - Compresor 4 - 127;R01 - Rolitera 1;2103,34;2105,9;2,5599999999999454;ROLITO EN BOLSAS 7 KG;1;2,5599999999999454;7;7
16;10;2023;2023-10-16;mreinero;Alta Producción de Hielo;604;C04 - Compresor 4 - 127;R02 - Rolitera 2;0,0;0,0;0,0;ROLITO EN BOLSAS 14 KG;24;0,0;14;336
16;10;2023;2023-10-16;mreinero;Alta Producción de Hielo;604;C04 - Compresor 4 - 127;R02 - Rolitera 2;0,0;0,0;0,0;ROLITO EN BOLSAS 2 KG;71;0,0;2;142
16;10;2023;2023-10-16;mreinero;Alta Producción de Hielo;605;C02 - Compresor 2 - 127;R01 - Rolitera 1;33160,01;33162,6;2,5899999999965075;ROLITO EN BOLSAS 2 KG;254;2,5899999999965075;2;508
17;10;2023;2023-10-17;mreinero;Alta Producción de Hielo;606;C04 - Compresor 4 - 127;R01 - Rolitera 1;2105,9;2106,98;1,0799999999999272;ROLITO EN BOLSAS 2 KG;119;1,0799999999999272;2;238
17;10;2023;2023-10-17;mreinero;Alta Producción de Hielo;607;C04 - Compresor 4 - 127;R01 - Rolitera 1;2106,98;2107,89;0,9099999999998545;ROLITO EN BOLSAS 2 KG;124;0,9099999999998545;2;248
17;10;2023;2023-10-17;mreinero;Alta Producción de Hielo;608;C02 - Compresor 2 - 127;R01 - Rolitera 1;33162,6;33166,27;3,6699999999982538;ROLITO EN BOLSAS 2 KG;376;3,6699999999982538;2;752
17;10;2023;2023-10-17;mreinero;Alta Producción de Hielo;609;C02 - Compresor 2 - 127;R01 - Rolitera 1;33166,27;33168,31;2,040000000000873;ROLITO EN BOLSAS 14 KG;21;2,040000000000873;14;294
17;10;2023;2023-10-17;mreinero;Alta Producción de Hielo;609;C02 - Compresor 2 - 127;R01 - Rolitera 1;33166,27;33168,31;2,040000000000873;ROLITO EN BOLSAS 2 KG;61;2,040000000000873;2;122
17;10;2023;2023-10-17;mreinero;Alta Producción de Hielo;610;C02 - Compresor 2 - 127;R01 - Rolitera 1;33168,31;33172,19;3,8800000000046566;ROLITO EN BOLSAS 14 KG;43;3,8800000000046566;14;602
17;10;2023;2023-10-17;mreinero;Alta Producción de Hielo;610;C02 - Compresor 2 - 127;R01 - Rolitera 1;33168,31;33172,19;3,8800000000046566;ROLITO EN BOLSAS 2 KG;195;3,8800000000046566;2;390
18;10;2023;2023-10-18;mreinero;Alta Producción de Hielo;611;C02 - Compresor 2 - 127;R01 - Rolitera 1;33172,19;33173,73;1,5400000000008731;ROLITO EN BOLSAS 14 KG;6;1,5400000000008731;14;84
18;10;2023;2023-10-18;mreinero;Alta Producción de Hielo;611;C02 - Compresor 2 - 127;R01 - Rolitera 1;33172,19;33173,73;1,5400000000008731;ROLITO EN BOLSAS 2 KG;132;1,5400000000008731;2;264
18;10;2023;2023-10-18;mreinero;Alta Producción de Hielo;612;C04 - Compresor 4 - 127;R01 - Rolitera 1;2107,89;2117,37;9,480000000000018;ROLITO EN BOLSAS 14 KG;169;9,480000000000018;14;2366
18;10;2023;2023-10-18;mreinero;Alta Producción de Hielo;612;C04 - Compresor 4 - 127;R01 - Rolitera 1;2107,89;2117,37;9,480000000000018;ROLITO EN BOLSAS 7 KG;1;9,480000000000018;7;7
18;10;2023;2023-10-18;mreinero;Alta Producción de Hielo;613;C04 - Compresor 4 - 127;R02 - Rolitera 2;0,0;0,0;0,0;ROLITO EN BOLSAS 14 KG;73;0,0;14;1022
18;10;2023;2023-10-18;mreinero;Alta Producción de Hielo;613;C04 - Compresor 4 - 127;R02 - Rolitera 2;0,0;0,0;0,0;ROLITO EN BOLSAS 2 KG;596;0,0;2;1192
19;10;2023;2023-10-19;mreinero;Alta Producción de Hielo;614;C04 - Compresor 4 - 127;R01 - Rolitera 1;2117,37;2121,05;3,680000000000291;ROLITO EN BOLSAS 2 KG;386;3,680000000000291;2;772
19;10;2023;2023-10-19;mreinero;Alta Producción de Hielo;615;C04 - Compresor 4 - 127;R02 - Rolitera 2;0,0;0,0;0,0;ROLITO EN BOLSAS 14 KG;25;0,0;14;350
19;10;2023;2023-10-19;mreinero;Alta Producción de Hielo;615;C04 - Compresor 4 - 127;R02 - Rolitera 2;0,0;0,0;0,0;ROLITO EN BOLSAS 2 KG;222;0,0;2;444
19;10;2023;2023-10-19;mreinero;Alta Producción de Hielo;616;C02 - Compresor 2 - 127;R01 - Rolitera 1;33173,73;33181,75;8,019999999996799;ROLITO EN BOLSAS 14 KG;92;8,019999999996799;14;1288
19;10;2023;2023-10-19;mreinero;Alta Producción de Hielo;616;C02 - Compresor 2 - 127;R01 - Rolitera 1;33173,73;33181,75;8,019999999996799;ROLITO EN BOLSAS 2 KG;320;8,019999999996799;2;640
20;10;2023;2023-10-20;mreinero;Alta Producción de Hielo;617;C02 - Compresor 2 - 127;R01 - Rolitera 1;33181,75;33193,02;11,269999999996799;ROLITO EN BOLSAS 14 KG;149;11,269999999996799;14;2086
20;10;2023;2023-10-20;mreinero;Alta Producción de Hielo;617;C02 - Compresor 2 - 127;R01 - Rolitera 1;33181,75;33193,02;11,269999999996799;ROLITO EN BOLSAS 2 KG;321;11,269999999996799;2;642
21;10;2023;2023-10-21;mreinero;Alta Producción de Hielo;618;C04 - Compresor 4 - 127;R01 - Rolitera 1;2121,05;2122,35;1,2999999999997272;ROLITO EN BOLSAS 14 KG;20;1,2999999999997272;14;280
21;10;2023;2023-10-21;mreinero;Alta Producción de Hielo;619;C04 - Compresor 4 - 127;R02 - Rolitera 2;0,0;0,0;0,0;ROLITO EN BOLSAS 14 KG;13;0,0;14;182
21;10;2023;2023-10-21;mreinero;Alta Producción de Hielo;620;C02 - Compresor 2 - 127;R01 - Rolitera 1;33193,02;33195,27;2,25;ROLITO EN BOLSAS 14 KG;24;2,25;14;336
21;10;2023;2023-10-21;mreinero;Alta Producción de Hielo;620;C02 - Compresor 2 - 127;R01 - Rolitera 1;33193,02;33195,27;2,25;ROLITO EN BOLSAS 7 KG;15;2,25;7;105
19;10;2023;2023-10-19;mreinero;Alta Producción de Hielo;621;C02 - Compresor 2 - 127;R01 - Rolitera 1;0,0;0,0;0,0;ROLITO EN BOLSAS 7 KG;1;4,279999999998836;7;7
17;10;2023;2023-10-17;mreinero;Alta Producción de Hielo;622;C02 - Compresor 2 - 127;R01 - Rolitera 1;0,0;0,0;0,0;ROLITO EN BOLSAS 4 KG;1;4,279999999998836;4;4
23;10;2023;2023-10-23;mreinero;Alta Producción de Hielo;623;C02 - Compresor 2 - 127;R01 - Rolitera 1;33202,17;33205,76;3,5900000000037835;ROLITO EN BOLSAS 14 KG;32;3,5900000000037835;14;448
23;10;2023;2023-10-23;mreinero;Alta Producción de Hielo;623;C02 - Compresor 2 - 127;R01 - Rolitera 1;33202,17;33205,76;3,5900000000037835;ROLITO EN BOLSAS 2 KG;187;3,5900000000037835;2;374
23;10;2023;2023-10-23;mreinero;Alta Producción de Hielo;624;C02 - Compresor 2 - 127;R01 - Rolitera 1;33195,27;33202,17;6,900000000001455;ROLITO EN BOLSAS 14 KG;56;6,900000000001455;14;784
23;10;2023;2023-10-23;mreinero;Alta Producción de Hielo;624;C02 - Compresor 2 - 127;R01 - Rolitera 1;33195,27;33202,17;6,900000000001455;ROLITO EN BOLSAS 2 KG;304;6,900000000001455;2;608
23;10;2023;2023-10-23;mreinero;Alta Producción de Hielo;624;C02 - Compresor 2 - 127;R01 - Rolitera 1;33195,27;33202,17;6,900000000001455;ROLITO EN BOLSAS 4 KG;1;6,900000000001455;4;4
24;10;2023;2023-10-24;mreinero;Alta Producción de Hielo;625;C02 - Compresor 2 - 127;R01 - Rolitera 1;33205,76;33209,67;3,9099999999962165;ROLITO EN BOLSAS 2 KG;384;3,9099999999962165;2;768
24;10;2023;2023-10-24;mreinero;Alta Producción de Hielo;625;C02 - Compresor 2 - 127;R01 - Rolitera 1;33205,76;33209,67;3,9099999999962165;ROLITO EN BOLSAS 4 KG;1;3,9099999999962165;4;4
24;10;2023;2023-10-24;mreinero;Alta Producción de Hielo;626;C04 - Compresor 4 - 127;R01 - Rolitera 1;2122,35;2128,1;5,75;ROLITO EN BOLSAS 14 KG;34;5,75;14;476
24;10;2023;2023-10-24;mreinero;Alta Producción de Hielo;626;C04 - Compresor 4 - 127;R01 - Rolitera 1;2122,35;2128,1;5,75;ROLITO EN BOLSAS 7 KG;127;5,75;7;889
24;10;2023;2023-10-24;mreinero;Alta Producción de Hielo;627;C04 - Compresor 4 - 127;R02 - Rolitera 2;0,0;0,0;0,0;ROLITO EN BOLSAS 14 KG;24;0,0;14;336
24;10;2023;2023-10-24;mreinero;Alta Producción de Hielo;627;C04 - Compresor 4 - 127;R02 - Rolitera 2;0,0;0,0;0,0;ROLITO EN BOLSAS 2 KG;439;0,0;2;878
24;10;2023;2023-10-24;mreinero;Alta Producción de Hielo;628;C02 - Compresor 2 - 127;R01 - Rolitera 1;33209,67;33211,36;1,6900000000023283;ROLITO EN BOLSAS 2 KG;192;1,6900000000023283;2;384
25;10;2023;2023-10-25;mreinero;Alta Producción de Hielo;629;C04 - Compresor 4 - 127;R01 - Rolitera 1;2128,1;2131,94;3,8400000000001455;ROLITO EN BOLSAS 14 KG;26;3,8400000000001455;14;364
25;10;2023;2023-10-25;mreinero;Alta Producción de Hielo;629;C04 - Compresor 4 - 127;R01 - Rolitera 1;2128,1;2131,94;3,8400000000001455;ROLITO EN BOLSAS 2 KG;254;3,8400000000001455;2;508
25;10;2023;2023-10-25;mreinero;Alta Producción de Hielo;629;C04 - Compresor 4 - 127;R01 - Rolitera 1;2128,1;2131,94;3,8400000000001455;ROLITO EN BOLSAS 7 KG;1;3,8400000000001455;7;7
25;10;2023;2023-10-25;mreinero;Alta Producción de Hielo;630;C04 - Compresor 4 - 127;R02 - Rolitera 2;0,0;0,0;0,0;ROLITO EN BOLSAS 14 KG;13;0,0;14;182
25;10;2023;2023-10-25;mreinero;Alta Producción de Hielo;630;C04 - Compresor 4 - 127;R02 - Rolitera 2;0,0;0,0;0,0;ROLITO EN BOLSAS 2 KG;288;0,0;2;576
25;10;2023;2023-10-25;mreinero;Alta Producción de Hielo;630;C04 - Compresor 4 - 127;R02 - Rolitera 2;0,0;0,0;0,0;ROLITO EN BOLSAS 4 KG;1;0,0;4;4
25;10;2023;2023-10-25;mreinero;Alta Producción de Hielo;631;C02 - Compresor 2 - 127;R01 - Rolitera 1;33211,36;33218,93;7,569999999999709;ROLITO EN BOLSAS 14 KG;64;7,569999999999709;14;896
25;10;2023;2023-10-25;mreinero;Alta Producción de Hielo;631;C02 - Compresor 2 - 127;R01 - Rolitera 1;33211,36;33218,93;7,569999999999709;ROLITO EN BOLSAS 2 KG;394;7,569999999999709;2;788
25;10;2023;2023-10-25;mreinero;Alta Producción de Hielo;631;C02 - Compresor 2 - 127;R01 - Rolitera 1;33211,36;33218,93;7,569999999999709;ROLITO EN BOLSAS 4 KG;38;7,569999999999709;4;152
26;10;2023;2023-10-26;mreinero;Alta Producción de Hielo;632;C04 - Compresor 4 - 127;R01 - Rolitera 1;2131,94;2135,71;3,769999999999982;ROLITO EN BOLSAS 14 KG;55;3,769999999999982;14;770
26;10;2023;2023-10-26;mreinero;Alta Producción de Hielo;632;C04 - Compresor 4 - 127;R01 - Rolitera 1;2131,94;2135,71;3,769999999999982;ROLITO EN BOLSAS 7 KG;18;3,769999999999982;7;126
26;10;2023;2023-10-26;mreinero;Alta Producción de Hielo;633;C04 - Compresor 4 - 127;R02 - Rolitera 2;0,0;0,0;0,0;ROLITO EN BOLSAS 14 KG;62;0,0;14;868
26;10;2023;2023-10-26;mreinero;Alta Producción de Hielo;634;C02 - Compresor 2 - 127;R01 - Rolitera 1;33218,93;33226,52;7,5899999999965075;ROLITO EN BOLSAS 14 KG;62;7,5899999999965075;14;868
26;10;2023;2023-10-26;mreinero;Alta Producción de Hielo;634;C02 - Compresor 2 - 127;R01 - Rolitera 1;33218,93;33226,52;7,5899999999965075;ROLITO EN BOLSAS 2 KG;437;7,5899999999965075;2;874
27;10;2023;2023-10-27;mreinero;Alta Producción de Hielo;635;C04 - Compresor 4 - 127;R01 - Rolitera 1;2135,71;2139,19;3,480000000000018;ROLITO EN BOLSAS 14 KG;50;3,480000000000018;14;700
27;10;2023;2023-10-27;mreinero;Alta Producción de Hielo;635;C04 - Compresor 4 - 127;R01 - Rolitera 1;2135,71;2139,19;3,480000000000018;ROLITO EN BOLSAS 2 KG;66;3,480000000000018;2;132
27;10;2023;2023-10-27;mreinero;Alta Producción de Hielo;636;C04 - Compresor 4 - 127;R02 - Rolitera 2;0,0;0,0;0,0;ROLITO EN BOLSAS 2 KG;292;0,0;2;584
27;10;2023;2023-10-27;mreinero;Alta Producción de Hielo;637;C02 - Compresor 2 - 127;R01 - Rolitera 1;33226,52;33231,2;4,680000000000291;ROLITO EN BOLSAS 14 KG;42;4,680000000000291;14;588
27;10;2023;2023-10-27;mreinero;Alta Producción de Hielo;637;C02 - Compresor 2 - 127;R01 - Rolitera 1;33226,52;33231,2;4,680000000000291;ROLITO EN BOLSAS 2 KG;61;4,680000000000291;2;122
27;10;2023;2023-10-27;mreinero;Alta Producción de Hielo;637;C02 - Compresor 2 - 127;R01 - Rolitera 1;33226,52;33231,2;4,680000000000291;ROLITO EN BOLSAS 4 KG;110;4,680000000000291;4;440
28;10;2023;2023-10-28;mreinero;Alta Producción de Hielo;638;C02 - Compresor 2 - 127;R01 - Rolitera 1;33231,2;33234,53;3,3300000000017462;ROLITO EN BOLSAS 14 KG;48;3,3300000000017462;14;672
30;10;2023;2023-10-30;mreinero;Alta Producción de Hielo;639;C04 - Compresor 4 - 127;R01 - Rolitera 1;2139,19;2142,9;3,7100000000000364;ROLITO EN BOLSAS 14 KG;60;3,7100000000000364;14;840
30;10;2023;2023-10-30;mreinero;Alta Producción de Hielo;640;C04 - Compresor 4 - 127;R02 - Rolitera 2;0,0;0,0;0,0;ROLITO EN BOLSAS 14 KG;13;0,0;14;182
30;10;2023;2023-10-30;mreinero;Alta Producción de Hielo;640;C04 - Compresor 4 - 127;R02 - Rolitera 2;0,0;0,0;0,0;ROLITO EN BOLSAS 2 KG;296;0,0;2;592
30;10;2023;2023-10-30;mreinero;Alta Producción de Hielo;640;C04 - Compresor 4 - 127;R02 - Rolitera 2;0,0;0,0;0,0;ROLITO EN BOLSAS 4 KG;1;0,0;4;4
30;10;2023;2023-10-30;mreinero;Alta Producción de Hielo;641;C02 - Compresor 2 - 127;R01 - Rolitera 1;33234,53;33237,04;2,5100000000020373;ROLITO EN BOLSAS 14 KG;40;2,5100000000020373;14;560
31;10;2023;2023-10-31;mreinero;Alta Producción de Hielo;642;C04 - Compresor 4 - 127;R01 - Rolitera 1;2142,9;2146,39;3,4899999999997817;ROLITO EN BOLSAS 14 KG;64;3,4899999999997817;14;896
31;10;2023;2023-10-31;mreinero;Alta Producción de Hielo;642;C04 - Compresor 4 - 127;R01 - Rolitera 1;2142,9;2146,39;3,4899999999997817;ROLITO EN BOLSAS 2 KG;302;3,4899999999997817;2;604
31;10;2023;2023-10-31;mreinero;Alta Producción de Hielo;642;C04 - Compresor 4 - 127;R01 - Rolitera 1;2142,9;2146,39;3,4899999999997817;ROLITO EN BOLSAS 4 KG;43;3,4899999999997817;4;172
31;10;2023;2023-10-31;mreinero;Alta Producción de Hielo;643;C02 - Compresor 2 - 127;R01 - Rolitera 1;33237,04;33245,2;8,159999999996217;ROLITO EN BOLSAS 14 KG;75;8,159999999996217;14;1050
31;10;2023;2023-10-31;mreinero;Alta Producción de Hielo;643;C02 - Compresor 2 - 127;R01 - Rolitera 1;33237,04;33245,2;8,159999999996217;ROLITO EN BOLSAS 2 KG;254;8,159999999996217;2;508
31;10;2023;2023-10-31;mreinero;Alta Producción de Hielo;643;C02 - Compresor 2 - 127;R01 - Rolitera 1;33237,04;33245,2;8,159999999996217;ROLITO EN BOLSAS 4 KG;72;8,159999999996217;4;288
1;11;2023;2023-11-01;mreinero;Alta Producción de Hielo;644;C04 - Compresor 4 - 127;R01 - Rolitera 1;2146,39;2152,37;5,980000000000018;ROLITO EN BOLSAS 14 KG;59;5,980000000000018;14;826
1;11;2023;2023-11-01;mreinero;Alta Producción de Hielo;644;C04 - Compresor 4 - 127;R01 - Rolitera 1;2146,39;2152,37;5,980000000000018;ROLITO EN BOLSAS 2 KG;245;5,980000000000018;2;490
1;11;2023;2023-11-01;mreinero;Alta Producción de Hielo;645;C04 - Compresor 4 - 127;R02 - Rolitera 2;0,0;0,0;0,0;ROLITO EN BOLSAS 14 KG;51;0,0;14;714
1;11;2023;2023-11-01;mreinero;Alta Producción de Hielo;645;C04 - Compresor 4 - 127;R02 - Rolitera 2;0,0;0,0;0,0;ROLITO EN BOLSAS 2 KG;382;0,0;2;764
1;11;2023;2023-11-01;mreinero;Alta Producción de Hielo;646;C04 - Compresor 4 - 127;R01 - Rolitera 1;2152,37;2155,46;3,0900000000001455;ROLITO EN BOLSAS 14 KG;60;3,0900000000001455;14;840
1;11;2023;2023-11-01;mreinero;Alta Producción de Hielo;647;C04 - Compresor 4 - 127;R02 - Rolitera 2;0,0;0,0;0,0;ROLITO EN BOLSAS 2 KG;379;0,0;2;758
1;11;2023;2023-11-01;mreinero;Alta Producción de Hielo;648;C02 - Compresor 2 - 127;R01 - Rolitera 1;33245,21;33247,21;2,0;ROLITO EN BOLSAS 14 KG;22;2,0;14;308
1;11;2023;2023-11-01;mreinero;Alta Producción de Hielo;648;C02 - Compresor 2 - 127;R01 - Rolitera 1;33245,21;33247,21;2,0;ROLITO EN BOLSAS 2 KG;67;2,0;2;134
2;11;2023;2023-11-02;mreinero;Alta Producción de Hielo;649;C04 - Compresor 4 - 127;R01 - Rolitera 1;2155,46;2166,7;11,239999999999782;ROLITO EN BOLSAS 14 KG;138;11,239999999999782;14;1932
2;11;2023;2023-11-02;mreinero;Alta Producción de Hielo;649;C04 - Compresor 4 - 127;R01 - Rolitera 1;2155,46;2166,7;11,239999999999782;ROLITO EN BOLSAS 2 KG;368;11,239999999999782;2;736
2;11;2023;2023-11-02;mreinero;Alta Producción de Hielo;650;C04 - Compresor 4 - 127;R02 - Rolitera 2;0,0;0,0;0,0;ROLITO EN BOLSAS 14 KG;98;0,0;14;1372
2;11;2023;2023-11-02;mreinero;Alta Producción de Hielo;650;C04 - Compresor 4 - 127;R02 - Rolitera 2;0,0;0,0;0,0;ROLITO EN BOLSAS 2 KG;766;0,0;2;1532
3;11;2023;2023-11-03;mreinero;Alta Producción de Hielo;651;C02 - Compresor 2 - 127;R01 - Rolitera 1;33247,21;33249,67;2,459999999999127;ROLITO EN BOLSAS 14 KG;11;2,459999999999127;14;154
3;11;2023;2023-11-03;mreinero;Alta Producción de Hielo;651;C02 - Compresor 2 - 127;R01 - Rolitera 1;33247,21;33249,67;2,459999999999127;ROLITO EN BOLSAS 2 KG;195;2,459999999999127;2;390
3;11;2023;2023-11-03;mreinero;Alta Producción de Hielo;652;C04 - Compresor 4 - 127;R01 - Rolitera 1;2166,7;2175,19;8,490000000000236;ROLITO EN BOLSAS 14 KG;154;8,490000000000236;14;2156
3;11;2023;2023-11-03;mreinero;Alta Producción de Hielo;653;C04 - Compresor 4 - 127;R02 - Rolitera 2;0,0;0,0;0,0;ROLITO EN BOLSAS 14 KG;50;0,0;14;700
3;11;2023;2023-11-03;mreinero;Alta Producción de Hielo;653;C04 - Compresor 4 - 127;R02 - Rolitera 2;0,0;0,0;0,0;ROLITO EN BOLSAS 2 KG;688;0,0;2;1376
4;11;2023;2023-11-04;mreinero;Alta Producción de Hielo;654;C04 - Compresor 4 - 127;R01 - Rolitera 1;2175,19;2178,76;3,5700000000001637;ROLITO EN BOLSAS 14 KG;20;3,5700000000001637;14;280
4;11;2023;2023-11-04;mreinero;Alta Producción de Hielo;654;C04 - Compresor 4 - 127;R01 - Rolitera 1;2175,19;2178,76;3,5700000000001637;ROLITO EN BOLSAS 4 KG;149;3,5700000000001637;4;596
4;11;2023;2023-11-04;mreinero;Alta Producción de Hielo;655;C04 - Compresor 4 - 127;R02 - Rolitera 2;0,0;0,0;0,0;ROLITO EN BOLSAS 2 KG;303;0,0;2;606
4;11;2023;2023-11-04;mreinero;Alta Producción de Hielo;655;C04 - Compresor 4 - 127;R02 - Rolitera 2;0,0;0,0;0,0;ROLITO EN BOLSAS 4 KG;42;0,0;4;168
6;11;2023;2023-11-06;mreinero;Alta Producción de Hielo;656;C02 - Compresor 2 - 127;R01 - Rolitera 1;33249,67;33250,96;1,2900000000008731;ROLITO EN BOLSAS 14 KG;23;1,2900000000008731;14;322
6;11;2023;2023-11-06;mreinero;Alta Producción de Hielo;656;C02 - Compresor 2 - 127;R01 - Rolitera 1;33249,67;33250,96;1,2900000000008731;ROLITO EN BOLSAS 4 KG;1;1,2900000000008731;4;4
6;11;2023;2023-11-06;mreinero;Alta Producción de Hielo;656;C02 - Compresor 2 - 127;R01 - Rolitera 1;33249,67;33250,96;1,2900000000008731;ROLITO EN BOLSAS 7 KG;2;1,2900000000008731;7;14
6;11;2023;2023-11-06;mreinero;Alta Producción de Hielo;657;C04 - Compresor 4 - 127;R01 - Rolitera 1;2178,76;2184,05;5,289999999999964;ROLITO EN BOLSAS 14 KG;20;5,289999999999964;14;280
6;11;2023;2023-11-06;mreinero;Alta Producción de Hielo;657;C04 - Compresor 4 - 127;R01 - Rolitera 1;2178,76;2184,05;5,289999999999964;ROLITO EN BOLSAS 2 KG;381;5,289999999999964;2;762
6;11;2023;2023-11-06;mreinero;Alta Producción de Hielo;658;C04 - Compresor 4 - 127;R02 - Rolitera 2;0,0;0,0;0,0;ROLITO EN BOLSAS 14 KG;12;0,0;14;168
6;11;2023;2023-11-06;mreinero;Alta Producción de Hielo;658;C04 - Compresor 4 - 127;R02 - Rolitera 2;0,0;0,0;0,0;ROLITO EN BOLSAS 2 KG;516;0,0;2;1032
6;11;2023;2023-11-06;mreinero;Alta Producción de Hielo;659;C04 - Compresor 4 - 127;R01 - Rolitera 1;2184,05;2189,22;5,169999999999618;ROLITO EN BOLSAS 14 KG;91;5,169999999999618;14;1274
6;11;2023;2023-11-06;mreinero;Alta Producción de Hielo;660;C04 - Compresor 4 - 127;R02 - Rolitera 2;0,0;0,0;0,0;ROLITO EN BOLSAS 2 KG;526;0,0;2;1052
7;11;2023;2023-11-07;mreinero;Alta Producción de Hielo;661;C02 - Compresor 2 - 127;R01 - Rolitera 1;33250,96;33253,0;2,040000000000873;ROLITO EN BOLSAS 14 KG;28;2,040000000000873;14;392
7;11;2023;2023-11-07;mreinero;Alta Producción de Hielo;662;C04 - Compresor 4 - 127;R01 - Rolitera 1;2189,22;2194,88;5,660000000000309;ROLITO EN BOLSAS 14 KG;70;5,660000000000309;14;980
7;11;2023;2023-11-07;mreinero;Alta Producción de Hielo;662;C04 - Compresor 4 - 127;R01 - Rolitera 1;2189,22;2194,88;5,660000000000309;ROLITO EN BOLSAS 2 KG;113;5,660000000000309;2;226
7;11;2023;2023-11-07;mreinero;Alta Producción de Hielo;663;C04 - Compresor 4 - 127;R02 - Rolitera 2;0,0;0,0;0,0;ROLITO EN BOLSAS 2 KG;585;0,0;2;1170
7;11;2023;2023-11-07;mreinero;Alta Producción de Hielo;664;C04 - Compresor 4 - 127;R01 - Rolitera 1;2194,88;2195,15;0,2699999999999818;ROLITO EN BOLSAS 14 KG;12;0,2699999999999818;14;168
7;11;2023;2023-11-07;mreinero;Alta Producción de Hielo;665;C02 - Compresor 2 - 127;R01 - Rolitera 1;33253,0;33256,5;3,5;ROLITO EN BOLSAS 14 KG;12;3,5;14;168
7;11;2023;2023-11-07;mreinero;Alta Producción de Hielo;665;C02 - Compresor 2 - 127;R01 - Rolitera 1;33253,0;33256,5;3,5;ROLITO EN BOLSAS 2 KG;241;3,5;2;482
8;11;2023;2023-11-08;mreinero;Alta Producción de Hielo;666;C04 - Compresor 4 - 127;R01 - Rolitera 1;2195,15;2206,57;11,420000000000073;ROLITO EN BOLSAS 14 KG;136;11,420000000000073;14;1904
8;11;2023;2023-11-08;mreinero;Alta Producción de Hielo;666;C04 - Compresor 4 - 127;R01 - Rolitera 1;2195,15;2206,57;11,420000000000073;ROLITO EN BOLSAS 2 KG;364;11,420000000000073;2;728
8;11;2023;2023-11-08;mreinero;Alta Producción de Hielo;666;C04 - Compresor 4 - 127;R01 - Rolitera 1;2195,15;2206,57;11,420000000000073;ROLITO EN BOLSAS 4 KG;1;11,420000000000073;4;4
8;11;2023;2023-11-08;mreinero;Alta Producción de Hielo;666;C04 - Compresor 4 - 127;R01 - Rolitera 1;2195,15;2206,57;11,420000000000073;ROLITO EN BOLSAS 7 KG;1;11,420000000000073;7;7
8;11;2023;2023-11-08;mreinero;Alta Producción de Hielo;667;C04 - Compresor 4 - 127;R02 - Rolitera 2;0,0;0,0;0,0;ROLITO EN BOLSAS 14 KG;24;0,0;14;336
8;11;2023;2023-11-08;mreinero;Alta Producción de Hielo;667;C04 - Compresor 4 - 127;R02 - Rolitera 2;0,0;0,0;0,0;ROLITO EN BOLSAS 2 KG;1023;0,0;2;2046
9;11;2023;2023-11-09;mreinero;Alta Producción de Hielo;668;C02 - Compresor 2 - 127;R01 - Rolitera 1;33256,5;33260,67;4,169999999998254;ROLITO EN BOLSAS 14 KG;21;4,169999999998254;14;294
9;11;2023;2023-11-09;mreinero;Alta Producción de Hielo;668;C02 - Compresor 2 - 127;R01 - Rolitera 1;33256,5;33260,67;4,169999999998254;ROLITO EN BOLSAS 2 KG;306;4,169999999998254;2;612
9;11;2023;2023-11-09;mreinero;Alta Producción de Hielo;669;C04 - Compresor 4 - 127;R01 - Rolitera 1;2206,57;2213,91;7,339999999999691;ROLITO EN BOLSAS 14 KG;60;7,339999999999691;14;840
9;11;2023;2023-11-09;mreinero;Alta Producción de Hielo;669;C04 - Compresor 4 - 127;R01 - Rolitera 1;2206,57;2213,91;7,339999999999691;ROLITO EN BOLSAS 2 KG;373;7,339999999999691;2;746
9;11;2023;2023-11-09;mreinero;Alta Producción de Hielo;670;C04 - Compresor 4 - 127;R02 - Rolitera 2;0,0;0,0;0,0;ROLITO EN BOLSAS 14 KG;25;0,0;14;350
9;11;2023;2023-11-09;mreinero;Alta Producción de Hielo;670;C04 - Compresor 4 - 127;R02 - Rolitera 2;0,0;0,0;0,0;ROLITO EN BOLSAS 2 KG;667;0,0;2;1334
10;11;2023;2023-11-10;mreinero;Alta Producción de Hielo;671;C02 - Compresor 2 - 127;R01 - Rolitera 1;33260,67;33263,26;2,5900000000037835;ROLITO EN BOLSAS 2 KG;248;2,5900000000037835;2;496
10;11;2023;2023-11-10;mreinero;Alta Producción de Hielo;672;C04 - Compresor 4 - 127;R01 - Rolitera 1;2213,91;2221,26;7,350000000000364;ROLITO EN BOLSAS 14 KG;107;7,350000000000364;14;1498
10;11;2023;2023-11-10;mreinero;Alta Producción de Hielo;672;C04 - Compresor 4 - 127;R01 - Rolitera 1;2213,91;2221,26;7,350000000000364;ROLITO EN BOLSAS 7 KG;17;7,350000000000364;7;119
10;11;2023;2023-11-10;mreinero;Alta Producción de Hielo;673;C04 - Compresor 4 - 127;R02 - Rolitera 2;0,0;0,0;0,0;ROLITO EN BOLSAS 14 KG;12;0,0;14;168
10;11;2023;2023-11-10;mreinero;Alta Producción de Hielo;673;C04 - Compresor 4 - 127;R02 - Rolitera 2;0,0;0,0;0,0;ROLITO EN BOLSAS 2 KG;731;0,0;2;1462
10;11;2023;2023-11-10;mreinero;Alta Producción de Hielo;674;C02 - Compresor 2 - 127;R01 - Rolitera 1;33263,26;33264,41;1,1500000000014552;ROLITO EN BOLSAS 14 KG;11;1,1500000000014552;14;154
10;11;2023;2023-11-10;mreinero;Alta Producción de Hielo;674;C02 - Compresor 2 - 127;R01 - Rolitera 1;33263,26;33264,41;1,1500000000014552;ROLITO EN BOLSAS 2 KG;62;1,1500000000014552;2;124
11;11;2023;2023-11-11;mreinero;Alta Producción de Hielo;675;C02 - Compresor 2 - 127;R01 - Rolitera 1;33264,41;33265,84;1,429999999993015;ROLITO EN BOLSAS 14 KG;9;1,429999999993015;14;126
11;11;2023;2023-11-11;mreinero;Alta Producción de Hielo;675;C02 - Compresor 2 - 127;R01 - Rolitera 1;33264,41;33265,84;1,429999999993015;ROLITO EN BOLSAS 7 KG;17;1,429999999993015;7;119
11;11;2023;2023-11-11;mreinero;Alta Producción de Hielo;676;C04 - Compresor 4 - 127;R01 - Rolitera 1;2221,26;2224,39;3,1299999999996544;ROLITO EN BOLSAS 14 KG;21;3,1299999999996544;14;294
11;11;2023;2023-11-11;mreinero;Alta Producción de Hielo;676;C04 - Compresor 4 - 127;R01 - Rolitera 1;2221,26;2224,39;3,1299999999996544;ROLITO EN BOLSAS 2 KG;184;3,1299999999996544;2;368
11;11;2023;2023-11-11;mreinero;Alta Producción de Hielo;677;C04 - Compresor 4 - 127;R02 - Rolitera 2;0,0;0,0;0,0;ROLITO EN BOLSAS 14 KG;12;0,0;14;168
11;11;2023;2023-11-11;mreinero;Alta Producción de Hielo;677;C04 - Compresor 4 - 127;R02 - Rolitera 2;0,0;0,0;0,0;ROLITO EN BOLSAS 2 KG;214;0,0;2;428
13;11;2023;2023-11-13;mreinero;Alta Producción de Hielo;678;C04 - Compresor 4 - 127;R01 - Rolitera 1;2224,39;2235,3;10,91000000000031;ROLITO EN BOLSAS 14 KG;115;10,91000000000031;14;1610
13;11;2023;2023-11-13;mreinero;Alta Producción de Hielo;678;C04 - Compresor 4 - 127;R01 - Rolitera 1;2224,39;2235,3;10,91000000000031;ROLITO EN BOLSAS 2 KG;371;10,91000000000031;2;742
13;11;2023;2023-11-13;mreinero;Alta Producción de Hielo;679;C04 - Compresor 4 - 127;R02 - Rolitera 2;0,0;0,0;0,0;ROLITO EN BOLSAS 14 KG;24;0,0;14;336
13;11;2023;2023-11-13;mreinero;Alta Producción de Hielo;679;C04 - Compresor 4 - 127;R02 - Rolitera 2;0,0;0,0;0,0;ROLITO EN BOLSAS 2 KG;1017;0,0;2;2034
14;11;2023;2023-11-14;mreinero;Alta Producción de Hielo;680;C04 - Compresor 4 - 127;R01 - Rolitera 1;2235,3;2245,18;9,879999999999654;ROLITO EN BOLSAS 14 KG;98;9,879999999999654;14;1372
14;11;2023;2023-11-14;mreinero;Alta Producción de Hielo;680;C04 - Compresor 4 - 127;R01 - Rolitera 1;2235,3;2245,18;9,879999999999654;ROLITO EN BOLSAS 2 KG;437;9,879999999999654;2;874
14;11;2023;2023-11-14;mreinero;Alta Producción de Hielo;681;C04 - Compresor 4 - 127;R02 - Rolitera 2;0,0;0,0;0,0;ROLITO EN BOLSAS 14 KG;38;0,0;14;532
14;11;2023;2023-11-14;mreinero;Alta Producción de Hielo;681;C04 - Compresor 4 - 127;R02 - Rolitera 2;0,0;0,0;0,0;ROLITO EN BOLSAS 2 KG;869;0,0;2;1738
14;11;2023;2023-11-14;mreinero;Alta Producción de Hielo;682;C02 - Compresor 2 - 127;R01 - Rolitera 1;33265,83;33267,63;1,7999999999956344;ROLITO EN BOLSAS 14 KG;19;1,7999999999956344;14;266
14;11;2023;2023-11-14;mreinero;Alta Producción de Hielo;682;C02 - Compresor 2 - 127;R01 - Rolitera 1;33265,83;33267,63;1,7999999999956344;ROLITO EN BOLSAS 2 KG;64;1,7999999999956344;2;128
15;11;2023;2023-11-15;mreinero;Alta Producción de Hielo;683;C04 - Compresor 4 - 127;R01 - Rolitera 1;2245,18;2254,79;9,610000000000127;ROLITO EN BOLSAS 14 KG;69;9,610000000000127;14;966
15;11;2023;2023-11-15;mreinero;Alta Producción de Hielo;683;C04 - Compresor 4 - 127;R01 - Rolitera 1;2245,18;2254,79;9,610000000000127;ROLITO EN BOLSAS 2 KG;533;9,610000000000127;2;1066
15;11;2023;2023-11-15;mreinero;Alta Producción de Hielo;684;C04 - Compresor 4 - 127;R02 - Rolitera 2;0,0;0,0;0,0;ROLITO EN BOLSAS 2 KG;1032;0,0;2;2064
15;11;2023;2023-11-15;mreinero;Alta Producción de Hielo;685;C02 - Compresor 2 - 127;R01 - Rolitera 1;33267,63;33273,15;5,5200000000040745;ROLITO EN BOLSAS 14 KG;67;5,5200000000040745;14;938
15;11;2023;2023-11-15;mreinero;Alta Producción de Hielo;685;C02 - Compresor 2 - 127;R01 - Rolitera 1;33267,63;33273,15;5,5200000000040745;ROLITO EN BOLSAS 2 KG;119;5,5200000000040745;2;238
16;11;2023;2023-11-16;mreinero;Alta Producción de Hielo;686;C04 - Compresor 4 - 127;R01 - Rolitera 1;2254,79;2260,5;5,710000000000036;ROLITO EN BOLSAS 14 KG;61;5,710000000000036;14;854
16;11;2023;2023-11-16;mreinero;Alta Producción de Hielo;686;C04 - Compresor 4 - 127;R01 - Rolitera 1;2254,79;2260,5;5,710000000000036;ROLITO EN BOLSAS 2 KG;177;5,710000000000036;2;354
16;11;2023;2023-11-16;mreinero;Alta Producción de Hielo;687;C04 - Compresor 4 - 127;R02 - Rolitera 2;0,0;0,0;0,0;ROLITO EN BOLSAS 14 KG;7;0,0;14;98
16;11;2023;2023-11-16;mreinero;Alta Producción de Hielo;687;C04 - Compresor 4 - 127;R02 - Rolitera 2;0,0;0,0;0,0;ROLITO EN BOLSAS 2 KG;574;0,0;2;1148
16;11;2023;2023-11-16;mreinero;Alta Producción de Hielo;688;C02 - Compresor 2 - 127;R01 - Rolitera 1;33273,15;33282,68;9,529999999998836;ROLITO EN BOLSAS 14 KG;129;9,529999999998836;14;1806
16;11;2023;2023-11-16;mreinero;Alta Producción de Hielo;688;C02 - Compresor 2 - 127;R01 - Rolitera 1;33273,15;33282,68;9,529999999998836;ROLITO EN BOLSAS 2 KG;60;9,529999999998836;2;120
16;11;2023;2023-11-16;mreinero;Alta Producción de Hielo;688;C02 - Compresor 2 - 127;R01 - Rolitera 1;33273,15;33282,68;9,529999999998836;ROLITO EN BOLSAS 4 KG;68;9,529999999998836;4;272
17;11;2023;2023-11-17;mreinero;Alta Producción de Hielo;689;C02 - Compresor 2 - 127;R01 - Rolitera 1;33285,45;33288,29;2,8400000000037835;ROLITO EN BOLSAS 14 KG;13;2,8400000000037835;14;182
17;11;2023;2023-11-17;mreinero;Alta Producción de Hielo;689;C02 - Compresor 2 - 127;R01 - Rolitera 1;33285,45;33288,29;2,8400000000037835;ROLITO EN BOLSAS 2 KG;119;2,8400000000037835;2;238
17;11;2023;2023-11-17;mreinero;Alta Producción de Hielo;690;C02 - Compresor 2 - 127;R01 - Rolitera 1;33282,68;33285,45;2,7699999999967986;ROLITO EN BOLSAS 14 KG;19;2,7699999999967986;14;266
17;11;2023;2023-11-17;mreinero;Alta Producción de Hielo;690;C02 - Compresor 2 - 127;R01 - Rolitera 1;33282,68;33285,45;2,7699999999967986;ROLITO EN BOLSAS 2 KG;124;2,7699999999967986;2;248
17;11;2023;2023-11-17;mreinero;Alta Producción de Hielo;691;C04 - Compresor 4 - 127;R01 - Rolitera 1;2260,5;2263,26;2,7600000000002183;ROLITO EN BOLSAS 14 KG;50;2,7600000000002183;14;700
17;11;2023;2023-11-17;mreinero;Alta Producción de Hielo;692;C04 - Compresor 4 - 127;R02 - Rolitera 2;0,0;0,0;0,0;ROLITO EN BOLSAS 2 KG;286;0,0;2;572
17;11;2023;2023-11-17;mreinero;Alta Producción de Hielo;693;C04 - Compresor 4 - 127;R01 - Rolitera 1;2263,26;2264,78;1,5199999999999818;ROLITO EN BOLSAS 2 KG;107;1,5199999999999818;2;214
17;11;2023;2023-11-17;mreinero;Alta Producción de Hielo;693;C04 - Compresor 4 - 127;R01 - Rolitera 1;2263,26;2264,78;1,5199999999999818;ROLITO EN BOLSAS 7 KG;18;1,5199999999999818;7;126
17;11;2023;2023-11-17;mreinero;Alta Producción de Hielo;694;C04 - Compresor 4 - 127;R02 - Rolitera 2;0,0;0,0;0,0;ROLITO EN BOLSAS 2 KG;144;0,0;2;288
17;11;2023;2023-11-17;mreinero;Alta Producción de Hielo;695;C02 - Compresor 2 - 127;R01 - Rolitera 1;33288,29;33289,49;1,1999999999970896;ROLITO EN BOLSAS 4 KG;33;1,1999999999970896;4;132
17;11;2023;2023-11-17;mreinero;Alta Producción de Hielo;695;C02 - Compresor 2 - 127;R01 - Rolitera 1;33288,29;33289,49;1,1999999999970896;ROLITO EN BOLSAS 7 KG;15;1,1999999999970896;7;105
18;11;2023;2023-11-18;mreinero;Alta Producción de Hielo;696;C04 - Compresor 4 - 127;R01 - Rolitera 1;2264,78;2268,45;3,669999999999618;ROLITO EN BOLSAS 2 KG;293;3,669999999999618;2;586
18;11;2023;2023-11-18;mreinero;Alta Producción de Hielo;696;C04 - Compresor 4 - 127;R01 - Rolitera 1;2264,78;2268,45;3,669999999999618;ROLITO EN BOLSAS 7 KG;17;3,669999999999618;7;119
18;11;2023;2023-11-18;mreinero;Alta Producción de Hielo;697;C04 - Compresor 4 - 127;R02 - Rolitera 2;0,0;0,0;0,0;ROLITO EN BOLSAS 2 KG;373;0,0;2;746
21;11;2023;2023-11-21;mreinero;Alta Producción de Hielo;698;C02 - Compresor 2 - 127;R01 - Rolitera 1;33289,56;33299,91;10,35000000000582;ROLITO EN BOLSAS 2 KG;879;10,35000000000582;2;1758
21;11;2023;2023-11-21;mreinero;Alta Producción de Hielo;698;C02 - Compresor 2 - 127;R01 - Rolitera 1;33289,56;33299,91;10,35000000000582;ROLITO EN BOLSAS 7 KG;36;10,35000000000582;7;252
22;11;2023;2023-11-22;mreinero;Alta Producción de Hielo;699;C04 - Compresor 4 - 127;R01 - Rolitera 1;2268,49;2275,7;7,210000000000036;ROLITO EN BOLSAS 2 KG;722;7,210000000000036;2;1444
22;11;2023;2023-11-22;mreinero;Alta Producción de Hielo;700;C04 - Compresor 4 - 127;R02 - Rolitera 2;0,0;0,0;0,0;ROLITO EN BOLSAS 2 KG;370;0,0;2;740
22;11;2023;2023-11-22;mreinero;Alta Producción de Hielo;700;C04 - Compresor 4 - 127;R02 - Rolitera 2;0,0;0,0;0,0;ROLITO EN BOLSAS 4 KG;243;0,0;4;972
22;11;2023;2023-11-22;mreinero;Alta Producción de Hielo;701;C02 - Compresor 2 - 127;R01 - Rolitera 1;33299,98;33307,38;7,399999999994179;ROLITO EN BOLSAS 14 KG;97;7,399999999994179;14;1358
22;11;2023;2023-11-22;mreinero;Alta Producción de Hielo;701;C02 - Compresor 2 - 127;R01 - Rolitera 1;33299,98;33307,38;7,399999999994179;ROLITO EN BOLSAS 2 KG;119;7,399999999994179;2;238
22;11;2023;2023-11-22;mreinero;Alta Producción de Hielo;701;C02 - Compresor 2 - 127;R01 - Rolitera 1;33299,98;33307,38;7,399999999994179;ROLITO EN BOLSAS 7 KG;1;7,399999999994179;7;7
23;11;2023;2023-11-23;mreinero;Alta Producción de Hielo;702;C04 - Compresor 4 - 127;R01 - Rolitera 1;2275,7;2285,48;9,7800000000002;ROLITO EN BOLSAS 14 KG;82;9,7800000000002;14;1148
23;11;2023;2023-11-23;mreinero;Alta Producción de Hielo;702;C04 - Compresor 4 - 127;R01 - Rolitera 1;2275,7;2285,48;9,7800000000002;ROLITO EN BOLSAS 2 KG;483;9,7800000000002;2;966
23;11;2023;2023-11-23;mreinero;Alta Producción de Hielo;703;C04 - Compresor 4 - 127;R02 - Rolitera 2;0,0;0,0;0,0;ROLITO EN BOLSAS 2 KG;1082;0,0;2;2164
23;11;2023;2023-11-23;mreinero;Alta Producción de Hielo;704;C02 - Compresor 2 - 127;R01 - Rolitera 1;33307,38;33309,11;1,7300000000032014;ROLITO EN BOLSAS 14 KG;20;1,7300000000032014;14;280
23;11;2023;2023-11-23;mreinero;Alta Producción de Hielo;704;C02 - Compresor 2 - 127;R01 - Rolitera 1;33307,38;33309,11;1,7300000000032014;ROLITO EN BOLSAS 2 KG;64;1,7300000000032014;2;128
23;11;2023;2023-11-23;mreinero;Alta Producción de Hielo;705;C02 - Compresor 2 - 127;R01 - Rolitera 1;33309,11;33312,8;3,6900000000023283;ROLITO EN BOLSAS 14 KG;60;3,6900000000023283;14;840
24;11;2023;2023-11-24;mreinero;Alta Producción de Hielo;706;C02 - Compresor 2 - 127;R01 - Rolitera 1;33312,8;33317,79;4,989999999997963;ROLITO EN BOLSAS 2 KG;483;4,989999999997963;2;966
27;11;2023;2023-11-27;mreinero;Alta Producción de Hielo;707;C02 - Compresor 2 - 127;R01 - Rolitera 1;33317,79;33318,0;0,20999999999912689;ROLITO EN BOLSAS 14 KG;9;0,20999999999912689;14;126
27;11;2023;2023-11-27;mreinero;Alta Producción de Hielo;708;C02 - Compresor 2 - 127;R01 - Rolitera 1;33318,7;33323,87;5,17000000000553;ROLITO EN BOLSAS 14 KG;74;5,17000000000553;14;1036
27;11;2023;2023-11-27;mreinero;Alta Producción de Hielo;709;C04 - Compresor 4 - 127;R01 - Rolitera 1;2285,48;2293,14;7,6599999999998545;ROLITO EN BOLSAS 14 KG;30;7,6599999999998545;14;420
27;11;2023;2023-11-27;mreinero;Alta Producción de Hielo;709;C04 - Compresor 4 - 127;R01 - Rolitera 1;2285,48;2293,14;7,6599999999998545;ROLITO EN BOLSAS 2 KG;587;7,6599999999998545;2;1174
27;11;2023;2023-11-27;mreinero;Alta Producción de Hielo;710;C04 - Compresor 4 - 127;R02 - Rolitera 2;0,0;0,0;0,0;ROLITO EN BOLSAS 2 KG;694;0,0;2;1388
28;11;2023;2023-11-28;mreinero;Alta Producción de Hielo;711;C02 - Compresor 2 - 127;R01 - Rolitera 1;33323,87;33324,92;1,0499999999956344;ROLITO EN BOLSAS 14 KG;13;1,0499999999956344;14;182
28;11;2023;2023-11-28;mreinero;Alta Producción de Hielo;711;C02 - Compresor 2 - 127;R01 - Rolitera 1;33323,87;33324,92;1,0499999999956344;ROLITO EN BOLSAS 7 KG;1;1,0499999999956344;7;7
28;11;2023;2023-11-28;mreinero;Alta Producción de Hielo;712;C04 - Compresor 4 - 127;R01 - Rolitera 1;2293,14;2303,24;10,099999999999909;ROLITO EN BOLSAS 14 KG;41;10,099999999999909;14;574
28;11;2023;2023-11-28;mreinero;Alta Producción de Hielo;712;C04 - Compresor 4 - 127;R01 - Rolitera 1;2293,14;2303,24;10,099999999999909;ROLITO EN BOLSAS 2 KG;717;10,099999999999909;2;1434
28;11;2023;2023-11-28;mreinero;Alta Producción de Hielo;712;C04 - Compresor 4 - 127;R01 - Rolitera 1;2293,14;2303,24;10,099999999999909;ROLITO EN BOLSAS 4 KG;3;10,099999999999909;4;12
28;11;2023;2023-11-28;mreinero;Alta Producción de Hielo;713;C04 - Compresor 4 - 127;R02 - Rolitera 2;0,0;0,0;0,0;ROLITO EN BOLSAS 14 KG;47;0,0;14;658
28;11;2023;2023-11-28;mreinero;Alta Producción de Hielo;713;C04 - Compresor 4 - 127;R02 - Rolitera 2;0,0;0,0;0,0;ROLITO EN BOLSAS 2 KG;797;0,0;2;1594
28;11;2023;2023-11-28;mreinero;Alta Producción de Hielo;714;C02 - Compresor 2 - 127;R01 - Rolitera 1;33324,92;33329,44;4,5200000000040745;ROLITO EN BOLSAS 2 KG;67;4,5200000000040745;2;134
29;11;2023;2023-11-29;mreinero;Alta Producción de Hielo;715;C04 - Compresor 4 - 127;R01 - Rolitera 1;2303,24;2314,8;11,5600000000004;ROLITO EN BOLSAS 14 KG;70;11,5600000000004;14;980
29;11;2023;2023-11-29;mreinero;Alta Producción de Hielo;715;C04 - Compresor 4 - 127;R01 - Rolitera 1;2303,24;2314,8;11,5600000000004;ROLITO EN BOLSAS 2 KG;721;11,5600000000004;2;1442
29;11;2023;2023-11-29;mreinero;Alta Producción de Hielo;716;C04 - Compresor 4 - 127;R02 - Rolitera 2;0,0;0,0;0,0;ROLITO EN BOLSAS 14 KG;11;0,0;14;154
29;11;2023;2023-11-29;mreinero;Alta Producción de Hielo;716;C04 - Compresor 4 - 127;R02 - Rolitera 2;0,0;0,0;0,0;ROLITO EN BOLSAS 2 KG;927;0,0;2;1854
29;11;2023;2023-11-29;mreinero;Alta Producción de Hielo;716;C04 - Compresor 4 - 127;R02 - Rolitera 2;0,0;0,0;0,0;ROLITO EN BOLSAS 4 KG;77;0,0;4;308
29;11;2023;2023-11-29;mreinero;Alta Producción de Hielo;716;C04 - Compresor 4 - 127;R02 - Rolitera 2;0,0;0,0;0,0;ROLITO EN BOLSAS 7 KG;20;0,0;7;140
29;11;2023;2023-11-29;mreinero;Alta Producción de Hielo;717;C04 - Compresor 4 - 127;R01 - Rolitera 1;2314,8;2318,05;3,25;ROLITO EN BOLSAS 14 KG;57;3,25;14;798
30;11;2023;2023-11-30;mreinero;Alta Producción de Hielo;718;C02 - Compresor 2 - 127;R01 - Rolitera 1;33329,44;33331,43;1,9899999999979627;ROLITO EN BOLSAS 14 KG;28;1,9899999999979627;14;392
30;11;2023;2023-11-30;mreinero;Alta Producción de Hielo;718;C02 - Compresor 2 - 127;R01 - Rolitera 1;33329,44;33331,43;1,9899999999979627;ROLITO EN BOLSAS 7 KG;2;1,9899999999979627;7;14
30;11;2023;2023-11-30;mreinero;Alta Producción de Hielo;719;C04 - Compresor 4 - 127;R01 - Rolitera 1;2318,05;2327,32;9,269999999999982;ROLITO EN BOLSAS 14 KG;92;9,269999999999982;14;1288
30;11;2023;2023-11-30;mreinero;Alta Producción de Hielo;719;C04 - Compresor 4 - 127;R01 - Rolitera 1;2318,05;2327,32;9,269999999999982;ROLITO EN BOLSAS 2 KG;357;9,269999999999982;2;714
30;11;2023;2023-11-30;mreinero;Alta Producción de Hielo;720;C04 - Compresor 4 - 127;R02 - Rolitera 2;0,0;0,0;0,0;ROLITO EN BOLSAS 14 KG;23;0,0;14;322
30;11;2023;2023-11-30;mreinero;Alta Producción de Hielo;720;C04 - Compresor 4 - 127;R02 - Rolitera 2;0,0;0,0;0,0;ROLITO EN BOLSAS 2 KG;836;0,0;2;1672
1;12;2023;2023-12-01;mreinero;Alta Producción de Hielo;721;C02 - Compresor 2 - 127;R01 - Rolitera 1;33331,43;33336,56;5,129999999997381;ROLITO EN BOLSAS 14 KG;74;5,129999999997381;14;1036
1;12;2023;2023-12-01;mreinero;Alta Producción de Hielo;722;C04 - Compresor 4 - 127;R01 - Rolitera 1;2327,32;2329,43;2,1099999999996726;ROLITO EN BOLSAS 14 KG;10;2,1099999999996726;14;140
1;12;2023;2023-12-01;mreinero;Alta Producción de Hielo;722;C04 - Compresor 4 - 127;R01 - Rolitera 1;2327,32;2329,43;2,1099999999996726;ROLITO EN BOLSAS 2 KG;114;2,1099999999996726;2;228
1;12;2023;2023-12-01;mreinero;Alta Producción de Hielo;723;C04 - Compresor 4 - 127;R02 - Rolitera 2;0,0;0,0;0,0;ROLITO EN BOLSAS 14 KG;12;0,0;14;168
1;12;2023;2023-12-01;mreinero;Alta Producción de Hielo;723;C04 - Compresor 4 - 127;R02 - Rolitera 2;0,0;0,0;0,0;ROLITO EN BOLSAS 2 KG;141;0,0;2;282
1;12;2023;2023-12-01;mreinero;Alta Producción de Hielo;724;C02 - Compresor 2 - 127;R01 - Rolitera 1;33336,56;33339,14;2,5800000000017462;ROLITO EN BOLSAS 14 KG;20;2,5800000000017462;14;280
1;12;2023;2023-12-01;mreinero;Alta Producción de Hielo;724;C02 - Compresor 2 - 127;R01 - Rolitera 1;33336,56;33339,14;2,5800000000017462;ROLITO EN BOLSAS 2 KG;118;2,5800000000017462;2;236
1;12;2023;2023-12-01;mreinero;Alta Producción de Hielo;725;C02 - Compresor 2 - 127;R01 - Rolitera 1;33339,14;33345,66;6,5200000000040745;ROLITO EN BOLSAS 14 KG;80;6,5200000000040745;14;1120
1;12;2023;2023-12-01;mreinero;Alta Producción de Hielo;725;C02 - Compresor 2 - 127;R01 - Rolitera 1;33339,14;33345,66;6,5200000000040745;ROLITO EN BOLSAS 2 KG;170;6,5200000000040745;2;340
2;12;2023;2023-12-02;mreinero;Alta Producción de Hielo;726;C04 - Compresor 4 - 127;R01 - Rolitera 1;2329,43;2332,85;3,4200000000000728;ROLITO EN BOLSAS 14 KG;10;3,4200000000000728;14;140
2;12;2023;2023-12-02;mreinero;Alta Producción de Hielo;726;C04 - Compresor 4 - 127;R01 - Rolitera 1;2329,43;2332,85;3,4200000000000728;ROLITO EN BOLSAS 2 KG;230;3,4200000000000728;2;460
2;12;2023;2023-12-02;mreinero;Alta Producción de Hielo;727;C04 - Compresor 4 - 127;R02 - Rolitera 2;0,0;0,0;0,0;ROLITO EN BOLSAS 14 KG;12;0,0;14;168
2;12;2023;2023-12-02;mreinero;Alta Producción de Hielo;727;C04 - Compresor 4 - 127;R02 - Rolitera 2;0,0;0,0;0,0;ROLITO EN BOLSAS 2 KG;291;0,0;2;582
2;12;2023;2023-12-02;mreinero;Alta Producción de Hielo;728;C02 - Compresor 2 - 127;R01 - Rolitera 1;33345,66;33346,08;0,41999999999825377;ROLITO EN BOLSAS 14 KG;19;0,41999999999825377;14;266
4;12;2023;2023-12-04;mreinero;Alta Producción de Hielo;729;C04 - Compresor 4 - 127;R01 - Rolitera 1;2332,85;2344,41;11,559999999999945;ROLITO EN BOLSAS 14 KG;71;11,559999999999945;14;994
4;12;2023;2023-12-04;mreinero;Alta Producción de Hielo;729;C04 - Compresor 4 - 127;R01 - Rolitera 1;2332,85;2344,41;11,559999999999945;ROLITO EN BOLSAS 2 KG;734;11,559999999999945;2;1468
4;12;2023;2023-12-04;mreinero;Alta Producción de Hielo;730;C04 - Compresor 4 - 127;R02 - Rolitera 2;0,0;0,0;0,0;ROLITO EN BOLSAS 14 KG;13;0,0;14;182
4;12;2023;2023-12-04;mreinero;Alta Producción de Hielo;730;C04 - Compresor 4 - 127;R02 - Rolitera 2;0,0;0,0;0,0;ROLITO EN BOLSAS 2 KG;782;0,0;2;1564
4;12;2023;2023-12-04;mreinero;Alta Producción de Hielo;730;C04 - Compresor 4 - 127;R02 - Rolitera 2;0,0;0,0;0,0;ROLITO EN BOLSAS 4 KG;127;0,0;4;508
4;12;2023;2023-12-04;mreinero;Alta Producción de Hielo;730;C04 - Compresor 4 - 127;R02 - Rolitera 2;0,0;0,0;0,0;ROLITO EN BOLSAS 7 KG;22;0,0;7;154
5;12;2023;2023-12-05;mreinero;Alta Producción de Hielo;731;C02 - Compresor 2 - 127;R01 - Rolitera 1;33346,88;33351,76;4,880000000004657;ROLITO EN BOLSAS 14 KG;78;4,880000000004657;14;1092
5;12;2023;2023-12-05;mreinero;Alta Producción de Hielo;732;C04 - Compresor 4 - 127;R01 - Rolitera 1;2344,41;2356,08;11,670000000000073;ROLITO EN BOLSAS 14 KG;35;11,670000000000073;14;490
5;12;2023;2023-12-05;mreinero;Alta Producción de Hielo;732;C04 - Compresor 4 - 127;R01 - Rolitera 1;2344,41;2356,08;11,670000000000073;ROLITO EN BOLSAS 2 KG;970;11,670000000000073;2;1940
5;12;2023;2023-12-05;mreinero;Alta Producción de Hielo;732;C04 - Compresor 4 - 127;R01 - Rolitera 1;2344,41;2356,08;11,670000000000073;ROLITO EN BOLSAS 7 KG;21;11,670000000000073;7;147
5;12;2023;2023-12-05;mreinero;Alta Producción de Hielo;733;C04 - Compresor 4 - 127;R02 - Rolitera 2;0,0;0,0;0,0;ROLITO EN BOLSAS 2 KG;1142;0,0;2;2284
6;12;2023;2023-12-06;mreinero;Alta Producción de Hielo;734;C04 - Compresor 4 - 127;R01 - Rolitera 1;2356,08;2367,44;11,360000000000127;ROLITO EN BOLSAS 14 KG;30;11,360000000000127;14;420
6;12;2023;2023-12-06;mreinero;Alta Producción de Hielo;734;C04 - Compresor 4 - 127;R01 - Rolitera 1;2356,08;2367,44;11,360000000000127;ROLITO EN BOLSAS 2 KG;896;11,360000000000127;2;1792
6;12;2023;2023-12-06;mreinero;Alta Producción de Hielo;735;C04 - Compresor 4 - 127;R02 - Rolitera 2;0,0;0,0;0,0;ROLITO EN BOLSAS 14 KG;10;0,0;14;140
6;12;2023;2023-12-06;mreinero;Alta Producción de Hielo;735;C04 - Compresor 4 - 127;R02 - Rolitera 2;0,0;0,0;0,0;ROLITO EN BOLSAS 2 KG;1062;0,0;2;2124
6;12;2023;2023-12-06;mreinero;Alta Producción de Hielo;735;C04 - Compresor 4 - 127;R02 - Rolitera 2;0,0;0,0;0,0;ROLITO EN BOLSAS 7 KG;42;0,0;7;294
6;12;2023;2023-12-06;mreinero;Alta Producción de Hielo;736;C02 - Compresor 2 - 127;R01 - Rolitera 1;33351,76;33357,48;5,720000000001164;ROLITO EN BOLSAS 14 KG;87;5,720000000001164;14;1218
7;12;2023;2023-12-07;mreinero;Alta Producción de Hielo;737;C02 - Compresor 2 - 127;R01 - Rolitera 1;33357,48;33362,85;5,369999999995343;ROLITO EN BOLSAS 14 KG;68;5,369999999995343;14;952
7;12;2023;2023-12-07;mreinero;Alta Producción de Hielo;737;C02 - Compresor 2 - 127;R01 - Rolitera 1;33357,48;33362,85;5,369999999995343;ROLITO EN BOLSAS 7 KG;35;5,369999999995343;7;245
7;12;2023;2023-12-07;mreinero;Alta Producción de Hielo;738;C02 - Compresor 2 - 127;R01 - Rolitera 1;33362,85;33367,54;4,690000000002328;ROLITO EN BOLSAS 14 KG;56;4,690000000002328;14;784
7;12;2023;2023-12-07;mreinero;Alta Producción de Hielo;738;C02 - Compresor 2 - 127;R01 - Rolitera 1;33362,85;33367,54;4,690000000002328;ROLITO EN BOLSAS 2 KG;120;4,690000000002328;2;240
7;12;2023;2023-12-07;mreinero;Alta Producción de Hielo;738;C02 - Compresor 2 - 127;R01 - Rolitera 1;33362,85;33367,54;4,690000000002328;ROLITO EN BOLSAS 7 KG;1;4,690000000002328;7;7
8;12;2023;2023-12-08;mreinero;Alta Producción de Hielo;739;C02 - Compresor 2 - 127;R01 - Rolitera 1;33367,54;33376,41;8,87000000000262;ROLITO EN BOLSAS 14 KG;139;8,87000000000262;14;1946
8;12;2023;2023-12-08;mreinero;Alta Producción de Hielo;740;C02 - Compresor 2 - 127;R01 - Rolitera 1;33376,41;33379,49;3,0799999999944703;ROLITO EN BOLSAS 14 KG;10;3,0799999999944703;14;140
8;12;2023;2023-12-08;mreinero;Alta Producción de Hielo;740;C02 - Compresor 2 - 127;R01 - Rolitera 1;33376,41;33379,49;3,0799999999944703;ROLITO EN BOLSAS 2 KG;247;3,0799999999944703;2;494
9;12;2023;2023-12-09;mreinero;Alta Producción de Hielo;741;C02 - Compresor 2 - 127;R01 - Rolitera 1;33379,49;33379,8;0,31000000000494765;ROLITO EN BOLSAS 14 KG;6;0,31000000000494765;14;84
7;12;2023;2023-12-07;mreinero;Alta Producción de Hielo;742;C04 - Compresor 4 - 127;R01 - Rolitera 1;2367,44;2373,87;6,429999999999836;ROLITO EN BOLSAS 14 KG;83;6,429999999999836;14;1162
7;12;2023;2023-12-07;mreinero;Alta Producción de Hielo;742;C04 - Compresor 4 - 127;R01 - Rolitera 1;2367,44;2373,87;6,429999999999836;ROLITO EN BOLSAS 2 KG;120;6,429999999999836;2;240
7;12;2023;2023-12-07;mreinero;Alta Producción de Hielo;742;C04 - Compresor 4 - 127;R01 - Rolitera 1;2367,44;2373,87;6,429999999999836;ROLITO EN BOLSAS 7 KG;1;6,429999999999836;7;7
7;12;2023;2023-12-07;mreinero;Alta Producción de Hielo;743;C04 - Compresor 4 - 127;R02 - Rolitera 2;0,0;0,0;0,0;ROLITO EN BOLSAS 14 KG;35;0,0;14;490
7;12;2023;2023-12-07;mreinero;Alta Producción de Hielo;743;C04 - Compresor 4 - 127;R02 - Rolitera 2;0,0;0,0;0,0;ROLITO EN BOLSAS 2 KG;480;0,0;2;960
8;12;2023;2023-12-08;mreinero;Alta Producción de Hielo;744;C04 - Compresor 4 - 127;R01 - Rolitera 1;2373,87;2375,45;1,5799999999999272;ROLITO EN BOLSAS 2 KG;174;1,5799999999999272;2;348
8;12;2023;2023-12-08;mreinero;Alta Producción de Hielo;745;C04 - Compresor 4 - 127;R02 - Rolitera 2;0,0;0,0;0,0;ROLITO EN BOLSAS 2 KG;139;0,0;2;278
8;12;2023;2023-12-08;mreinero;Alta Producción de Hielo;746;C04 - Compresor 4 - 127;R01 - Rolitera 1;2375,45;2380,04;4,5900000000001455;ROLITO EN BOLSAS 14 KG;51;4,5900000000001455;14;714
8;12;2023;2023-12-08;mreinero;Alta Producción de Hielo;746;C04 - Compresor 4 - 127;R01 - Rolitera 1;2375,45;2380,04;4,5900000000001455;ROLITO EN BOLSAS 2 KG;189;4,5900000000001455;2;378
8;12;2023;2023-12-08;mreinero;Alta Producción de Hielo;747;C04 - Compresor 4 - 127;R02 - Rolitera 2;0,0;0,0;0,0;ROLITO EN BOLSAS 14 KG;12;0,0;14;168
8;12;2023;2023-12-08;mreinero;Alta Producción de Hielo;747;C04 - Compresor 4 - 127;R02 - Rolitera 2;0,0;0,0;0,0;ROLITO EN BOLSAS 2 KG;207;0,0;2;414
9;12;2023;2023-12-09;mreinero;Alta Producción de Hielo;748;C04 - Compresor 4 - 127;R01 - Rolitera 1;2380,04;2383,22;3,1799999999998363;ROLITO EN BOLSAS 14 KG;20;3,1799999999998363;14;280
9;12;2023;2023-12-09;mreinero;Alta Producción de Hielo;748;C04 - Compresor 4 - 127;R01 - Rolitera 1;2380,04;2383,22;3,1799999999998363;ROLITO EN BOLSAS 2 KG;175;3,1799999999998363;2;350
9;12;2023;2023-12-09;mreinero;Alta Producción de Hielo;749;C04 - Compresor 4 - 127;R02 - Rolitera 2;0,0;0,0;0,0;ROLITO EN BOLSAS 2 KG;296;0,0;2;592
11;12;2023;2023-12-11;mreinero;Alta Producción de Hielo;750;C04 - Compresor 4 - 127;R01 - Rolitera 1;2383,22;2394,83;11,610000000000127;ROLITO EN BOLSAS 14 KG;109;11,610000000000127;14;1526
11;12;2023;2023-12-11;mreinero;Alta Producción de Hielo;750;C04 - Compresor 4 - 127;R01 - Rolitera 1;2383,22;2394,83;11,610000000000127;ROLITO EN BOLSAS 2 KG;462;11,610000000000127;2;924
11;12;2023;2023-12-11;mreinero;Alta Producción de Hielo;751;C04 - Compresor 4 - 127;R02 - Rolitera 2;0,0;0,0;0,0;ROLITO EN BOLSAS 14 KG;12;0,0;14;168
11;12;2023;2023-12-11;mreinero;Alta Producción de Hielo;751;C04 - Compresor 4 - 127;R02 - Rolitera 2;0,0;0,0;0,0;ROLITO EN BOLSAS 2 KG;1042;0,0;2;2084
11;12;2023;2023-12-11;mreinero;Alta Producción de Hielo;751;C04 - Compresor 4 - 127;R02 - Rolitera 2;0,0;0,0;0,0;ROLITO EN BOLSAS 7 KG;22;0,0;7;154
11;12;2023;2023-12-11;mreinero;Alta Producción de Hielo;752;C02 - Compresor 2 - 127;R01 - Rolitera 1;33379,8;33385,48;5,680000000000291;ROLITO EN BOLSAS 14 KG;75;5,680000000000291;14;1050
12;12;2023;2023-12-12;mreinero;Alta Producción de Hielo;753;C04 - Compresor 4 - 127;R01 - Rolitera 1;2394,83;2397,62;2,7899999999999636;ROLITO EN BOLSAS 14 KG;50;2,7899999999999636;14;700
12;12;2023;2023-12-12;mreinero;Alta Producción de Hielo;754;C04 - Compresor 4 - 127;R02 - Rolitera 2;0,0;0,0;0,0;ROLITO EN BOLSAS 2 KG;286;0,0;2;572
12;12;2023;2023-12-12;mreinero;Alta Producción de Hielo;755;C02 - Compresor 2 - 127;R01 - Rolitera 1;33385,48;33393,34;7,859999999993306;ROLITO EN BOLSAS 14 KG;80;7,859999999993306;14;1120
12;12;2023;2023-12-12;mreinero;Alta Producción de Hielo;755;C02 - Compresor 2 - 127;R01 - Rolitera 1;33385,48;33393,34;7,859999999993306;ROLITO EN BOLSAS 2 KG;283;7,859999999993306;2;566
13;12;2023;2023-12-13;mreinero;Alta Producción de Hielo;756;C02 - Compresor 2 - 127;R01 - Rolitera 1;33393,34;33400,96;7,620000000002619;ROLITO EN BOLSAS 14 KG;105;7,620000000002619;14;1470
13;12;2023;2023-12-13;mreinero;Alta Producción de Hielo;756;C02 - Compresor 2 - 127;R01 - Rolitera 1;33393,34;33400,96;7,620000000002619;ROLITO EN BOLSAS 7 KG;16;7,620000000002619;7;112
13;12;2023;2023-12-13;mreinero;Alta Producción de Hielo;757;C02 - Compresor 2 - 127;R01 - Rolitera 1;33400,96;33405,99;5,029999999998836;ROLITO EN BOLSAS 14 KG;74;5,029999999998836;14;1036
13;12;2023;2023-12-13;mreinero;Alta Producción de Hielo;757;C02 - Compresor 2 - 127;R01 - Rolitera 1;33400,96;33405,99;5,029999999998836;ROLITO EN BOLSAS 7 KG;1;5,029999999998836;7;7
13;12;2023;2023-12-13;mreinero;Alta Producción de Hielo;758;C04 - Compresor 4 - 127;R01 - Rolitera 1;2397,62;2409,02;11,400000000000091;ROLITO EN BOLSAS 14 KG;143;11,400000000000091;14;2002
13;12;2023;2023-12-13;mreinero;Alta Producción de Hielo;758;C04 - Compresor 4 - 127;R01 - Rolitera 1;2397,62;2409,02;11,400000000000091;ROLITO EN BOLSAS 2 KG;303;11,400000000000091;2;606
13;12;2023;2023-12-13;mreinero;Alta Producción de Hielo;759;C04 - Compresor 4 - 127;R02 - Rolitera 2;0,0;0,0;0,0;ROLITO EN BOLSAS 14 KG;36;0,0;14;504
13;12;2023;2023-12-13;mreinero;Alta Producción de Hielo;759;C04 - Compresor 4 - 127;R02 - Rolitera 2;0,0;0,0;0,0;ROLITO EN BOLSAS 2 KG;902;0,0;2;1804
13;12;2023;2023-12-13;mreinero;Alta Producción de Hielo;759;C04 - Compresor 4 - 127;R02 - Rolitera 2;0,0;0,0;0,0;ROLITO EN BOLSAS 4 KG;80;0,0;4;320
14;12;2023;2023-12-14;mreinero;Alta Producción de Hielo;760;C02 - Compresor 2 - 127;R01 - Rolitera 1;33405,99;33409,54;3,5500000000029104;ROLITO EN BOLSAS 14 KG;46;3,5500000000029104;14;644
14;12;2023;2023-12-14;mreinero;Alta Producción de Hielo;760;C02 - Compresor 2 - 127;R01 - Rolitera 1;33405,99;33409,54;3,5500000000029104;ROLITO EN BOLSAS 2 KG;60;3,5500000000029104;2;120
14;12;2023;2023-12-14;mreinero;Alta Producción de Hielo;760;C02 - Compresor 2 - 127;R01 - Rolitera 1;33405,99;33409,54;3,5500000000029104;ROLITO EN BOLSAS 7 KG;1;3,5500000000029104;7;7
14;12;2023;2023-12-14;mreinero;Alta Producción de Hielo;761;C04 - Compresor 4 - 127;R01 - Rolitera 1;2409,02;2416,36;7,3400000000001455;ROLITO EN BOLSAS 14 KG;40;7,3400000000001455;14;560
14;12;2023;2023-12-14;mreinero;Alta Producción de Hielo;761;C04 - Compresor 4 - 127;R01 - Rolitera 1;2409,02;2416,36;7,3400000000001455;ROLITO EN BOLSAS 2 KG;412;7,3400000000001455;2;824
14;12;2023;2023-12-14;mreinero;Alta Producción de Hielo;761;C04 - Compresor 4 - 127;R01 - Rolitera 1;2409,02;2416,36;7,3400000000001455;ROLITO EN BOLSAS 7 KG;19;7,3400000000001455;7;133
14;12;2023;2023-12-14;mreinero;Alta Producción de Hielo;762;C04 - Compresor 4 - 127;R02 - Rolitera 2;0,0;0,0;0,0;ROLITO EN BOLSAS 14 KG;12;0,0;14;168
14;12;2023;2023-12-14;mreinero;Alta Producción de Hielo;762;C04 - Compresor 4 - 127;R02 - Rolitera 2;0,0;0,0;0,0;ROLITO EN BOLSAS 2 KG;718;0,0;2;1436
15;12;2023;2023-12-15;mreinero;Alta Producción de Hielo;763;C02 - Compresor 2 - 127;R01 - Rolitera 1;33409,54;33413,88;4,3399999999965075;ROLITO EN BOLSAS 14 KG;54;4,3399999999965075;14;756
15;12;2023;2023-12-15;mreinero;Alta Producción de Hielo;764;C02 - Compresor 2 - 127;R01 - Rolitera 1;33413,68;33418,69;5,010000000002037;ROLITO EN BOLSAS 14 KG;30;5,010000000002037;14;420
15;12;2023;2023-12-15;mreinero;Alta Producción de Hielo;764;C02 - Compresor 2 - 127;R01 - Rolitera 1;33413,68;33418,69;5,010000000002037;ROLITO EN BOLSAS 2 KG;242;5,010000000002037;2;484
15;12;2023;2023-12-15;mreinero;Alta Producción de Hielo;764;C02 - Compresor 2 - 127;R01 - Rolitera 1;33413,68;33418,69;5,010000000002037;ROLITO EN BOLSAS 4 KG;2;5,010000000002037;4;8
15;12;2023;2023-12-15;mreinero;Alta Producción de Hielo;765;C04 - Compresor 4 - 127;R01 - Rolitera 1;2416,36;2419,77;3,4099999999998545;ROLITO EN BOLSAS 14 KG;51;3,4099999999998545;14;714
15;12;2023;2023-12-15;mreinero;Alta Producción de Hielo;765;C04 - Compresor 4 - 127;R01 - Rolitera 1;2416,36;2419,77;3,4099999999998545;ROLITO EN BOLSAS 2 KG;64;3,4099999999998545;2;128
15;12;2023;2023-12-15;mreinero;Alta Producción de Hielo;766;C04 - Compresor 4 - 127;R02 - Rolitera 2;0,0;0,0;0,0;ROLITO EN BOLSAS 14 KG;12;0,0;14;168
15;12;2023;2023-12-15;mreinero;Alta Producción de Hielo;766;C04 - Compresor 4 - 127;R02 - Rolitera 2;0,0;0,0;0,0;ROLITO EN BOLSAS 2 KG;282;0,0;2;564
16;12;2023;2023-12-16;mreinero;Alta Producción de Hielo;767;C02 - Compresor 2 - 127;R01 - Rolitera 1;33418,91;33420,37;1,4599999999991269;ROLITO EN BOLSAS 14 KG;20;1,4599999999991269;14;280
16;12;2023;2023-12-16;mreinero;Alta Producción de Hielo;768;C04 - Compresor 4 - 127;R01 - Rolitera 1;2419,81;2420,17;0,36000000000012733;ROLITO EN BOLSAS 14 KG;7;0,36000000000012733;14;98
18;12;2023;2023-12-18;mreinero;Alta Producción de Hielo;769;C04 - Compresor 4 - 127;R01 - Rolitera 1;2420,17;2431,12;10,949999999999818;ROLITO EN BOLSAS 14 KG;89;10,949999999999818;14;1246
18;12;2023;2023-12-18;mreinero;Alta Producción de Hielo;769;C04 - Compresor 4 - 127;R01 - Rolitera 1;2420,17;2431,12;10,949999999999818;ROLITO EN BOLSAS 2 KG;451;10,949999999999818;2;902
18;12;2023;2023-12-18;mreinero;Alta Producción de Hielo;769;C04 - Compresor 4 - 127;R01 - Rolitera 1;2420,17;2431,12;10,949999999999818;ROLITO EN BOLSAS 7 KG;16;10,949999999999818;7;112
18;12;2023;2023-12-18;mreinero;Alta Producción de Hielo;770;C04 - Compresor 4 - 127;R02 - Rolitera 2;0,0;0,0;0,0;ROLITO EN BOLSAS 14 KG;33;0,0;14;462
18;12;2023;2023-12-18;mreinero;Alta Producción de Hielo;770;C04 - Compresor 4 - 127;R02 - Rolitera 2;0,0;0,0;0,0;ROLITO EN BOLSAS 2 KG;994;0,0;2;1988
19;12;2023;2023-12-19;mreinero;Alta Producción de Hielo;771;C02 - Compresor 2 - 127;R01 - Rolitera 1;33420,37;33429,36;8,989999999997963;ROLITO EN BOLSAS 14 KG;112;8,989999999997963;14;1568
19;12;2023;2023-12-19;mreinero;Alta Producción de Hielo;771;C02 - Compresor 2 - 127;R01 - Rolitera 1;33420,37;33429,36;8,989999999997963;ROLITO EN BOLSAS 2 KG;61;8,989999999997963;2;122
20;12;2023;2023-12-20;mreinero;Alta Producción de Hielo;772;C04 - Compresor 4 - 127;R01 - Rolitera 1;2442,75;2448,55;5,800000000000182;ROLITO EN BOLSAS 14 KG;86;5,800000000000182;14;1204
19;12;2023;2023-12-19;mreinero;Alta Producción de Hielo;773;C04 - Compresor 4 - 127;R01 - Rolitera 1;2431,12;2442,75;11,63000000000011;ROLITO EN BOLSAS 14 KG;92;11,63000000000011;14;1288
19;12;2023;2023-12-19;mreinero;Alta Producción de Hielo;773;C04 - Compresor 4 - 127;R01 - Rolitera 1;2431,12;2442,75;11,63000000000011;ROLITO EN BOLSAS 2 KG;411;11,63000000000011;2;822
19;12;2023;2023-12-19;mreinero;Alta Producción de Hielo;773;C04 - Compresor 4 - 127;R01 - Rolitera 1;2431,12;2442,75;11,63000000000011;ROLITO EN BOLSAS 4 KG;34;11,63000000000011;4;136
19;12;2023;2023-12-19;mreinero;Alta Producción de Hielo;773;C04 - Compresor 4 - 127;R01 - Rolitera 1;2431,12;2442,75;11,63000000000011;ROLITO EN BOLSAS 7 KG;52;11,63000000000011;7;364
19;12;2023;2023-12-19;mreinero;Alta Producción de Hielo;774;C04 - Compresor 4 - 127;R02 - Rolitera 2;0,0;0,0;0,0;ROLITO EN BOLSAS 14 KG;12;0,0;14;168
19;12;2023;2023-12-19;mreinero;Alta Producción de Hielo;774;C04 - Compresor 4 - 127;R02 - Rolitera 2;0,0;0,0;0,0;ROLITO EN BOLSAS 2 KG;1157;0,0;2;2314
21;12;2023;2023-12-21;mreinero;Alta Producción de Hielo;775;C04 - Compresor 4 - 127;R01 - Rolitera 1;2448,55;2456,67;8,11999999999989;ROLITO EN BOLSAS 14 KG;10;8,11999999999989;14;140
21;12;2023;2023-12-21;mreinero;Alta Producción de Hielo;775;C04 - Compresor 4 - 127;R01 - Rolitera 1;2448,55;2456,67;8,11999999999989;ROLITO EN BOLSAS 2 KG;368;8,11999999999989;2;736
21;12;2023;2023-12-21;mreinero;Alta Producción de Hielo;775;C04 - Compresor 4 - 127;R01 - Rolitera 1;2448,55;2456,67;8,11999999999989;ROLITO EN BOLSAS 7 KG;106;8,11999999999989;7;742
20;12;2023;2023-12-20;mreinero;Alta Producción de Hielo;776;C04 - Compresor 4 - 127;R02 - Rolitera 2;0,0;0,0;0,0;ROLITO EN BOLSAS 14 KG;46;0,0;14;644
20;12;2023;2023-12-20;mreinero;Alta Producción de Hielo;776;C04 - Compresor 4 - 127;R02 - Rolitera 2;0,0;0,0;0,0;ROLITO EN BOLSAS 4 KG;370;0,0;4;1480
20;12;2023;2023-12-20;mreinero;Alta Producción de Hielo;777;C02 - Compresor 2 - 127;R01 - Rolitera 1;33429,36;33432,72;3,360000000000582;ROLITO EN BOLSAS 14 KG;25;3,360000000000582;14;350
20;12;2023;2023-12-20;mreinero;Alta Producción de Hielo;777;C02 - Compresor 2 - 127;R01 - Rolitera 1;33429,36;33432,72;3,360000000000582;ROLITO EN BOLSAS 2 KG;182;3,360000000000582;2;364
20;12;2023;2023-12-20;mreinero;Alta Producción de Hielo;777;C02 - Compresor 2 - 127;R01 - Rolitera 1;33429,36;33432,72;3,360000000000582;ROLITO EN BOLSAS 4 KG;4;3,360000000000582;4;16
21;12;2023;2023-12-21;mreinero;Alta Producción de Hielo;778;C02 - Compresor 2 - 127;R01 - Rolitera 1;33432,72;33440,79;8,069999999999709;ROLITO EN BOLSAS 14 KG;109;8,069999999999709;14;1526
21;12;2023;2023-12-21;mreinero;Alta Producción de Hielo;778;C02 - Compresor 2 - 127;R01 - Rolitera 1;33432,72;33440,79;8,069999999999709;ROLITO EN BOLSAS 2 KG;58;8,069999999999709;2;116
21;12;2023;2023-12-21;mreinero;Alta Producción de Hielo;779;C02 - Compresor 2 - 127;R01 - Rolitera 1;33440,8;33444,75;3,9499999999970896;ROLITO EN BOLSAS 14 KG;28;3,9499999999970896;14;392
21;12;2023;2023-12-21;mreinero;Alta Producción de Hielo;779;C02 - Compresor 2 - 127;R01 - Rolitera 1;33440,8;33444,75;3,9499999999970896;ROLITO EN BOLSAS 2 KG;179;3,9499999999970896;2;358
21;12;2023;2023-12-21;mreinero;Alta Producción de Hielo;779;C02 - Compresor 2 - 127;R01 - Rolitera 1;33440,8;33444,75;3,9499999999970896;ROLITO EN BOLSAS 7 KG;5;3,9499999999970896;7;35
21;12;2023;2023-12-21;mreinero;Alta Producción de Hielo;780;C04 - Compresor 4 - 127;R01 - Rolitera 1;2456,67;2462,46;5,789999999999964;ROLITO EN BOLSAS 14 KG;88;5,789999999999964;14;1232
21;12;2023;2023-12-21;mreinero;Alta Producción de Hielo;781;C04 - Compresor 4 - 127;R02 - Rolitera 2;0,0;0,0;0,0;ROLITO EN BOLSAS 14 KG;47;0,0;14;658
21;12;2023;2023-12-21;mreinero;Alta Producción de Hielo;781;C04 - Compresor 4 - 127;R02 - Rolitera 2;0,0;0,0;0,0;ROLITO EN BOLSAS 2 KG;360;0,0;2;720
22;12;2023;2023-12-22;mreinero;Alta Producción de Hielo;782;C02 - Compresor 2 - 127;R01 - Rolitera 1;33444,75;33448,07;3,319999999999709;ROLITO EN BOLSAS 14 KG;19;3,319999999999709;14;266
22;12;2023;2023-12-22;mreinero;Alta Producción de Hielo;782;C02 - Compresor 2 - 127;R01 - Rolitera 1;33444,75;33448,07;3,319999999999709;ROLITO EN BOLSAS 2 KG;178;3,319999999999709;2;356
22;12;2023;2023-12-22;mreinero;Alta Producción de Hielo;783;C04 - Compresor 4 - 127;R01 - Rolitera 1;2462,46;2466,73;4,269999999999982;ROLITO EN BOLSAS 14 KG;38;4,269999999999982;14;532
22;12;2023;2023-12-22;mreinero;Alta Producción de Hielo;783;C04 - Compresor 4 - 127;R01 - Rolitera 1;2462,46;2466,73;4,269999999999982;ROLITO EN BOLSAS 2 KG;60;4,269999999999982;2;120
22;12;2023;2023-12-22;mreinero;Alta Producción de Hielo;783;C04 - Compresor 4 - 127;R01 - Rolitera 1;2462,46;2466,73;4,269999999999982;ROLITO EN BOLSAS 7 KG;35;4,269999999999982;7;245
22;12;2023;2023-12-22;mreinero;Alta Producción de Hielo;784;C04 - Compresor 4 - 127;R02 - Rolitera 2;0,0;0,0;0,0;ROLITO EN BOLSAS 14 KG;24;0,0;14;336
22;12;2023;2023-12-22;mreinero;Alta Producción de Hielo;784;C04 - Compresor 4 - 127;R02 - Rolitera 2;0,0;0,0;0,0;ROLITO EN BOLSAS 2 KG;286;0,0;2;572
22;12;2023;2023-12-22;mreinero;Alta Producción de Hielo;785;C02 - Compresor 2 - 127;R01 - Rolitera 1;33448,07;33449,9;1,8300000000017462;ROLITO EN BOLSAS 14 KG;21;1,8300000000017462;14;294
22;12;2023;2023-12-22;mreinero;Alta Producción de Hielo;785;C02 - Compresor 2 - 127;R01 - Rolitera 1;33448,07;33449,9;1,8300000000017462;ROLITO EN BOLSAS 2 KG;61;1,8300000000017462;2;122
23;12;2023;2023-12-23;mreinero;Alta Producción de Hielo;786;C02 - Compresor 2 - 127;R01 - Rolitera 1;33449,9;33459,85;9,94999999999709;ROLITO EN BOLSAS 14 KG;148;9,94999999999709;14;2072
26;12;2023;2023-12-26;mreinero;Alta Producción de Hielo;787;C04 - Compresor 4 - 127;R01 - Rolitera 1;2466,73;2478,05;11,320000000000164;ROLITO EN BOLSAS 14 KG;119;11,320000000000164;14;1666
26;12;2023;2023-12-26;mreinero;Alta Producción de Hielo;787;C04 - Compresor 4 - 127;R01 - Rolitera 1;2466,73;2478,05;11,320000000000164;ROLITO EN BOLSAS 2 KG;292;11,320000000000164;2;584
26;12;2023;2023-12-26;mreinero;Alta Producción de Hielo;787;C04 - Compresor 4 - 127;R01 - Rolitera 1;2466,73;2478,05;11,320000000000164;ROLITO EN BOLSAS 7 KG;19;11,320000000000164;7;133
26;12;2023;2023-12-26;mreinero;Alta Producción de Hielo;788;C04 - Compresor 4 - 127;R02 - Rolitera 2;2466,73;2478,05;11,320000000000164;ROLITO EN BOLSAS 14 KG;37;11,320000000000164;14;518
26;12;2023;2023-12-26;mreinero;Alta Producción de Hielo;788;C04 - Compresor 4 - 127;R02 - Rolitera 2;2466,73;2478,05;11,320000000000164;ROLITO EN BOLSAS 2 KG;920;11,320000000000164;2;1840
26;12;2023;2023-12-26;mreinero;Alta Producción de Hielo;789;C02 - Compresor 2 - 127;R01 - Rolitera 1;33459,85;33466,54;6,690000000002328;ROLITO EN BOLSAS 14 KG;96;6,690000000002328;14;1344
27;12;2023;2023-12-27;mreinero;Alta Producción de Hielo;790;C02 - Compresor 2 - 127;R01 - Rolitera 1;33466,54;33468,02;1,4799999999959255;ROLITO EN BOLSAS 14 KG;16;1,4799999999959255;14;224
27;12;2023;2023-12-27;mreinero;Alta Producción de Hielo;790;C02 - Compresor 2 - 127;R01 - Rolitera 1;33466,54;33468,02;1,4799999999959255;ROLITO EN BOLSAS 4 KG;6;1,4799999999959255;4;24
27;12;2023;2023-12-27;mreinero;Alta Producción de Hielo;791;C04 - Compresor 4 - 127;R01 - Rolitera 1;2478,05;2488,48;10,429999999999836;ROLITO EN BOLSAS 14 KG;72;10,429999999999836;14;1008
27;12;2023;2023-12-27;mreinero;Alta Producción de Hielo;791;C04 - Compresor 4 - 127;R01 - Rolitera 1;2478,05;2488,48;10,429999999999836;ROLITO EN BOLSAS 2 KG;174;10,429999999999836;2;348
27;12;2023;2023-12-27;mreinero;Alta Producción de Hielo;791;C04 - Compresor 4 - 127;R01 - Rolitera 1;2478,05;2488,48;10,429999999999836;ROLITO EN BOLSAS 4 KG;101;10,429999999999836;4;404
27;12;2023;2023-12-27;mreinero;Alta Producción de Hielo;791;C04 - Compresor 4 - 127;R01 - Rolitera 1;2478,05;2488,48;10,429999999999836;ROLITO EN BOLSAS 7 KG;51;10,429999999999836;7;357
27;12;2023;2023-12-27;mreinero;Alta Producción de Hielo;792;C04 - Compresor 4 - 127;R02 - Rolitera 2;0,0;0,0;0,0;ROLITO EN BOLSAS 14 KG;13;0,0;14;182
27;12;2023;2023-12-27;mreinero;Alta Producción de Hielo;792;C04 - Compresor 4 - 127;R02 - Rolitera 2;0,0;0,0;0,0;ROLITO EN BOLSAS 2 KG;883;0,0;2;1766
28;12;2023;2023-12-28;mreinero;Alta Producción de Hielo;793;C04 - Compresor 4 - 127;R01 - Rolitera 1;2488,48;2497,96;9,480000000000018;ROLITO EN BOLSAS 14 KG;50;9,480000000000018;14;700
28;12;2023;2023-12-28;mreinero;Alta Producción de Hielo;793;C04 - Compresor 4 - 127;R01 - Rolitera 1;2488,48;2497,96;9,480000000000018;ROLITO EN BOLSAS 2 KG;467;9,480000000000018;2;934
28;12;2023;2023-12-28;mreinero;Alta Producción de Hielo;793;C04 - Compresor 4 - 127;R01 - Rolitera 1;2488,48;2497,96;9,480000000000018;ROLITO EN BOLSAS 7 KG;34;9,480000000000018;7;238
29;12;2023;2023-12-29;mreinero;Alta Producción de Hielo;794;C04 - Compresor 4 - 127;R02 - Rolitera 2;0,0;0,0;0,0;ROLITO EN BOLSAS 14 KG;8;0,0;14;112
29;12;2023;2023-12-29;mreinero;Alta Producción de Hielo;794;C04 - Compresor 4 - 127;R02 - Rolitera 2;0,0;0,0;0,0;ROLITO EN BOLSAS 2 KG;503;0,0;2;1006
29;12;2023;2023-12-29;mreinero;Alta Producción de Hielo;794;C04 - Compresor 4 - 127;R02 - Rolitera 2;0,0;0,0;0,0;ROLITO EN BOLSAS 4 KG;117;0,0;4;468
29;12;2023;2023-12-29;mreinero;Alta Producción de Hielo;794;C04 - Compresor 4 - 127;R02 - Rolitera 2;0,0;0,0;0,0;ROLITO EN BOLSAS 7 KG;22;0,0;7;154
28;12;2023;2023-12-28;mreinero;Alta Producción de Hielo;795;C02 - Compresor 2 - 127;R01 - Rolitera 1;33468,02;33469,14;1,1200000000026193;ROLITO EN BOLSAS 14 KG;10;1,1200000000026193;14;140
28;12;2023;2023-12-28;mreinero;Alta Producción de Hielo;795;C02 - Compresor 2 - 127;R01 - Rolitera 1;33468,02;33469,14;1,1200000000026193;ROLITO EN BOLSAS 7 KG;17;1,1200000000026193;7;119
29;12;2023;2023-12-29;mreinero;Alta Producción de Hielo;796;C04 - Compresor 4 - 127;R01 - Rolitera 1;2497,96;2506,84;8,88000000000011;ROLITO EN BOLSAS 14 KG;46;8,88000000000011;14;644
29;12;2023;2023-12-29;mreinero;Alta Producción de Hielo;796;C04 - Compresor 4 - 127;R01 - Rolitera 1;2497,96;2506,84;8,88000000000011;ROLITO EN BOLSAS 2 KG;439;8,88000000000011;2;878
29;12;2023;2023-12-29;mreinero;Alta Producción de Hielo;796;C04 - Compresor 4 - 127;R01 - Rolitera 1;2497,96;2506,84;8,88000000000011;ROLITO EN BOLSAS 7 KG;17;8,88000000000011;7;119
29;12;2023;2023-12-29;mreinero;Alta Producción de Hielo;797;C04 - Compresor 4 - 127;R02 - Rolitera 2;0,0;0,0;0,0;ROLITO EN BOLSAS 14 KG;18;0,0;14;252
29;12;2023;2023-12-29;mreinero;Alta Producción de Hielo;797;C04 - Compresor 4 - 127;R02 - Rolitera 2;0,0;0,0;0,0;ROLITO EN BOLSAS 2 KG;779;0,0;2;1558
29;12;2023;2023-12-29;mreinero;Alta Producción de Hielo;798;C04 - Compresor 4 - 127;R01 - Rolitera 1;2506,84;2509,81;2,9699999999998;ROLITO EN BOLSAS 14 KG;40;2,9699999999998;14;560
29;12;2023;2023-12-29;mreinero;Alta Producción de Hielo;799;C04 - Compresor 4 - 127;R02 - Rolitera 2;0,0;0,0;0,0;ROLITO EN BOLSAS 14 KG;33;0,0;14;462
30;12;2023;2023-12-30;mreinero;Alta Producción de Hielo;800;C04 - Compresor 4 - 127;R01 - Rolitera 1;2509,81;2516,56;6,75;ROLITO EN BOLSAS 14 KG;48;6,75;14;672
30;12;2023;2023-12-30;mreinero;Alta Producción de Hielo;800;C04 - Compresor 4 - 127;R01 - Rolitera 1;2509,81;2516,56;6,75;ROLITO EN BOLSAS 2 KG;338;6,75;2;676
30;12;2023;2023-12-30;mreinero;Alta Producción de Hielo;801;C04 - Compresor 4 - 127;R02 - Rolitera 2;0,0;0,0;0,0;ROLITO EN BOLSAS 14 KG;115;0,0;14;1610
30;12;2023;2023-12-30;mreinero;Alta Producción de Hielo;801;C04 - Compresor 4 - 127;R02 - Rolitera 2;0,0;0,0;0,0;ROLITO EN BOLSAS 7 KG;1;0,0;7;7
29;12;2023;2023-12-29;mreinero;Alta Producción de Hielo;802;C02 - Compresor 2 - 127;R01 - Rolitera 1;33469,14;33472,41;3,2700000000040745;ROLITO EN BOLSAS 14 KG;49;3,2700000000040745;14;686
30;12;2023;2023-12-30;mreinero;Alta Producción de Hielo;803;C02 - Compresor 2 - 127;R01 - Rolitera 1;33472,41;33474,59;2,179999999993015;ROLITO EN BOLSAS 14 KG;31;2,179999999993015;14;434
30;12;2023;2023-12-30;mreinero;Alta Producción de Hielo;804;C02 - Compresor 2 - 127;R01 - Rolitera 1;33474,59;33487,78;13,190000000002328;ROLITO EN BOLSAS 14 KG;139;13,190000000002328;14;1946
30;12;2023;2023-12-30;mreinero;Alta Producción de Hielo;804;C02 - Compresor 2 - 127;R01 - Rolitera 1;33474,59;33487,78;13,190000000002328;ROLITO EN BOLSAS 2 KG;115;13,190000000002328;2;230
30;12;2023;2023-12-30;mreinero;Alta Producción de Hielo;804;C02 - Compresor 2 - 127;R01 - Rolitera 1;33474,59;33487,78;13,190000000002328;ROLITO EN BOLSAS 4 KG;69;13,190000000002328;4;276
30;12;2023;2023-12-30;mreinero;Alta Producción de Hielo;804;C02 - Compresor 2 - 127;R01 - Rolitera 1;33474,59;33487,78;13,190000000002328;ROLITO EN BOLSAS 7 KG;52;13,190000000002328;7;364
31;12;2023;2023-12-31;mreinero;Alta Producción de Hielo;805;C02 - Compresor 2 - 127;R01 - Rolitera 1;33487,78;33492,17;4,389999999999418;ROLITO EN BOLSAS 14 KG;20;4,389999999999418;14;280
31;12;2023;2023-12-31;mreinero;Alta Producción de Hielo;805;C02 - Compresor 2 - 127;R01 - Rolitera 1;33487,78;33492,17;4,389999999999418;ROLITO EN BOLSAS 2 KG;354;4,389999999999418;2;708
31;12;2024;2024-12-31;mreinero;Alta Producción de Hielo;806;C04 - Compresor 4 - 127;R01 - Rolitera 1;2516,56;2520,18;3,619999999999891;ROLITO EN BOLSAS 14 KG;52;3,619999999999891;14;728
31;12;2023;2023-12-31;mreinero;Alta Producción de Hielo;807;C04 - Compresor 4 - 127;R02 - Rolitera 2;0,0;0,0;0,0;ROLITO EN BOLSAS 14 KG;60;0,0;14;840
2;1;2024;2024-01-02;mreinero;Alta Producción de Hielo;808;C04 - Compresor 4 - 127;R01 - Rolitera 1;2520,18;2531,39;11,210000000000036;ROLITO EN BOLSAS 14 KG;87;11,210000000000036;14;1218
2;1;2024;2024-01-02;mreinero;Alta Producción de Hielo;808;C04 - Compresor 4 - 127;R01 - Rolitera 1;2520,18;2531,39;11,210000000000036;ROLITO EN BOLSAS 2 KG;446;11,210000000000036;2;892
2;1;2024;2024-01-02;mreinero;Alta Producción de Hielo;809;C04 - Compresor 4 - 127;R02 - Rolitera 2;0,0;0,0;0,0;ROLITO EN BOLSAS 2 KG;1118;0,0;2;2236
3;1;2024;2024-01-03;mreinero;Alta Producción de Hielo;810;C02 - Compresor 2 - 127;R01 - Rolitera 1;33492,17;33494,65;2,4800000000032014;ROLITO EN BOLSAS 14 KG;10;2,4800000000032014;14;140
3;1;2024;2024-01-03;mreinero;Alta Producción de Hielo;810;C02 - Compresor 2 - 127;R01 - Rolitera 1;33492,17;33494,65;2,4800000000032014;ROLITO EN BOLSAS 2 KG;169;2,4800000000032014;2;338
3;1;2024;2024-01-03;mreinero;Alta Producción de Hielo;811;C04 - Compresor 4 - 127;R01 - Rolitera 1;2531,39;2540,24;8,849999999999909;ROLITO EN BOLSAS 14 KG;69;8,849999999999909;14;966
3;1;2024;2024-01-03;mreinero;Alta Producción de Hielo;811;C04 - Compresor 4 - 127;R01 - Rolitera 1;2531,39;2540,24;8,849999999999909;ROLITO EN BOLSAS 2 KG;343;8,849999999999909;2;686
3;1;2024;2024-01-03;mreinero;Alta Producción de Hielo;812;C04 - Compresor 4 - 127;R02 - Rolitera 2;0,0;0,0;0,0;ROLITO EN BOLSAS 14 KG;12;0,0;14;168
3;1;2024;2024-01-03;mreinero;Alta Producción de Hielo;812;C04 - Compresor 4 - 127;R02 - Rolitera 2;0,0;0,0;0,0;ROLITO EN BOLSAS 2 KG;829;0,0;2;1658
4;1;2024;2024-01-04;mreinero;Alta Producción de Hielo;813;C04 - Compresor 4 - 127;R01 - Rolitera 1;2540,24;2551,64;11,400000000000091;ROLITO EN BOLSAS 14 KG;60;11,400000000000091;14;840
4;1;2024;2024-01-04;mreinero;Alta Producción de Hielo;813;C04 - Compresor 4 - 127;R01 - Rolitera 1;2540,24;2551,64;11,400000000000091;ROLITO EN BOLSAS 2 KG;507;11,400000000000091;2;1014
4;1;2024;2024-01-04;mreinero;Alta Producción de Hielo;814;C04 - Compresor 4 - 127;R02 - Rolitera 2;0,0;0,0;0,0;ROLITO EN BOLSAS 14 KG;27;0,0;14;378
4;1;2024;2024-01-04;mreinero;Alta Producción de Hielo;814;C04 - Compresor 4 - 127;R02 - Rolitera 2;0,0;0,0;0,0;ROLITO EN BOLSAS 2 KG;833;0,0;2;1666
4;1;2024;2024-01-04;mreinero;Alta Producción de Hielo;814;C04 - Compresor 4 - 127;R02 - Rolitera 2;0,0;0,0;0,0;ROLITO EN BOLSAS 4 KG;1;0,0;4;4
5;1;2024;2024-01-05;mreinero;Alta Producción de Hielo;815;C02 - Compresor 2 - 127;R01 - Rolitera 1;33494,65;33498,49;3,8399999999965075;ROLITO EN BOLSAS 14 KG;10;3,8399999999965075;14;140
5;1;2024;2024-01-05;mreinero;Alta Producción de Hielo;815;C02 - Compresor 2 - 127;R01 - Rolitera 1;33494,65;33498,49;3,8399999999965075;ROLITO EN BOLSAS 2 KG;285;3,8399999999965075;2;570
5;1;2024;2024-01-05;mreinero;Alta Producción de Hielo;816;C04 - Compresor 4 - 127;R01 - Rolitera 1;2551,64;2556,45;4,809999999999945;ROLITO EN BOLSAS 14 KG;69;4,809999999999945;14;966
5;1;2024;2024-01-05;mreinero;Alta Producción de Hielo;817;C04 - Compresor 4 - 127;R02 - Rolitera 2;0,0;0,0;0,0;ROLITO EN BOLSAS 14 KG;12;0,0;14;168
5;1;2024;2024-01-05;mreinero;Alta Producción de Hielo;817;C04 - Compresor 4 - 127;R02 - Rolitera 2;0,0;0,0;0,0;ROLITO EN BOLSAS 2 KG;337;0,0;2;674
5;1;2024;2024-01-05;mreinero;Alta Producción de Hielo;818;C02 - Compresor 2 - 127;R01 - Rolitera 1;33498,49;33500,04;1,5500000000029104;ROLITO EN BOLSAS 4 KG;95;1,5500000000029104;4;380
5;1;2024;2024-01-05;mreinero;Alta Producción de Hielo;819;C04 - Compresor 4 - 127;R01 - Rolitera 1;2556,46;2557,24;0,7799999999997453;ROLITO EN BOLSAS 14 KG;10;0,7799999999997453;14;140
5;1;2024;2024-01-05;mreinero;Alta Producción de Hielo;819;C04 - Compresor 4 - 127;R01 - Rolitera 1;2556,46;2557,24;0,7799999999997453;ROLITO EN BOLSAS 4 KG;39;0,7799999999997453;4;156
6;1;2024;2024-01-06;mreinero;Alta Producción de Hielo;820;C02 - Compresor 2 - 127;R01 - Rolitera 1;33500,04;33504,41;4,370000000002619;ROLITO EN BOLSAS 14 KG;22;4,370000000002619;14;308
6;1;2024;2024-01-06;mreinero;Alta Producción de Hielo;820;C02 - Compresor 2 - 127;R01 - Rolitera 1;33500,04;33504,41;4,370000000002619;ROLITO EN BOLSAS 2 KG;170;4,370000000002619;2;340
6;1;2024;2024-01-06;mreinero;Alta Producción de Hielo;820;C02 - Compresor 2 - 127;R01 - Rolitera 1;33500,04;33504,41;4,370000000002619;ROLITO EN BOLSAS 7 KG;20;4,370000000002619;7;140
8;1;2024;2024-01-08;mreinero;Alta Producción de Hielo;821;C02 - Compresor 2 - 127;R01 - Rolitera 1;33504,41;33514,71;10,299999999995634;ROLITO EN BOLSAS 14 KG;19;10,299999999995634;14;266
8;1;2024;2024-01-08;mreinero;Alta Producción de Hielo;821;C02 - Compresor 2 - 127;R01 - Rolitera 1;33504,41;33514,71;10,299999999995634;ROLITO EN BOLSAS 2 KG;772;10,299999999995634;2;1544
8;1;2024;2024-01-08;mreinero;Alta Producción de Hielo;822;C04 - Compresor 4 - 127;R01 - Rolitera 1;2557,24;2558,32;1,080000000000382;ROLITO EN BOLSAS 14 KG;11;1,080000000000382;14;154
8;1;2024;2024-01-08;mreinero;Alta Producción de Hielo;822;C04 - Compresor 4 - 127;R01 - Rolitera 1;2557,24;2558,32;1,080000000000382;ROLITO EN BOLSAS 4 KG;1;1,080000000000382;4;4
8;1;2024;2024-01-08;mreinero;Alta Producción de Hielo;823;C04 - Compresor 4 - 127;R02 - Rolitera 2;0,0;0,0;0,0;ROLITO EN BOLSAS 2 KG;68;0,0;2;136
9;1;2024;2024-01-09;mreinero;Alta Producción de Hielo;824;C04 - Compresor 4 - 127;R01 - Rolitera 1;2558,32;2569,47;11,149999999999636;ROLITO EN BOLSAS 14 KG;10;11,149999999999636;14;140
9;1;2024;2024-01-09;mreinero;Alta Producción de Hielo;824;C04 - Compresor 4 - 127;R01 - Rolitera 1;2558,32;2569,47;11,149999999999636;ROLITO EN BOLSAS 2 KG;604;11,149999999999636;2;1208
9;1;2024;2024-01-09;mreinero;Alta Producción de Hielo;824;C04 - Compresor 4 - 127;R01 - Rolitera 1;2558,32;2569,47;11,149999999999636;ROLITO EN BOLSAS 7 KG;86;11,149999999999636;7;602
9;1;2024;2024-01-09;mreinero;Alta Producción de Hielo;825;C04 - Compresor 4 - 127;R02 - Rolitera 2;0,0;0,0;0,0;ROLITO EN BOLSAS 2 KG;1000;0,0;2;2000
9;1;2024;2024-01-09;mreinero;Alta Producción de Hielo;825;C04 - Compresor 4 - 127;R02 - Rolitera 2;0,0;0,0;0,0;ROLITO EN BOLSAS 4 KG;40;0,0;4;160
10;1;2024;2024-01-10;mreinero;Alta Producción de Hielo;826;C04 - Compresor 4 - 127;R01 - Rolitera 1;2569,47;2581,13;11,66000000000031;ROLITO EN BOLSAS 14 KG;9;11,66000000000031;14;126
10;1;2024;2024-01-10;mreinero;Alta Producción de Hielo;826;C04 - Compresor 4 - 127;R01 - Rolitera 1;2569,47;2581,13;11,66000000000031;ROLITO EN BOLSAS 2 KG;774;11,66000000000031;2;1548
10;1;2024;2024-01-10;mreinero;Alta Producción de Hielo;826;C04 - Compresor 4 - 127;R01 - Rolitera 1;2569,47;2581,13;11,66000000000031;ROLITO EN BOLSAS 7 KG;35;11,66000000000031;7;245
10;1;2024;2024-01-10;mreinero;Alta Producción de Hielo;827;C04 - Compresor 4 - 127;R02 - Rolitera 2;0,0;0,0;0,0;ROLITO EN BOLSAS 14 KG;12;0,0;14;168
10;1;2024;2024-01-10;mreinero;Alta Producción de Hielo;827;C04 - Compresor 4 - 127;R02 - Rolitera 2;0,0;0,0;0,0;ROLITO EN BOLSAS 2 KG;1010;0,0;2;2020
11;1;2024;2024-01-11;mreinero;Alta Producción de Hielo;828;C02 - Compresor 2 - 127;R01 - Rolitera 1;33514,71;33515,86;1,1500000000014552;ROLITO EN BOLSAS 14 KG;16;1,1500000000014552;14;224
11;1;2024;2024-01-11;mreinero;Alta Producción de Hielo;828;C02 - Compresor 2 - 127;R01 - Rolitera 1;33514,71;33515,86;1,1500000000014552;ROLITO EN BOLSAS 4 KG;4;1,1500000000014552;4;16
11;1;2024;2024-01-11;mreinero;Alta Producción de Hielo;828;C02 - Compresor 2 - 127;R01 - Rolitera 1;33514,71;33515,86;1,1500000000014552;ROLITO EN BOLSAS 7 KG;5;1,1500000000014552;7;35
11;1;2024;2024-01-11;mreinero;Alta Producción de Hielo;829;C04 - Compresor 4 - 127;R01 - Rolitera 1;2581,13;2584,13;3,0;ROLITO EN BOLSAS 14 KG;39;3,0;14;546
11;1;2024;2024-01-11;mreinero;Alta Producción de Hielo;830;C04 - Compresor 4 - 127;R02 - Rolitera 2;0,0;0,0;0,0;ROLITO EN BOLSAS 14 KG;12;0,0;14;168
11;1;2024;2024-01-11;mreinero;Alta Producción de Hielo;830;C04 - Compresor 4 - 127;R02 - Rolitera 2;0,0;0,0;0,0;ROLITO EN BOLSAS 2 KG;199;0,0;2;398
11;1;2024;2024-01-11;mreinero;Alta Producción de Hielo;831;C04 - Compresor 4 - 127;R01 - Rolitera 1;2584,13;2590,86;6,730000000000018;ROLITO EN BOLSAS 14 KG;29;6,730000000000018;14;406
11;1;2024;2024-01-11;mreinero;Alta Producción de Hielo;831;C04 - Compresor 4 - 127;R01 - Rolitera 1;2584,13;2590,86;6,730000000000018;ROLITO EN BOLSAS 2 KG;272;6,730000000000018;2;544
11;1;2024;2024-01-11;mreinero;Alta Producción de Hielo;831;C04 - Compresor 4 - 127;R01 - Rolitera 1;2584,13;2590,86;6,730000000000018;ROLITO EN BOLSAS 7 KG;36;6,730000000000018;7;252
11;1;2024;2024-01-11;mreinero;Alta Producción de Hielo;832;C04 - Compresor 4 - 127;R02 - Rolitera 2;0,0;0,0;0,0;ROLITO EN BOLSAS 14 KG;12;0,0;14;168
11;1;2024;2024-01-11;mreinero;Alta Producción de Hielo;832;C04 - Compresor 4 - 127;R02 - Rolitera 2;0,0;0,0;0,0;ROLITO EN BOLSAS 2 KG;536;0,0;2;1072
11;1;2024;2024-01-11;mreinero;Alta Producción de Hielo;833;C02 - Compresor 2 - 127;R01 - Rolitera 1;33515,86;33517,98;2,1200000000026193;ROLITO EN BOLSAS 14 KG;18;2,1200000000026193;14;252
11;1;2024;2024-01-11;mreinero;Alta Producción de Hielo;833;C02 - Compresor 2 - 127;R01 - Rolitera 1;33515,86;33517,98;2,1200000000026193;ROLITO EN BOLSAS 2 KG;109;2,1200000000026193;2;218
12;1;2024;2024-01-12;mreinero;Alta Producción de Hielo;834;C04 - Compresor 4 - 127;R01 - Rolitera 1;2590,86;2600,09;9,230000000000018;ROLITO EN BOLSAS 14 KG;48;9,230000000000018;14;672
12;1;2024;2024-01-12;mreinero;Alta Producción de Hielo;834;C04 - Compresor 4 - 127;R01 - Rolitera 1;2590,86;2600,09;9,230000000000018;ROLITO EN BOLSAS 2 KG;389;9,230000000000018;2;778
12;1;2024;2024-01-12;mreinero;Alta Producción de Hielo;835;C04 - Compresor 4 - 127;R02 - Rolitera 2;0,0;0,0;0,0;ROLITO EN BOLSAS 14 KG;25;0,0;14;350
12;1;2024;2024-01-12;mreinero;Alta Producción de Hielo;835;C04 - Compresor 4 - 127;R02 - Rolitera 2;0,0;0,0;0,0;ROLITO EN BOLSAS 2 KG;607;0,0;2;1214
12;1;2024;2024-01-12;mreinero;Alta Producción de Hielo;835;C04 - Compresor 4 - 127;R02 - Rolitera 2;0,0;0,0;0,0;ROLITO EN BOLSAS 4 KG;81;0,0;4;324
13;1;2024;2024-01-13;mreinero;Alta Producción de Hielo;836;C02 - Compresor 2 - 127;R01 - Rolitera 1;33517,98;33519,57;1,5899999999965075;ROLITO EN BOLSAS 14 KG;26;1,5899999999965075;14;364
13;1;2024;2024-01-13;mreinero;Alta Producción de Hielo;837;C04 - Compresor 4 - 127;R01 - Rolitera 1;2600,09;2603,77;3,6799999999998363;ROLITO EN BOLSAS 14 KG;10;3,6799999999998363;14;140
13;1;2024;2024-01-13;mreinero;Alta Producción de Hielo;837;C04 - Compresor 4 - 127;R01 - Rolitera 1;2600,09;2603,77;3,6799999999998363;ROLITO EN BOLSAS 2 KG;109;3,6799999999998363;2;218
13;1;2024;2024-01-13;mreinero;Alta Producción de Hielo;837;C04 - Compresor 4 - 127;R01 - Rolitera 1;2600,09;2603,77;3,6799999999998363;ROLITO EN BOLSAS 7 KG;34;3,6799999999998363;7;238
13;1;2024;2024-01-13;mreinero;Alta Producción de Hielo;838;C04 - Compresor 4 - 127;R02 - Rolitera 2;0,0;0,0;0,0;ROLITO EN BOLSAS 14 KG;11;0,0;14;154
13;1;2024;2024-01-13;mreinero;Alta Producción de Hielo;838;C04 - Compresor 4 - 127;R02 - Rolitera 2;0,0;0,0;0,0;ROLITO EN BOLSAS 2 KG;265;0,0;2;530
15;1;2024;2024-01-15;mreinero;Alta Producción de Hielo;839;C04 - Compresor 4 - 127;R01 - Rolitera 1;2603,77;2605,34;1,5700000000001637;ROLITO EN BOLSAS 14 KG;20;1,5700000000001637;14;280
15;1;2024;2024-01-15;mreinero;Alta Producción de Hielo;840;C04 - Compresor 4 - 127;R02 - Rolitera 2;0,0;0,0;0,0;ROLITO EN BOLSAS 2 KG;135;0,0;2;270
15;1;2024;2024-01-15;mreinero;Alta Producción de Hielo;841;C02 - Compresor 2 - 127;R01 - Rolitera 1;33519,57;33523,69;4,120000000002619;ROLITO EN BOLSAS 2 KG;330;4,120000000002619;2;660
15;1;2024;2024-01-15;mreinero;Alta Producción de Hielo;842;C02 - Compresor 2 - 127;R01 - Rolitera 1;33523,69;33528,62;4,930000000000291;ROLITO EN BOLSAS 14 KG;39;4,930000000000291;14;546
15;1;2024;2024-01-15;mreinero;Alta Producción de Hielo;842;C02 - Compresor 2 - 127;R01 - Rolitera 1;33523,69;33528,62;4,930000000000291;ROLITO EN BOLSAS 2 KG;225;4,930000000000291;2;450
16;1;2024;2024-01-16;mreinero;Alta Producción de Hielo;843;C02 - Compresor 2 - 127;R01 - Rolitera 1;33528,62;33532,2;3,5799999999944703;ROLITO EN BOLSAS 14 KG;20;3,5799999999944703;14;280
16;1;2024;2024-01-16;mreinero;Alta Producción de Hielo;843;C02 - Compresor 2 - 127;R01 - Rolitera 1;33528,62;33532,2;3,5799999999944703;ROLITO EN BOLSAS 2 KG;224;3,5799999999944703;2;448
16;1;2024;2024-01-16;mreinero;Alta Producción de Hielo;844;C02 - Compresor 2 - 127;R01 - Rolitera 1;33532,1;33535,89;3,790000000000873;ROLITO EN BOLSAS 2 KG;443;3,790000000000873;2;886
17;1;2024;2024-01-17;mreinero;Alta Producción de Hielo;845;C02 - Compresor 2 - 127;R01 - Rolitera 1;33535,89;33543,61;7,720000000001164;ROLITO EN BOLSAS 14 KG;23;7,720000000001164;14;322
17;1;2024;2024-01-17;mreinero;Alta Producción de Hielo;845;C02 - Compresor 2 - 127;R01 - Rolitera 1;33535,89;33543,61;7,720000000001164;ROLITO EN BOLSAS 2 KG;510;7,720000000001164;2;1020
17;1;2024;2024-01-17;mreinero;Alta Producción de Hielo;845;C02 - Compresor 2 - 127;R01 - Rolitera 1;33535,89;33543,61;7,720000000001164;ROLITO EN BOLSAS 4 KG;1;7,720000000001164;4;4
17;1;2024;2024-01-17;mreinero;Alta Producción de Hielo;846;C02 - Compresor 2 - 127;R01 - Rolitera 1;33543,61;33545,67;2,0599999999976717;ROLITO EN BOLSAS 14 KG;18;2,0599999999976717;14;252
17;1;2024;2024-01-17;mreinero;Alta Producción de Hielo;846;C02 - Compresor 2 - 127;R01 - Rolitera 1;33543,61;33545,67;2,0599999999976717;ROLITO EN BOLSAS 2 KG;58;2,0599999999976717;2;116
16;1;2024;2024-01-16;mreinero;Alta Producción de Hielo;847;C04 - Compresor 4 - 127;R01 - Rolitera 1;2605,34;2608,86;3,519999999999982;ROLITO EN BOLSAS 14 KG;20;3,519999999999982;14;280
16;1;2024;2024-01-16;mreinero;Alta Producción de Hielo;848;C04 - Compresor 4 - 127;R02 - Rolitera 2;2605,34;2608,86;3,519999999999982;ROLITO EN BOLSAS 2 KG;132;3,519999999999982;2;264
17;1;2024;2024-01-17;mreinero;Alta Producción de Hielo;849;C04 - Compresor 4 - 127;R01 - Rolitera 1;2608,86;2610,6;1,7399999999997817;ROLITO EN BOLSAS 2 KG;170;1,7399999999997817;2;340
17;1;2024;2024-01-17;mreinero;Alta Producción de Hielo;850;C04 - Compresor 4 - 127;R02 - Rolitera 2;0,0;0,0;0,0;ROLITO EN BOLSAS 4 KG;76;0,0;4;304
18;1;2024;2024-01-18;mreinero;Alta Producción de Hielo;851;C02 - Compresor 2 - 127;R01 - Rolitera 1;33545,67;33556,83;11,160000000003492;ROLITO EN BOLSAS 14 KG;39;11,160000000003492;14;546
18;1;2024;2024-01-18;mreinero;Alta Producción de Hielo;851;C02 - Compresor 2 - 127;R01 - Rolitera 1;33545,67;33556,83;11,160000000003492;ROLITO EN BOLSAS 2 KG;730;11,160000000003492;2;1460
20;1;2024;2024-01-20;mreinero;Alta Producción de Hielo;852;C02 - Compresor 2 - 127;R01 - Rolitera 1;33556,84;33562,07;5,230000000003201;ROLITO EN BOLSAS 14 KG;80;5,230000000003201;14;1120
22;1;2024;2024-01-22;mreinero;Alta Producción de Hielo;853;C02 - Compresor 2 - 127;R01 - Rolitera 1;33562,07;33571,98;9,910000000003492;ROLITO EN BOLSAS 14 KG;101;9,910000000003492;14;1414
22;1;2024;2024-01-22;mreinero;Alta Producción de Hielo;853;C02 - Compresor 2 - 127;R01 - Rolitera 1;33562,07;33571,98;9,910000000003492;ROLITO EN BOLSAS 2 KG;277;9,910000000003492;2;554
23;1;2024;2024-01-23;mreinero;Alta Producción de Hielo;854;C02 - Compresor 2 - 127;R01 - Rolitera 1;33574,09;33575,99;1,9000000000014552;ROLITO EN BOLSAS 2 KG;165;1,9000000000014552;2;330
23;1;2024;2024-01-23;mreinero;Alta Producción de Hielo;855;C04 - Compresor 4 - 127;R01 - Rolitera 1;2610,6;2617,7;7,099999999999909;ROLITO EN BOLSAS 14 KG;78;7,099999999999909;14;1092
23;1;2024;2024-01-23;mreinero;Alta Producción de Hielo;855;C04 - Compresor 4 - 127;R01 - Rolitera 1;2610,6;2617,7;7,099999999999909;ROLITO EN BOLSAS 4 KG;98;7,099999999999909;4;392
23;1;2024;2024-01-23;mreinero;Alta Producción de Hielo;856;C04 - Compresor 4 - 127;R02 - Rolitera 2;0,0;0,0;0,0;ROLITO EN BOLSAS 14 KG;60;0,0;14;840
23;1;2024;2024-01-23;mreinero;Alta Producción de Hielo;856;C04 - Compresor 4 - 127;R02 - Rolitera 2;0,0;0,0;0,0;ROLITO EN BOLSAS 2 KG;329;0,0;2;658
23;1;2024;2024-01-23;mreinero;Alta Producción de Hielo;857;C02 - Compresor 2 - 127;R01 - Rolitera 1;33571,98;33574,09;2,109999999993306;ROLITO EN BOLSAS 2 KG;166;2,109999999993306;2;332
24;1;2024;2024-01-24;mreinero;Alta Producción de Hielo;858;C02 - Compresor 2 - 127;R01 - Rolitera 1;33575,99;33586,2;10,209999999999127;ROLITO EN BOLSAS 14 KG;46;10,209999999999127;14;644
24;1;2024;2024-01-24;mreinero;Alta Producción de Hielo;858;C02 - Compresor 2 - 127;R01 - Rolitera 1;33575,99;33586,2;10,209999999999127;ROLITO EN BOLSAS 2 KG;612;10,209999999999127;2;1224
25;1;2024;2024-01-25;mreinero;Alta Producción de Hielo;859;C02 - Compresor 2 - 127;R01 - Rolitera 1;33586,2;33593,41;7,210000000006403;ROLITO EN BOLSAS 14 KG;66;7,210000000006403;14;924
25;1;2024;2024-01-25;mreinero;Alta Producción de Hielo;859;C02 - Compresor 2 - 127;R01 - Rolitera 1;33586,2;33593,41;7,210000000006403;ROLITO EN BOLSAS 2 KG;272;7,210000000006403;2;544
25;1;2024;2024-01-25;mreinero;Alta Producción de Hielo;859;C02 - Compresor 2 - 127;R01 - Rolitera 1;33586,2;33593,41;7,210000000006403;ROLITO EN BOLSAS 7 KG;1;7,210000000006403;7;7
25;1;2024;2024-01-25;mreinero;Alta Producción de Hielo;860;C04 - Compresor 4 - 127;R01 - Rolitera 1;2617,72;2621,36;3,6400000000003274;ROLITO EN BOLSAS 2 KG;266;3,6400000000003274;2;532
25;1;2024;2024-01-25;mreinero;Alta Producción de Hielo;861;C04 - Compresor 4 - 127;R02 - Rolitera 2;0,0;0,0;0,0;ROLITO EN BOLSAS 2 KG;329;0,0;2;658
26;1;2024;2024-01-26;mreinero;Alta Producción de Hielo;862;C02 - Compresor 2 - 127;R01 - Rolitera 1;33593,41;33604,43;11,019999999996799;ROLITO EN BOLSAS 14 KG;97;11,019999999996799;14;1358
26;1;2024;2024-01-26;mreinero;Alta Producción de Hielo;862;C02 - Compresor 2 - 127;R01 - Rolitera 1;33593,41;33604,43;11,019999999996799;ROLITO EN BOLSAS 2 KG;383;11,019999999996799;2;766
26;1;2024;2024-01-26;mreinero;Alta Producción de Hielo;862;C02 - Compresor 2 - 127;R01 - Rolitera 1;33593,41;33604,43;11,019999999996799;ROLITO EN BOLSAS 4 KG;3;11,019999999996799;4;12
27;1;2024;2024-01-27;mreinero;Alta Producción de Hielo;863;C02 - Compresor 2 - 127;R01 - Rolitera 1;33604,48;33610,06;5,57999999999447;ROLITO EN BOLSAS 14 KG;40;5,57999999999447;14;560
27;1;2024;2024-01-27;mreinero;Alta Producción de Hielo;863;C02 - Compresor 2 - 127;R01 - Rolitera 1;33604,48;33610,06;5,57999999999447;ROLITO EN BOLSAS 2 KG;220;5,57999999999447;2;440
27;1;2024;2024-01-27;mreinero;Alta Producción de Hielo;863;C02 - Compresor 2 - 127;R01 - Rolitera 1;33604,48;33610,06;5,57999999999447;ROLITO EN BOLSAS 4 KG;1;5,57999999999447;4;4
27;1;2024;2024-01-27;mreinero;Alta Producción de Hielo;864;C02 - Compresor 2 - 127;R01 - Rolitera 1;33610,06;33612,99;2,930000000000291;ROLITO EN BOLSAS 14 KG;21;2,930000000000291;14;294
27;1;2024;2024-01-27;mreinero;Alta Producción de Hielo;864;C02 - Compresor 2 - 127;R01 - Rolitera 1;33610,06;33612,99;2,930000000000291;ROLITO EN BOLSAS 2 KG;107;2,930000000000291;2;214
29;1;2024;2024-01-29;mreinero;Alta Producción de Hielo;865;C02 - Compresor 2 - 127;R01 - Rolitera 1;33612,99;33613,87;0,8800000000046566;ROLITO EN BOLSAS 2 KG;52;0,8800000000046566;2;104
29;1;2024;2024-01-29;mreinero;Alta Producción de Hielo;866;C02 - Compresor 2 - 127;R01 - Rolitera 1;33613,87;33620,41;6,540000000000873;ROLITO EN BOLSAS 14 KG;42;6,540000000000873;14;588
29;1;2024;2024-01-29;mreinero;Alta Producción de Hielo;866;C02 - Compresor 2 - 127;R01 - Rolitera 1;33613,87;33620,41;6,540000000000873;ROLITO EN BOLSAS 2 KG;329;6,540000000000873;2;658
29;1;2024;2024-01-29;mreinero;Alta Producción de Hielo;867;C04 - Compresor 4 - 127;R01 - Rolitera 1;2621,36;2624,02;2,6599999999998545;ROLITO EN BOLSAS 14 KG;39;2,6599999999998545;14;546
29;1;2024;2024-01-29;mreinero;Alta Producción de Hielo;868;C04 - Compresor 4 - 127;R02 - Rolitera 2;0,0;0,0;0,0;ROLITO EN BOLSAS 2 KG;195;0,0;2;390
30;1;2024;2024-01-30;mreinero;Alta Producción de Hielo;869;C04 - Compresor 4 - 127;R01 - Rolitera 1;2624,02;2630,67;6,650000000000091;ROLITO EN BOLSAS 14 KG;78;6,650000000000091;14;1092
30;1;2024;2024-01-30;mreinero;Alta Producción de Hielo;869;C04 - Compresor 4 - 127;R01 - Rolitera 1;2624,02;2630,67;6,650000000000091;ROLITO EN BOLSAS 2 KG;109;6,650000000000091;2;218
30;1;2024;2024-01-30;mreinero;Alta Producción de Hielo;870;C04 - Compresor 4 - 127;R02 - Rolitera 2;0,0;0,0;0,0;ROLITO EN BOLSAS 14 KG;12;0,0;14;168
30;1;2024;2024-01-30;mreinero;Alta Producción de Hielo;870;C04 - Compresor 4 - 127;R02 - Rolitera 2;0,0;0,0;0,0;ROLITO EN BOLSAS 2 KG;528;0,0;2;1056
30;1;2024;2024-01-30;mreinero;Alta Producción de Hielo;871;C02 - Compresor 2 - 127;R01 - Rolitera 1;33620,41;33624,98;4,569999999999709;ROLITO EN BOLSAS 14 KG;11;4,569999999999709;14;154
30;1;2024;2024-01-30;mreinero;Alta Producción de Hielo;871;C02 - Compresor 2 - 127;R01 - Rolitera 1;33620,41;33624,98;4,569999999999709;ROLITO EN BOLSAS 2 KG;332;4,569999999999709;2;664
31;1;2024;2024-01-31;mreinero;Alta Producción de Hielo;872;C02 - Compresor 2 - 127;R01 - Rolitera 1;33624,98;33625,62;0,6399999999994179;ROLITO EN BOLSAS 14 KG;14;0,6399999999994179;14;196
31;1;2024;2024-01-31;mreinero;Alta Producción de Hielo;873;C04 - Compresor 4 - 127;R01 - Rolitera 1;2630,67;2640,96;10,289999999999964;ROLITO EN BOLSAS 14 KG;69;10,289999999999964;14;966
31;1;2024;2024-01-31;mreinero;Alta Producción de Hielo;873;C04 - Compresor 4 - 127;R01 - Rolitera 1;2630,67;2640,96;10,289999999999964;ROLITO EN BOLSAS 2 KG;429;10,289999999999964;2;858
31;1;2024;2024-01-31;mreinero;Alta Producción de Hielo;874;C04 - Compresor 4 - 127;R02 - Rolitera 2;0,0;0,0;0,0;ROLITO EN BOLSAS 14 KG;12;0,0;14;168
31;1;2024;2024-01-31;mreinero;Alta Producción de Hielo;874;C04 - Compresor 4 - 127;R02 - Rolitera 2;0,0;0,0;0,0;ROLITO EN BOLSAS 2 KG;843;0,0;2;1686
1;2;2024;2024-02-01;mreinero;Alta Producción de Hielo;875;C04 - Compresor 4 - 127;R01 - Rolitera 1;2640,96;2644,57;3,6100000000001273;ROLITO EN BOLSAS 14 KG;49;3,6100000000001273;14;686
1;2;2024;2024-02-01;mreinero;Alta Producción de Hielo;875;C04 - Compresor 4 - 127;R01 - Rolitera 1;2640,96;2644,57;3,6100000000001273;ROLITO EN BOLSAS 2 KG;328;3,6100000000001273;2;656
1;2;2024;2024-02-01;mreinero;Alta Producción de Hielo;876;C02 - Compresor 2 - 127;R01 - Rolitera 1;33625,62;33627,83;2,209999999999127;ROLITO EN BOLSAS 14 KG;10;2,209999999999127;14;140
1;2;2024;2024-02-01;mreinero;Alta Producción de Hielo;876;C02 - Compresor 2 - 127;R01 - Rolitera 1;33625,62;33627,83;2,209999999999127;ROLITO EN BOLSAS 2 KG;106;2,209999999999127;2;212
1;2;2024;2024-02-01;mreinero;Alta Producción de Hielo;877;C02 - Compresor 2 - 127;R01 - Rolitera 1;33627,83;33631,61;3,779999999998836;ROLITO EN BOLSAS 14 KG;16;3,779999999998836;14;224
1;2;2024;2024-02-01;mreinero;Alta Producción de Hielo;877;C02 - Compresor 2 - 127;R01 - Rolitera 1;33627,83;33631,61;3,779999999998836;ROLITO EN BOLSAS 2 KG;217;3,779999999998836;2;434
2;2;2024;2024-02-02;mreinero;Alta Producción de Hielo;878;C02 - Compresor 2 - 127;R01 - Rolitera 1;33631,61;33641,42;9,809999999997672;ROLITO EN BOLSAS 14 KG;30;9,809999999997672;14;420
2;2;2024;2024-02-02;mreinero;Alta Producción de Hielo;878;C02 - Compresor 2 - 127;R01 - Rolitera 1;33631,61;33641,42;9,809999999997672;ROLITO EN BOLSAS 2 KG;450;9,809999999997672;2;900
2;2;2024;2024-02-02;mreinero;Alta Producción de Hielo;878;C02 - Compresor 2 - 127;R01 - Rolitera 1;33631,61;33641,42;9,809999999997672;ROLITO EN BOLSAS 4 KG;68;9,809999999997672;4;272
3;2;2024;2024-02-03;mreinero;Alta Producción de Hielo;879;C02 - Compresor 2 - 127;R01 - Rolitera 1;33645,6;33646,39;0,7900000000008731;ROLITO EN BOLSAS 14 KG;10;0,7900000000008731;14;140
3;2;2024;2024-02-03;mreinero;Alta Producción de Hielo;880;C02 - Compresor 2 - 127;R01 - Rolitera 1;33641,44;33645,6;4,1599999999962165;ROLITO EN BOLSAS 14 KG;10;4,1599999999962165;14;140
3;2;2024;2024-02-03;mreinero;Alta Producción de Hielo;880;C02 - Compresor 2 - 127;R01 - Rolitera 1;33641,44;33645,6;4,1599999999962165;ROLITO EN BOLSAS 2 KG;155;4,1599999999962165;2;310
3;2;2024;2024-02-03;mreinero;Alta Producción de Hielo;880;C02 - Compresor 2 - 127;R01 - Rolitera 1;33641,44;33645,6;4,1599999999962165;ROLITO EN BOLSAS 4 KG;66;4,1599999999962165;4;264
5;2;2024;2024-02-05;mreinero;Alta Producción de Hielo;881;C04 - Compresor 4 - 127;R01 - Rolitera 1;2644,57;2653,04;8,4699999999998;MOLIDO EN BOLSA 14 KG;29;8,4699999999998;14;406
5;2;2024;2024-02-05;mreinero;Alta Producción de Hielo;881;C04 - Compresor 4 - 127;R01 - Rolitera 1;2644,57;2653,04;8,4699999999998;ROLITO EN BOLSAS 2 KG;476;8,4699999999998;2;952
5;2;2024;2024-02-05;mreinero;Alta Producción de Hielo;881;C04 - Compresor 4 - 127;R01 - Rolitera 1;2644,57;2653,04;8,4699999999998;ROLITO EN BOLSAS 7 KG;17;8,4699999999998;7;119
5;2;2024;2024-02-05;mreinero;Alta Producción de Hielo;882;C04 - Compresor 4 - 127;R02 - Rolitera 2;0,0;0,0;0,0;ROLITO EN BOLSAS 14 KG;50;0,0;14;700
5;2;2024;2024-02-05;mreinero;Alta Producción de Hielo;882;C04 - Compresor 4 - 127;R02 - Rolitera 2;0,0;0,0;0,0;ROLITO EN BOLSAS 2 KG;576;0,0;2;1152
5;2;2024;2024-02-05;mreinero;Alta Producción de Hielo;883;C02 - Compresor 2 - 127;R01 - Rolitera 1;33646,39;33648,84;2,4499999999970896;ROLITO EN BOLSAS 14 KG;37;2,4499999999970896;14;518
6;2;2024;2024-02-06;mreinero;Alta Producción de Hielo;884;C04 - Compresor 4 - 127;R01 - Rolitera 1;2653,94;2663,46;9,519999999999982;ROLITO EN BOLSAS 14 KG;12;9,519999999999982;14;168
6;2;2024;2024-02-06;mreinero;Alta Producción de Hielo;884;C04 - Compresor 4 - 127;R01 - Rolitera 1;2653,94;2663,46;9,519999999999982;ROLITO EN BOLSAS 2 KG;627;9,519999999999982;2;1254
6;2;2024;2024-02-06;mreinero;Alta Producción de Hielo;884;C04 - Compresor 4 - 127;R01 - Rolitera 1;2653,94;2663,46;9,519999999999982;ROLITO EN BOLSAS 4 KG;1;9,519999999999982;4;4
6;2;2024;2024-02-06;mreinero;Alta Producción de Hielo;885;C04 - Compresor 4 - 127;R02 - Rolitera 2;0,0;0,0;0,0;ROLITO EN BOLSAS 2 KG;822;0,0;2;1644
6;2;2024;2024-02-06;mreinero;Alta Producción de Hielo;886;C02 - Compresor 2 - 127;R01 - Rolitera 1;33648,84;33653,18;4,3400000000037835;ROLITO EN BOLSAS 14 KG;66;4,3400000000037835;14;924
6;2;2024;2024-02-06;mreinero;Alta Producción de Hielo;886;C02 - Compresor 2 - 127;R01 - Rolitera 1;33648,84;33653,18;4,3400000000037835;ROLITO EN BOLSAS 2 KG;52;4,3400000000037835;2;104
7;2;2024;2024-02-07;mreinero;Alta Producción de Hielo;887;C04 - Compresor 4 - 127;R01 - Rolitera 1;2663,46;2671,8;8,340000000000146;ROLITO EN BOLSAS 14 KG;18;8,340000000000146;14;252
7;2;2024;2024-02-07;mreinero;Alta Producción de Hielo;887;C04 - Compresor 4 - 127;R01 - Rolitera 1;2663,46;2671,8;8,340000000000146;ROLITO EN BOLSAS 2 KG;417;8,340000000000146;2;834
7;2;2024;2024-02-07;mreinero;Alta Producción de Hielo;887;C04 - Compresor 4 - 127;R01 - Rolitera 1;2663,46;2671,8;8,340000000000146;ROLITO EN BOLSAS 4 KG;34;8,340000000000146;4;136
7;2;2024;2024-02-07;mreinero;Alta Producción de Hielo;887;C04 - Compresor 4 - 127;R01 - Rolitera 1;2663,46;2671,8;8,340000000000146;ROLITO EN BOLSAS 7 KG;17;8,340000000000146;7;119
7;2;2024;2024-02-07;mreinero;Alta Producción de Hielo;888;C04 - Compresor 4 - 127;R02 - Rolitera 2;0,0;0,0;0,0;ROLITO EN BOLSAS 14 KG;12;0,0;14;168
7;2;2024;2024-02-07;mreinero;Alta Producción de Hielo;888;C04 - Compresor 4 - 127;R02 - Rolitera 2;0,0;0,0;0,0;ROLITO EN BOLSAS 2 KG;650;0,0;2;1300
7;2;2024;2024-02-07;mreinero;Alta Producción de Hielo;889;C02 - Compresor 2 - 127;R01 - Rolitera 1;33653,86;33655,81;1,9499999999970896;ROLITO EN BOLSAS 14 KG;28;1,9499999999970896;14;392
7;2;2024;2024-02-07;mreinero;Alta Producción de Hielo;890;C02 - Compresor 2 - 127;R01 - Rolitera 1;33655,81;33661,29;5,480000000003201;ROLITO EN BOLSAS 14 KG;18;5,480000000003201;14;252
7;2;2024;2024-02-07;mreinero;Alta Producción de Hielo;890;C02 - Compresor 2 - 127;R01 - Rolitera 1;33655,81;33661,29;5,480000000003201;ROLITO EN BOLSAS 2 KG;319;5,480000000003201;2;638
7;2;2024;2024-02-07;mreinero;Alta Producción de Hielo;890;C02 - Compresor 2 - 127;R01 - Rolitera 1;33655,81;33661,29;5,480000000003201;ROLITO EN BOLSAS 7 KG;1;5,480000000003201;7;7
8;2;2024;2024-02-08;mreinero;Alta Producción de Hielo;891;C04 - Compresor 4 - 127;R01 - Rolitera 1;2671,8;2683,19;11,389999999999873;ROLITO EN BOLSAS 14 KG;68;11,389999999999873;14;952
8;2;2024;2024-02-08;mreinero;Alta Producción de Hielo;891;C04 - Compresor 4 - 127;R01 - Rolitera 1;2671,8;2683,19;11,389999999999873;ROLITO EN BOLSAS 2 KG;386;11,389999999999873;2;772
8;2;2024;2024-02-08;mreinero;Alta Producción de Hielo;891;C04 - Compresor 4 - 127;R01 - Rolitera 1;2671,8;2683,19;11,389999999999873;ROLITO EN BOLSAS 4 KG;32;11,389999999999873;4;128
8;2;2024;2024-02-08;mreinero;Alta Producción de Hielo;891;C04 - Compresor 4 - 127;R01 - Rolitera 1;2671,8;2683,19;11,389999999999873;ROLITO EN BOLSAS 7 KG;34;11,389999999999873;7;238
8;2;2024;2024-02-08;mreinero;Alta Producción de Hielo;892;C04 - Compresor 4 - 127;R02 - Rolitera 2;0,0;0,0;0,0;ROLITO EN BOLSAS 14 KG;34;0,0;14;476
8;2;2024;2024-02-08;mreinero;Alta Producción de Hielo;892;C04 - Compresor 4 - 127;R02 - Rolitera 2;0,0;0,0;0,0;ROLITO EN BOLSAS 2 KG;655;0,0;2;1310
8;2;2024;2024-02-08;mreinero;Alta Producción de Hielo;892;C04 - Compresor 4 - 127;R02 - Rolitera 2;0,0;0,0;0,0;ROLITO EN BOLSAS 7 KG;19;0,0;7;133
8;2;2024;2024-02-08;mreinero;Alta Producción de Hielo;893;C04 - Compresor 4 - 127;R01 - Rolitera 1;2683,19;2689,17;5,980000000000018;ROLITO EN BOLSAS 14 KG;78;5,980000000000018;14;1092
8;2;2024;2024-02-08;mreinero;Alta Producción de Hielo;893;C04 - Compresor 4 - 127;R01 - Rolitera 1;2683,19;2689,17;5,980000000000018;ROLITO EN BOLSAS 4 KG;33;5,980000000000018;4;132
8;2;2024;2024-02-08;mreinero;Alta Producción de Hielo;894;C04 - Compresor 4 - 127;R02 - Rolitera 2;0,0;0,0;0,0;ROLITO EN BOLSAS 2 KG;389;0,0;2;778
9;2;2024;2024-02-09;mreinero;Alta Producción de Hielo;895;C04 - Compresor 4 - 127;R01 - Rolitera 1;2689,17;2699,8;10,63000000000011;ROLITO EN BOLSAS 14 KG;87;10,63000000000011;14;1218
9;2;2024;2024-02-09;mreinero;Alta Producción de Hielo;895;C04 - Compresor 4 - 127;R01 - Rolitera 1;2689,17;2699,8;10,63000000000011;ROLITO EN BOLSAS 2 KG;338;10,63000000000011;2;676
9;2;2024;2024-02-09;mreinero;Alta Producción de Hielo;896;C04 - Compresor 4 - 127;R02 - Rolitera 2;0,0;0,0;0,0;ROLITO EN BOLSAS 14 KG;12;0,0;14;168
9;2;2024;2024-02-09;mreinero;Alta Producción de Hielo;896;C04 - Compresor 4 - 127;R02 - Rolitera 2;0,0;0,0;0,0;ROLITO EN BOLSAS 2 KG;823;0,0;2;1646
10;2;2024;2024-02-10;mreinero;Alta Producción de Hielo;897;C04 - Compresor 4 - 127;R01 - Rolitera 1;2699,8;2704,41;4,609999999999673;ROLITO EN BOLSAS 14 KG;49;4,609999999999673;14;686
10;2;2024;2024-02-10;mreinero;Alta Producción de Hielo;897;C04 - Compresor 4 - 127;R01 - Rolitera 1;2699,8;2704,41;4,609999999999673;ROLITO EN BOLSAS 2 KG;55;4,609999999999673;2;110
10;2;2024;2024-02-10;mreinero;Alta Producción de Hielo;897;C04 - Compresor 4 - 127;R01 - Rolitera 1;2699,8;2704,41;4,609999999999673;ROLITO EN BOLSAS 4 KG;34;4,609999999999673;4;136
10;2;2024;2024-02-10;mreinero;Alta Producción de Hielo;898;C04 - Compresor 4 - 127;R02 - Rolitera 2;0,0;0,0;0,0;ROLITO EN BOLSAS 2 KG;244;0,0;2;488
10;2;2024;2024-02-10;mreinero;Alta Producción de Hielo;898;C04 - Compresor 4 - 127;R02 - Rolitera 2;0,0;0,0;0,0;ROLITO EN BOLSAS 7 KG;22;0,0;7;154
10;2;2024;2024-02-10;mreinero;Alta Producción de Hielo;899;C04 - Compresor 4 - 127;R01 - Rolitera 1;2704,41;2709,21;4,800000000000182;ROLITO EN BOLSAS 14 KG;52;4,800000000000182;14;728
10;2;2024;2024-02-10;mreinero;Alta Producción de Hielo;899;C04 - Compresor 4 - 127;R01 - Rolitera 1;2704,41;2709,21;4,800000000000182;ROLITO EN BOLSAS 2 KG;115;4,800000000000182;2;230
10;2;2024;2024-02-10;mreinero;Alta Producción de Hielo;900;C04 - Compresor 4 - 127;R02 - Rolitera 2;0,0;0,0;0,0;ROLITO EN BOLSAS 2 KG;378;0,0;2;756
10;2;2024;2024-02-10;mreinero;Alta Producción de Hielo;901;C04 - Compresor 4 - 127;R01 - Rolitera 1;2709,21;2712,3;3,0900000000001455;ROLITO EN BOLSAS 14 KG;51;3,0900000000001455;14;714
10;2;2024;2024-02-10;mreinero;Alta Producción de Hielo;901;C04 - Compresor 4 - 127;R01 - Rolitera 1;2709,21;2712,3;3,0900000000001455;ROLITO EN BOLSAS 7 KG;17;3,0900000000001455;7;119
10;2;2024;2024-02-10;mreinero;Alta Producción de Hielo;902;C04 - Compresor 4 - 127;R02 - Rolitera 2;0,0;0,0;0,0;ROLITO EN BOLSAS 2 KG;129;0,0;2;258
10;2;2024;2024-02-10;mreinero;Alta Producción de Hielo;903;C02 - Compresor 2 - 127;R01 - Rolitera 1;33661,29;33664,64;3,349999999998545;ROLITO EN BOLSAS 14 KG;10;3,349999999998545;14;140
10;2;2024;2024-02-10;mreinero;Alta Producción de Hielo;903;C02 - Compresor 2 - 127;R01 - Rolitera 1;33661,29;33664,64;3,349999999998545;ROLITO EN BOLSAS 2 KG;224;3,349999999998545;2;448
11;2;2024;2024-02-11;mreinero;Alta Producción de Hielo;904;C02 - Compresor 2 - 127;R01 - Rolitera 1;33664,64;33667,66;3,0200000000040745;ROLITO EN BOLSAS 14 KG;10;3,0200000000040745;14;140
11;2;2024;2024-02-11;mreinero;Alta Producción de Hielo;904;C02 - Compresor 2 - 127;R01 - Rolitera 1;33664,64;33667,66;3,0200000000040745;ROLITO EN BOLSAS 2 KG;164;3,0200000000040745;2;328
11;2;2024;2024-02-11;mreinero;Alta Producción de Hielo;905;C04 - Compresor 4 - 127;R01 - Rolitera 1;2712,3;2715,66;3,3599999999996726;ROLITO EN BOLSAS 14 KG;49;3,3599999999996726;14;686
11;2;2024;2024-02-11;mreinero;Alta Producción de Hielo;905;C04 - Compresor 4 - 127;R01 - Rolitera 1;2712,3;2715,66;3,3599999999996726;ROLITO EN BOLSAS 2 KG;255;3,3599999999996726;2;510
12;2;2024;2024-02-12;mreinero;Alta Producción de Hielo;906;C04 - Compresor 4 - 127;R01 - Rolitera 1;2715,66;2720,82;5,160000000000309;ROLITO EN BOLSAS 14 KG;76;5,160000000000309;14;1064
12;2;2024;2024-02-12;mreinero;Alta Producción de Hielo;907;C04 - Compresor 4 - 127;R02 - Rolitera 2;0,0;0,0;0,0;ROLITO EN BOLSAS 14 KG;11;0,0;14;154
12;2;2024;2024-02-12;mreinero;Alta Producción de Hielo;907;C04 - Compresor 4 - 127;R02 - Rolitera 2;0,0;0,0;0,0;ROLITO EN BOLSAS 2 KG;313;0,0;2;626
12;2;2024;2024-02-12;mreinero;Alta Producción de Hielo;908;C04 - Compresor 4 - 127;R01 - Rolitera 1;2720,82;2726,89;6,069999999999709;ROLITO EN BOLSAS 14 KG;69;6,069999999999709;14;966
12;2;2024;2024-02-12;mreinero;Alta Producción de Hielo;908;C04 - Compresor 4 - 127;R01 - Rolitera 1;2720,82;2726,89;6,069999999999709;ROLITO EN BOLSAS 4 KG;35;6,069999999999709;4;140
12;2;2024;2024-02-12;mreinero;Alta Producción de Hielo;908;C04 - Compresor 4 - 127;R01 - Rolitera 1;2720,82;2726,89;6,069999999999709;ROLITO EN BOLSAS 7 KG;19;6,069999999999709;7;133
12;2;2024;2024-02-12;mreinero;Alta Producción de Hielo;909;C04 - Compresor 4 - 127;R02 - Rolitera 2;0,0;0,0;0,0;ROLITO EN BOLSAS 2 KG;390;0,0;2;780
12;2;2024;2024-02-12;mreinero;Alta Producción de Hielo;909;C04 - Compresor 4 - 127;R02 - Rolitera 2;0,0;0,0;0,0;ROLITO EN BOLSAS 4 KG;39;0,0;4;156
12;2;2024;2024-02-12;mreinero;Alta Producción de Hielo;910;C02 - Compresor 2 - 127;R01 - Rolitera 1;33667,66;33674,39;6,7299999999959255;ROLITO EN BOLSAS 14 KG;79;6,7299999999959255;14;1106
12;2;2024;2024-02-12;mreinero;Alta Producción de Hielo;910;C02 - Compresor 2 - 127;R01 - Rolitera 1;33667,66;33674,39;6,7299999999959255;ROLITO EN BOLSAS 2 KG;58;6,7299999999959255;2;116
13;2;2024;2024-02-13;mreinero;Alta Producción de Hielo;911;C02 - Compresor 2 - 127;R01 - Rolitera 1;33674,39;33677,79;3,400000000001455;ROLITO EN BOLSAS 2 KG;295;3,400000000001455;2;590
13;2;2024;2024-02-13;mreinero;Alta Producción de Hielo;912;C02 - Compresor 2 - 127;R01 - Rolitera 1;33677,79;33679,29;1,5;ROLITO EN BOLSAS 14 KG;10;1,5;14;140
13;2;2024;2024-02-13;mreinero;Alta Producción de Hielo;912;C02 - Compresor 2 - 127;R01 - Rolitera 1;33677,79;33679,29;1,5;ROLITO EN BOLSAS 2 KG;62;1,5;2;124
13;2;2024;2024-02-13;mreinero;Alta Producción de Hielo;913;C04 - Compresor 4 - 127;R01 - Rolitera 1;2726,89;2729,84;2,950000000000273;ROLITO EN BOLSAS 14 KG;10;2,950000000000273;14;140
13;2;2024;2024-02-13;mreinero;Alta Producción de Hielo;913;C04 - Compresor 4 - 127;R01 - Rolitera 1;2726,89;2729,84;2,950000000000273;ROLITO EN BOLSAS 2 KG;218;2,950000000000273;2;436
13;2;2024;2024-02-13;mreinero;Alta Producción de Hielo;914;C04 - Compresor 4 - 127;R02 - Rolitera 2;0,0;0,0;0,0;ROLITO EN BOLSAS 2 KG;125;0,0;2;250
13;2;2024;2024-02-13;mreinero;Alta Producción de Hielo;915;C02 - Compresor 2 - 127;R01 - Rolitera 1;33679,29;33687,58;8,290000000000873;ROLITO EN BOLSAS 14 KG;30;8,290000000000873;14;420
13;2;2024;2024-02-13;mreinero;Alta Producción de Hielo;915;C02 - Compresor 2 - 127;R01 - Rolitera 1;33679,29;33687,58;8,290000000000873;ROLITO EN BOLSAS 2 KG;444;8,290000000000873;2;888
13;2;2024;2024-02-13;mreinero;Alta Producción de Hielo;915;C02 - Compresor 2 - 127;R01 - Rolitera 1;33679,29;33687,58;8,290000000000873;ROLITO EN BOLSAS 4 KG;34;8,290000000000873;4;136
13;2;2024;2024-02-13;mreinero;Alta Producción de Hielo;915;C02 - Compresor 2 - 127;R01 - Rolitera 1;33679,29;33687,58;8,290000000000873;ROLITO EN BOLSAS 7 KG;18;8,290000000000873;7;126
14;2;2024;2024-02-14;mreinero;Alta Producción de Hielo;916;C04 - Compresor 4 - 127;R01 - Rolitera 1;2729,84;2737,95;8,109999999999673;ROLITO EN BOLSAS 14 KG;63;8,109999999999673;14;882
14;2;2024;2024-02-14;mreinero;Alta Producción de Hielo;916;C04 - Compresor 4 - 127;R01 - Rolitera 1;2729,84;2737,95;8,109999999999673;ROLITO EN BOLSAS 2 KG;344;8,109999999999673;2;688
14;2;2024;2024-02-14;mreinero;Alta Producción de Hielo;917;C04 - Compresor 4 - 127;R02 - Rolitera 2;0,0;0,0;0,0;ROLITO EN BOLSAS 2 KG;643;0,0;2;1286
14;2;2024;2024-02-14;mreinero;Alta Producción de Hielo;918;C02 - Compresor 2 - 127;R01 - Rolitera 1;33687,58;33690,97;3,389999999999418;ROLITO EN BOLSAS 2 KG;287;3,389999999999418;2;574
14;2;2024;2024-02-14;mreinero;Alta Producción de Hielo;919;C02 - Compresor 2 - 127;R01 - Rolitera 1;33690,97;33694,7;3,7299999999959255;ROLITO EN BOLSAS 2 KG;336;3,7299999999959255;2;672
15;2;2024;2024-02-15;mreinero;Alta Producción de Hielo;920;C04 - Compresor 4 - 127;R01 - Rolitera 1;2737,95;2749,51;11,5600000000004;ROLITO EN BOLSAS 14 KG;82;11,5600000000004;14;1148
15;2;2024;2024-02-15;mreinero;Alta Producción de Hielo;920;C04 - Compresor 4 - 127;R01 - Rolitera 1;2737,95;2749,51;11,5600000000004;ROLITO EN BOLSAS 2 KG;511;11,5600000000004;2;1022
15;2;2024;2024-02-15;mreinero;Alta Producción de Hielo;921;C04 - Compresor 4 - 127;R02 - Rolitera 2;0,0;0,0;0,0;ROLITO EN BOLSAS 2 KG;984;0,0;2;1968
16;2;2024;2024-02-16;mreinero;Alta Producción de Hielo;922;C02 - Compresor 2 - 127;R01 - Rolitera 1;33694,7;33699,39;4,690000000002328;ROLITO EN BOLSAS 14 KG;10;4,690000000002328;14;140
16;2;2024;2024-02-16;mreinero;Alta Producción de Hielo;922;C02 - Compresor 2 - 127;R01 - Rolitera 1;33694,7;33699,39;4,690000000002328;ROLITO EN BOLSAS 2 KG;327;4,690000000002328;2;654
16;2;2024;2024-02-16;mreinero;Alta Producción de Hielo;923;C04 - Compresor 4 - 127;R01 - Rolitera 1;2749,51;2760,91;11,399999999999636;ROLITO EN BOLSAS 14 KG;71;11,399999999999636;14;994
16;2;2024;2024-02-16;mreinero;Alta Producción de Hielo;923;C04 - Compresor 4 - 127;R01 - Rolitera 1;2749,51;2760,91;11,399999999999636;ROLITO EN BOLSAS 2 KG;546;11,399999999999636;2;1092
16;2;2024;2024-02-16;mreinero;Alta Producción de Hielo;924;C04 - Compresor 4 - 127;R02 - Rolitera 2;0,0;0,0;0,0;ROLITO EN BOLSAS 14 KG;11;0,0;14;154
16;2;2024;2024-02-16;mreinero;Alta Producción de Hielo;924;C04 - Compresor 4 - 127;R02 - Rolitera 2;0,0;0,0;0,0;ROLITO EN BOLSAS 2 KG;836;0,0;2;1672
17;2;2024;2024-02-17;mreinero;Alta Producción de Hielo;925;C04 - Compresor 4 - 127;R01 - Rolitera 1;2760,91;2765,54;4,630000000000109;ROLITO EN BOLSAS 14 KG;65;4,630000000000109;14;910
17;2;2024;2024-02-17;mreinero;Alta Producción de Hielo;925;C04 - Compresor 4 - 127;R01 - Rolitera 1;2760,91;2765,54;4,630000000000109;ROLITO EN BOLSAS 4 KG;1;4,630000000000109;4;4
17;2;2024;2024-02-17;mreinero;Alta Producción de Hielo;926;C04 - Compresor 4 - 127;R02 - Rolitera 2;0,0;0,0;0,0;ROLITO EN BOLSAS 2 KG;194;0,0;2;388
17;2;2024;2024-02-17;mreinero;Alta Producción de Hielo;926;C04 - Compresor 4 - 127;R02 - Rolitera 2;0,0;0,0;0,0;ROLITO EN BOLSAS 4 KG;82;0,0;4;328
17;2;2024;2024-02-17;mreinero;Alta Producción de Hielo;927;C02 - Compresor 2 - 127;R01 - Rolitera 1;33699,39;33703,27;3,8799999999973807;ROLITO EN BOLSAS 14 KG;10;3,8799999999973807;14;140
17;2;2024;2024-02-17;mreinero;Alta Producción de Hielo;927;C02 - Compresor 2 - 127;R01 - Rolitera 1;33699,39;33703,27;3,8799999999973807;ROLITO EN BOLSAS 2 KG;276;3,8799999999973807;2;552
19;2;2024;2024-02-19;mreinero;Alta Producción de Hielo;928;C04 - Compresor 4 - 127;R01 - Rolitera 1;2765,54;2777,08;11,539999999999964;ROLITO EN BOLSAS 14 KG;127;11,539999999999964;14;1778
19;2;2024;2024-02-19;mreinero;Alta Producción de Hielo;928;C04 - Compresor 4 - 127;R01 - Rolitera 1;2765,54;2777,08;11,539999999999964;ROLITO EN BOLSAS 2 KG;219;11,539999999999964;2;438
19;2;2024;2024-02-19;mreinero;Alta Producción de Hielo;929;C04 - Compresor 4 - 127;R02 - Rolitera 2;0,0;0,0;0,0;ROLITO EN BOLSAS 2 KG;916;0,0;2;1832
19;2;2024;2024-02-19;mreinero;Alta Producción de Hielo;929;C04 - Compresor 4 - 127;R02 - Rolitera 2;0,0;0,0;0,0;ROLITO EN BOLSAS 7 KG;21;0,0;7;147
20;2;2024;2024-02-20;mreinero;Alta Producción de Hielo;930;C04 - Compresor 4 - 127;R01 - Rolitera 1;2777,08;2788,33;11,25;ROLITO EN BOLSAS 14 KG;99;11,25;14;1386
20;2;2024;2024-02-20;mreinero;Alta Producción de Hielo;930;C04 - Compresor 4 - 127;R01 - Rolitera 1;2777,08;2788,33;11,25;ROLITO EN BOLSAS 2 KG;267;11,25;2;534
20;2;2024;2024-02-20;mreinero;Alta Producción de Hielo;930;C04 - Compresor 4 - 127;R01 - Rolitera 1;2777,08;2788,33;11,25;ROLITO EN BOLSAS 4 KG;3;11,25;4;12
20;2;2024;2024-02-20;mreinero;Alta Producción de Hielo;930;C04 - Compresor 4 - 127;R01 - Rolitera 1;2777,08;2788,33;11,25;ROLITO EN BOLSAS 7 KG;17;11,25;7;119
20;2;2024;2024-02-20;mreinero;Alta Producción de Hielo;931;C04 - Compresor 4 - 127;R02 - Rolitera 2;0,0;0,0;0,0;ROLITO EN BOLSAS 14 KG;46;0,0;14;644
20;2;2024;2024-02-20;mreinero;Alta Producción de Hielo;931;C04 - Compresor 4 - 127;R02 - Rolitera 2;0,0;0,0;0,0;ROLITO EN BOLSAS 2 KG;710;0,0;2;1420
21;2;2024;2024-02-21;mreinero;Alta Producción de Hielo;932;C04 - Compresor 4 - 127;R01 - Rolitera 1;2788,33;2799,0;10,670000000000073;ROLITO EN BOLSAS 14 KG;122;10,670000000000073;14;1708
21;2;2024;2024-02-21;mreinero;Alta Producción de Hielo;932;C04 - Compresor 4 - 127;R01 - Rolitera 1;2788,33;2799,0;10,670000000000073;ROLITO EN BOLSAS 2 KG;108;10,670000000000073;2;216
21;2;2024;2024-02-21;mreinero;Alta Producción de Hielo;932;C04 - Compresor 4 - 127;R01 - Rolitera 1;2788,33;2799,0;10,670000000000073;ROLITO EN BOLSAS 7 KG;36;10,670000000000073;7;252
21;2;2024;2024-02-21;mreinero;Alta Producción de Hielo;933;C04 - Compresor 4 - 127;R02 - Rolitera 2;0,0;0,0;0,0;ROLITO EN BOLSAS 2 KG;842;0,0;2;1684
22;2;2024;2024-02-22;mreinero;Alta Producción de Hielo;934;C04 - Compresor 4 - 127;R01 - Rolitera 1;2799,0;2806,64;7,639999999999873;ROLITO EN BOLSAS 14 KG;40;7,639999999999873;14;560
22;2;2024;2024-02-22;mreinero;Alta Producción de Hielo;934;C04 - Compresor 4 - 127;R01 - Rolitera 1;2799,0;2806,64;7,639999999999873;ROLITO EN BOLSAS 2 KG;383;7,639999999999873;2;766
22;2;2024;2024-02-22;mreinero;Alta Producción de Hielo;935;C04 - Compresor 4 - 127;R02 - Rolitera 2;0,0;0,0;0,0;ROLITO EN BOLSAS 2 KG;653;0,0;2;1306
22;2;2024;2024-02-22;mreinero;Alta Producción de Hielo;936;C02 - Compresor 2 - 127;R01 - Rolitera 1;33703,27;33707,1;3,8300000000017462;ROLITO EN BOLSAS 14 KG;42;3,8300000000017462;14;588
23;2;2024;2024-02-23;mreinero;Alta Producción de Hielo;937;C04 - Compresor 4 - 127;R01 - Rolitera 1;2806,64;2814,37;7,730000000000018;ROLITO EN BOLSAS 14 KG;91;7,730000000000018;14;1274
23;2;2024;2024-02-23;mreinero;Alta Producción de Hielo;937;C04 - Compresor 4 - 127;R01 - Rolitera 1;2806,64;2814,37;7,730000000000018;ROLITO EN BOLSAS 4 KG;70;7,730000000000018;4;280
23;2;2024;2024-02-23;mreinero;Alta Producción de Hielo;938;C04 - Compresor 4 - 127;R02 - Rolitera 2;0,0;0,0;0,0;ROLITO EN BOLSAS 14 KG;12;0,0;14;168
23;2;2024;2024-02-23;mreinero;Alta Producción de Hielo;938;C04 - Compresor 4 - 127;R02 - Rolitera 2;0,0;0,0;0,0;ROLITO EN BOLSAS 2 KG;398;0,0;2;796
23;2;2024;2024-02-23;mreinero;Alta Producción de Hielo;938;C04 - Compresor 4 - 127;R02 - Rolitera 2;0,0;0,0;0,0;ROLITO EN BOLSAS 4 KG;123;0,0;4;492
23;2;2024;2024-02-23;mreinero;Alta Producción de Hielo;939;C02 - Compresor 2 - 127;R01 - Rolitera 1;33707,1;33710,39;3,290000000000873;ROLITO EN BOLSAS 14 KG;33;3,290000000000873;14;462
23;2;2024;2024-02-23;mreinero;Alta Producción de Hielo;939;C02 - Compresor 2 - 127;R01 - Rolitera 1;33707,1;33710,39;3,290000000000873;ROLITO EN BOLSAS 2 KG;56;3,290000000000873;2;112
23;2;2024;2024-02-23;mreinero;Alta Producción de Hielo;939;C02 - Compresor 2 - 127;R01 - Rolitera 1;33707,1;33710,39;3,290000000000873;ROLITO EN BOLSAS 7 KG;1;3,290000000000873;7;7
24;2;2024;2024-02-24;mreinero;Alta Producción de Hielo;940;C02 - Compresor 2 - 127;R01 - Rolitera 1;33710,39;33713,4;3,0100000000020373;ROLITO EN BOLSAS 14 KG;38;3,0100000000020373;14;532
24;2;2024;2024-02-24;mreinero;Alta Producción de Hielo;940;C02 - Compresor 2 - 127;R01 - Rolitera 1;33710,39;33713,4;3,0100000000020373;ROLITO EN BOLSAS 7 KG;1;3,0100000000020373;7;7
26;2;2024;2024-02-26;mreinero;Alta Producción de Hielo;941;C04 - Compresor 4 - 127;R01 - Rolitera 1;2814,37;2821,89;7,519999999999982;ROLITO EN BOLSAS 14 KG;72;7,519999999999982;14;1008
26;2;2024;2024-02-26;mreinero;Alta Producción de Hielo;941;C04 - Compresor 4 - 127;R01 - Rolitera 1;2814,37;2821,89;7,519999999999982;ROLITO EN BOLSAS 2 KG;220;7,519999999999982;2;440
26;2;2024;2024-02-26;mreinero;Alta Producción de Hielo;941;C04 - Compresor 4 - 127;R01 - Rolitera 1;2814,37;2821,89;7,519999999999982;ROLITO EN BOLSAS 4 KG;1;7,519999999999982;4;4
26;2;2024;2024-02-26;mreinero;Alta Producción de Hielo;942;C04 - Compresor 4 - 127;R02 - Rolitera 2;0,0;0,0;0,0;ROLITO EN BOLSAS 14 KG;25;0,0;14;350
26;2;2024;2024-02-26;mreinero;Alta Producción de Hielo;942;C04 - Compresor 4 - 127;R02 - Rolitera 2;0,0;0,0;0,0;ROLITO EN BOLSAS 2 KG;513;0,0;2;1026
26;2;2024;2024-02-26;mreinero;Alta Producción de Hielo;943;C02 - Compresor 2 - 127;R01 - Rolitera 1;33713,4;33716,62;3,220000000001164;ROLITO EN BOLSAS 14 KG;10;3,220000000001164;14;140
26;2;2024;2024-02-26;mreinero;Alta Producción de Hielo;943;C02 - Compresor 2 - 127;R01 - Rolitera 1;33713,4;33716,62;3,220000000001164;ROLITO EN BOLSAS 2 KG;226;3,220000000001164;2;452
27;2;2024;2024-02-27;mreinero;Alta Producción de Hielo;944;C02 - Compresor 2 - 127;R01 - Rolitera 1;33716,62;33727,91;11,290000000000873;ROLITO EN BOLSAS 14 KG;10;11,290000000000873;14;140
27;2;2024;2024-02-27;mreinero;Alta Producción de Hielo;944;C02 - Compresor 2 - 127;R01 - Rolitera 1;33716,62;33727,91;11,290000000000873;ROLITO EN BOLSAS 2 KG;893;11,290000000000873;2;1786
28;2;2024;2024-02-28;mreinero;Alta Producción de Hielo;945;C04 - Compresor 4 - 127;R01 - Rolitera 1;2821,89;2826,68;4,789999999999964;ROLITO EN BOLSAS 14 KG;20;4,789999999999964;14;280
28;2;2024;2024-02-28;mreinero;Alta Producción de Hielo;945;C04 - Compresor 4 - 127;R01 - Rolitera 1;2821,89;2826,68;4,789999999999964;ROLITO EN BOLSAS 2 KG;222;4,789999999999964;2;444
28;2;2024;2024-02-28;mreinero;Alta Producción de Hielo;945;C04 - Compresor 4 - 127;R01 - Rolitera 1;2821,89;2826,68;4,789999999999964;ROLITO EN BOLSAS 7 KG;18;4,789999999999964;7;126
28;2;2024;2024-02-28;mreinero;Alta Producción de Hielo;946;C04 - Compresor 4 - 127;R02 - Rolitera 2;0,0;0,0;0,0;ROLITO EN BOLSAS 2 KG;396;0,0;2;792
28;2;2024;2024-02-28;mreinero;Alta Producción de Hielo;947;C02 - Compresor 2 - 127;R01 - Rolitera 1;33727,91;33734,44;6,529999999998836;ROLITO EN BOLSAS 14 KG;10;6,529999999998836;14;140
28;2;2024;2024-02-28;mreinero;Alta Producción de Hielo;947;C02 - Compresor 2 - 127;R01 - Rolitera 1;33727,91;33734,44;6,529999999998836;ROLITO EN BOLSAS 2 KG;500;6,529999999998836;2;1000
29;2;2024;2024-02-29;mreinero;Alta Producción de Hielo;948;C04 - Compresor 4 - 127;R01 - Rolitera 1;2826,68;2831,79;5,110000000000127;ROLITO EN BOLSAS 14 KG;29;5,110000000000127;14;406
29;2;2024;2024-02-29;mreinero;Alta Producción de Hielo;948;C04 - Compresor 4 - 127;R01 - Rolitera 1;2826,68;2831,79;5,110000000000127;ROLITO EN BOLSAS 2 KG;55;5,110000000000127;2;110
29;2;2024;2024-02-29;mreinero;Alta Producción de Hielo;948;C04 - Compresor 4 - 127;R01 - Rolitera 1;2826,68;2831,79;5,110000000000127;ROLITO EN BOLSAS 4 KG;69;5,110000000000127;4;276
29;2;2024;2024-02-29;mreinero;Alta Producción de Hielo;948;C04 - Compresor 4 - 127;R01 - Rolitera 1;2826,68;2831,79;5,110000000000127;ROLITO EN BOLSAS 7 KG;16;5,110000000000127;7;112
29;2;2024;2024-02-29;mreinero;Alta Producción de Hielo;949;C04 - Compresor 4 - 127;R02 - Rolitera 2;0,0;0,0;0,0;ROLITO EN BOLSAS 14 KG;12;0,0;14;168
29;2;2024;2024-02-29;mreinero;Alta Producción de Hielo;949;C04 - Compresor 4 - 127;R02 - Rolitera 2;0,0;0,0;0,0;ROLITO EN BOLSAS 2 KG;203;0,0;2;406
29;2;2024;2024-02-29;mreinero;Alta Producción de Hielo;949;C04 - Compresor 4 - 127;R02 - Rolitera 2;0,0;0,0;0,0;ROLITO EN BOLSAS 4 KG;125;0,0;4;500
29;2;2024;2024-02-29;mreinero;Alta Producción de Hielo;950;C02 - Compresor 2 - 127;R01 - Rolitera 1;33734,44;33738,68;4,239999999997963;ROLITO EN BOLSAS 14 KG;19;4,239999999997963;14;266
29;2;2024;2024-02-29;mreinero;Alta Producción de Hielo;950;C02 - Compresor 2 - 127;R01 - Rolitera 1;33734,44;33738,68;4,239999999997963;ROLITO EN BOLSAS 2 KG;222;4,239999999997963;2;444
29;2;2024;2024-02-29;mreinero;Alta Producción de Hielo;950;C02 - Compresor 2 - 127;R01 - Rolitera 1;33734,44;33738,68;4,239999999997963;ROLITO EN BOLSAS 4 KG;36;4,239999999997963;4;144
1;3;2024;2024-03-01;mreinero;Alta Producción de Hielo;951;C02 - Compresor 2 - 127;R01 - Rolitera 1;33738,68;33747,58;8,900000000001455;ROLITO EN BOLSAS 14 KG;50;8,900000000001455;14;700
1;3;2024;2024-03-01;mreinero;Alta Producción de Hielo;951;C02 - Compresor 2 - 127;R01 - Rolitera 1;33738,68;33747,58;8,900000000001455;ROLITO EN BOLSAS 2 KG;435;8,900000000001455;2;870
4;3;2024;2024-03-04;rmanera;Alta Producción de Hielo;952;C02 - Compresor 2 - 127;R01 - Rolitera 1;33747,58;33757,04;9,459999999999127;ROLITO EN BOLSAS 14 KG;68;9,459999999999127;14;952
4;3;2024;2024-03-04;rmanera;Alta Producción de Hielo;952;C02 - Compresor 2 - 127;R01 - Rolitera 1;33747,58;33757,04;9,459999999999127;ROLITO EN BOLSAS 2 KG;389;9,459999999999127;2;778
5;3;2024;2024-03-05;rmanera;Alta Producción de Hielo;953;C02 - Compresor 2 - 127;R01 - Rolitera 1;33757,04;33761,79;4,75;ROLITO EN BOLSAS 14 KG;39;4,75;14;546
5;3;2024;2024-03-05;rmanera;Alta Producción de Hielo;953;C02 - Compresor 2 - 127;R01 - Rolitera 1;33757,04;33761,79;4,75;ROLITO EN BOLSAS 2 KG;168;4,75;2;336
6;3;2024;2024-03-06;rmanera;Alta Producción de Hielo;954;C02 - Compresor 2 - 127;R01 - Rolitera 1;33761,79;33765,38;3,5899999999965075;ROLITO EN BOLSAS 14 KG;49;3,5899999999965075;14;686
6;3;2024;2024-03-06;rmanera;Alta Producción de Hielo;955;C04 - Compresor 4 - 127;R01 - Rolitera 1;2831,79;2835,9;4,110000000000127;ROLITO EN BOLSAS 14 KG;50;4,110000000000127;14;700
6;3;2024;2024-03-06;rmanera;Alta Producción de Hielo;955;C04 - Compresor 4 - 127;R01 - Rolitera 1;2831,79;2835,9;4,110000000000127;ROLITO EN BOLSAS 2 KG;57;4,110000000000127;2;114
6;3;2024;2024-03-06;rmanera;Alta Producción de Hielo;956;C04 - Compresor 4 - 127;R02 - Rolitera 2;0,0;0,0;0,0;ROLITO EN BOLSAS 14 KG;48;0,0;14;672
6;3;2024;2024-03-06;rmanera;Alta Producción de Hielo;956;C04 - Compresor 4 - 127;R02 - Rolitera 2;0,0;0,0;0,0;ROLITO EN BOLSAS 2 KG;68;0,0;2;136
6;3;2024;2024-03-06;rmanera;Alta Producción de Hielo;957;C02 - Compresor 2 - 127;R01 - Rolitera 1;33765,31;33767,96;2,650000000001455;ROLITO EN BOLSAS 14 KG;21;2,650000000001455;14;294
6;3;2024;2024-03-06;rmanera;Alta Producción de Hielo;957;C02 - Compresor 2 - 127;R01 - Rolitera 1;33765,31;33767,96;2,650000000001455;ROLITO EN BOLSAS 2 KG;112;2,650000000001455;2;224
7;3;2024;2024-03-07;rmanera;Alta Producción de Hielo;958;C02 - Compresor 2 - 127;R01 - Rolitera 1;33767,96;33777,81;9,849999999998545;ROLITO EN BOLSAS 14 KG;74;9,849999999998545;14;1036
7;3;2024;2024-03-07;rmanera;Alta Producción de Hielo;958;C02 - Compresor 2 - 127;R01 - Rolitera 1;33767,96;33777,81;9,849999999998545;ROLITO EN BOLSAS 2 KG;392;9,849999999998545;2;784
8;3;2024;2024-03-08;rmanera;Alta Producción de Hielo;959;C02 - Compresor 2 - 127;R01 - Rolitera 1;33777,81;33785,51;7,700000000004366;ROLITO EN BOLSAS 14 KG;67;7,700000000004366;14;938
8;3;2024;2024-03-08;rmanera;Alta Producción de Hielo;959;C02 - Compresor 2 - 127;R01 - Rolitera 1;33777,81;33785,51;7,700000000004366;ROLITO EN BOLSAS 2 KG;211;7,700000000004366;2;422
9;3;2024;2024-03-09;rmanera;Alta Producción de Hielo;960;C02 - Compresor 2 - 127;R01 - Rolitera 1;33785,51;33789,4;3,889999999999418;ROLITO EN BOLSAS 14 KG;53;3,889999999999418;14;742
11;3;2024;2024-03-11;rmanera;Alta Producción de Hielo;961;C04 - Compresor 4 - 127;R01 - Rolitera 1;2835,9;2845,49;9,58999999999969;ROLITO EN BOLSAS 14 KG;105;9,58999999999969;14;1470
11;3;2024;2024-03-11;rmanera;Alta Producción de Hielo;961;C04 - Compresor 4 - 127;R01 - Rolitera 1;2835,9;2845,49;9,58999999999969;ROLITO EN BOLSAS 2 KG;381;9,58999999999969;2;762
12;3;2024;2024-03-12;rmanera;Alta Producción de Hielo;962;C04 - Compresor 4 - 127;R01 - Rolitera 1;2845,49;2856,18;10,690000000000055;ROLITO EN BOLSAS 14 KG;40;10,690000000000055;14;560
12;3;2024;2024-03-12;rmanera;Alta Producción de Hielo;962;C04 - Compresor 4 - 127;R01 - Rolitera 1;2845,49;2856,18;10,690000000000055;ROLITO EN BOLSAS 2 KG;816;10,690000000000055;2;1632
12;3;2024;2024-03-12;rmanera;Alta Producción de Hielo;963;C04 - Compresor 4 - 127;R02 - Rolitera 2;0,0;0,0;0,0;ROLITO EN BOLSAS 2 KG;67;0,0;2;134
14;3;2024;2024-03-14;rmanera;Alta Producción de Hielo;964;C04 - Compresor 4 - 127;R01 - Rolitera 1;2856,18;2870,68;14,5;ROLITO EN BOLSAS 14 KG;150;14,5;14;2100
14;3;2024;2024-03-14;rmanera;Alta Producción de Hielo;964;C04 - Compresor 4 - 127;R01 - Rolitera 1;2856,18;2870,68;14,5;ROLITO EN BOLSAS 2 KG;595;14,5;2;1190
14;3;2024;2024-03-14;rmanera;Alta Producción de Hielo;965;C04 - Compresor 4 - 127;R01 - Rolitera 1;2870,68;2885,07;14,390000000000327;ROLITO EN BOLSAS 14 KG;80;14,390000000000327;14;1120
14;3;2024;2024-03-14;rmanera;Alta Producción de Hielo;965;C04 - Compresor 4 - 127;R01 - Rolitera 1;2870,68;2885,07;14,390000000000327;ROLITO EN BOLSAS 2 KG;986;14,390000000000327;2;1972
15;3;2024;2024-03-15;rmanera;Alta Producción de Hielo;966;C04 - Compresor 4 - 127;R01 - Rolitera 1;2885,07;2900,35;15,279999999999745;ROLITO EN BOLSAS 14 KG;151;15,279999999999745;14;2114
15;3;2024;2024-03-15;rmanera;Alta Producción de Hielo;966;C04 - Compresor 4 - 127;R01 - Rolitera 1;2885,07;2900,35;15,279999999999745;ROLITO EN BOLSAS 2 KG;672;15,279999999999745;2;1344
16;3;2024;2024-03-16;rmanera;Alta Producción de Hielo;967;C04 - Compresor 4 - 127;R01 - Rolitera 1;2900,35;2904,54;4,190000000000055;ROLITO EN BOLSAS 14 KG;56;4,190000000000055;14;784
16;3;2024;2024-03-16;rmanera;Alta Producción de Hielo;968;C04 - Compresor 4 - 127;R02 - Rolitera 2;0,0;0,0;0,0;ROLITO EN BOLSAS 2 KG;333;0,0;2;666
16;3;2024;2024-03-16;rmanera;Alta Producción de Hielo;969;C04 - Compresor 4 - 127;R01 - Rolitera 1;2904,54;2907,87;3,3299999999999272;ROLITO EN BOLSAS 14 KG;18;3,3299999999999272;14;252
16;3;2024;2024-03-16;rmanera;Alta Producción de Hielo;969;C04 - Compresor 4 - 127;R01 - Rolitera 1;2904,54;2907,87;3,3299999999999272;ROLITO EN BOLSAS 2 KG;166;3,3299999999999272;2;332
18;3;2024;2024-03-18;rmanera;Alta Producción de Hielo;970;C04 - Compresor 4 - 127;R01 - Rolitera 1;2907,87;2912,34;4,470000000000255;ROLITO EN BOLSAS 14 KG;20;4,470000000000255;14;280
18;3;2024;2024-03-18;rmanera;Alta Producción de Hielo;970;C04 - Compresor 4 - 127;R01 - Rolitera 1;2907,87;2912,34;4,470000000000255;ROLITO EN BOLSAS 2 KG;329;4,470000000000255;2;658
18;3;2024;2024-03-18;rmanera;Alta Producción de Hielo;971;C04 - Compresor 4 - 127;R01 - Rolitera 1;2912,34;2916,88;4,539999999999964;ROLITO EN BOLSAS 14 KG;9;4,539999999999964;14;126
18;3;2024;2024-03-18;rmanera;Alta Producción de Hielo;971;C04 - Compresor 4 - 127;R01 - Rolitera 1;2912,34;2916,88;4,539999999999964;ROLITO EN BOLSAS 2 KG;385;4,539999999999964;2;770
18;3;2024;2024-03-18;rmanera;Alta Producción de Hielo;972;C02 - Compresor 2 - 127;R01 - Rolitera 1;33789,51;33791,45;1,9399999999950523;ROLITO EN BOLSAS 2 KG;162;1,9399999999950523;2;324
19;3;2024;2024-03-19;rmanera;Alta Producción de Hielo;973;C04 - Compresor 4 - 127;R01 - Rolitera 1;33791,45;33802,91;11,460000000006403;ROLITO EN BOLSAS 14 KG;77;11,460000000006403;14;1078
19;3;2024;2024-03-19;rmanera;Alta Producción de Hielo;973;C04 - Compresor 4 - 127;R01 - Rolitera 1;33791,45;33802,91;11,460000000006403;ROLITO EN BOLSAS 2 KG;490;11,460000000006403;2;980
20;3;2024;2024-03-20;rmanera;Alta Producción de Hielo;974;C02 - Compresor 2 - 127;R01 - Rolitera 1;33802,91;33814,74;11,82999999999447;ROLITO EN BOLSAS 14 KG;104;11,82999999999447;14;1456
20;3;2024;2024-03-20;rmanera;Alta Producción de Hielo;974;C02 - Compresor 2 - 127;R01 - Rolitera 1;33802,91;33814,74;11,82999999999447;ROLITO EN BOLSAS 2 KG;321;11,82999999999447;2;642
21;3;2024;2024-03-21;rmanera;Alta Producción de Hielo;975;C02 - Compresor 2 - 127;R01 - Rolitera 1;33814,74;33825,81;11,069999999999709;ROLITO EN BOLSAS 14 KG;59;11,069999999999709;14;826
21;3;2024;2024-03-21;rmanera;Alta Producción de Hielo;975;C02 - Compresor 2 - 127;R01 - Rolitera 1;33814,74;33825,81;11,069999999999709;ROLITO EN BOLSAS 2 KG;572;11,069999999999709;2;1144
21;3;2024;2024-03-21;rmanera;Alta Producción de Hielo;975;C02 - Compresor 2 - 127;R01 - Rolitera 1;33814,74;33825,81;11,069999999999709;ROLITO EN BOLSAS 7 KG;17;11,069999999999709;7;119
22;3;2024;2024-03-22;rmanera;Alta Producción de Hielo;976;C02 - Compresor 2 - 127;R01 - Rolitera 1;33825,81;33837,31;11,5;ROLITO EN BOLSAS 14 KG;81;11,5;14;1134
22;3;2024;2024-03-22;rmanera;Alta Producción de Hielo;976;C02 - Compresor 2 - 127;R01 - Rolitera 1;33825,81;33837,31;11,5;ROLITO EN BOLSAS 2 KG;510;11,5;2;1020
23;3;2024;2024-03-23;rmanera;Alta Producción de Hielo;977;C02 - Compresor 2 - 127;R01 - Rolitera 1;33837,31;33841,59;4,279999999998836;ROLITO EN BOLSAS 14 KG;21;4,279999999998836;14;294
23;3;2024;2024-03-23;rmanera;Alta Producción de Hielo;977;C02 - Compresor 2 - 127;R01 - Rolitera 1;33837,31;33841,59;4,279999999998836;ROLITO EN BOLSAS 2 KG;225;4,279999999998836;2;450
25;3;2024;2024-03-25;rmanera;Alta Producción de Hielo;978;C02 - Compresor 2 - 127;R01 - Rolitera 1;33841,59;33852,98;11,390000000006694;ROLITO EN BOLSAS 14 KG;47;11,390000000006694;14;658
25;3;2024;2024-03-25;rmanera;Alta Producción de Hielo;978;C02 - Compresor 2 - 127;R01 - Rolitera 1;33841,59;33852,98;11,390000000006694;ROLITO EN BOLSAS 2 KG;655;11,390000000006694;2;1310
26;3;2024;2024-03-26;rmanera;Alta Producción de Hielo;979;C02 - Compresor 2 - 127;R01 - Rolitera 1;33852,98;33864,42;11,439999999995052;ROLITO EN BOLSAS 14 KG;84;11,439999999995052;14;1176
26;3;2024;2024-03-26;rmanera;Alta Producción de Hielo;979;C02 - Compresor 2 - 127;R01 - Rolitera 1;33852,98;33864,42;11,439999999995052;ROLITO EN BOLSAS 2 KG;493;11,439999999995052;2;986
27;3;2024;2024-03-27;rmanera;Alta Producción de Hielo;980;C02 - Compresor 2 - 127;R01 - Rolitera 1;33864,42;33875,83;11,410000000003492;ROLITO EN BOLSAS 14 KG;36;11,410000000003492;14;504
27;3;2024;2024-03-27;rmanera;Alta Producción de Hielo;980;C02 - Compresor 2 - 127;R01 - Rolitera 1;33864,42;33875,83;11,410000000003492;ROLITO EN BOLSAS 2 KG;724;11,410000000003492;2;1448
27;3;2024;2024-03-27;rmanera;Alta Producción de Hielo;981;C04 - Compresor 4 - 127;R01 - Rolitera 1;33875,83;33887,46;11,62999999999738;ROLITO EN BOLSAS 14 KG;43;11,62999999999738;14;602
27;3;2024;2024-03-27;rmanera;Alta Producción de Hielo;981;C04 - Compresor 4 - 127;R01 - Rolitera 1;33875,83;33887,46;11,62999999999738;ROLITO EN BOLSAS 2 KG;608;11,62999999999738;2;1216
27;3;2024;2024-03-27;rmanera;Alta Producción de Hielo;981;C04 - Compresor 4 - 127;R01 - Rolitera 1;33875,83;33887,46;11,62999999999738;ROLITO EN BOLSAS 4 KG;68;11,62999999999738;4;272
29;3;2024;2024-03-29;rmanera;Alta Producción de Hielo;982;C02 - Compresor 2 - 127;R01 - Rolitera 1;33887,46;33892,15;4,690000000002328;ROLITO EN BOLSAS 14 KG;35;4,690000000002328;14;490
29;3;2024;2024-03-29;rmanera;Alta Producción de Hielo;982;C02 - Compresor 2 - 127;R01 - Rolitera 1;33887,46;33892,15;4,690000000002328;ROLITO EN BOLSAS 2 KG;163;4,690000000002328;2;326
30;3;2024;2024-03-30;rmanera;Alta Producción de Hielo;983;C04 - Compresor 4 - 127;R01 - Rolitera 1;2916,89;2921,37;4,480000000000018;ROLITO EN BOLSAS 14 KG;48;4,480000000000018;14;672
30;3;2024;2024-03-30;rmanera;Alta Producción de Hielo;983;C04 - Compresor 4 - 127;R01 - Rolitera 1;2916,89;2921,37;4,480000000000018;ROLITO EN BOLSAS 2 KG;105;4,480000000000018;2;210
30;3;2024;2024-03-30;rmanera;Alta Producción de Hielo;984;C04 - Compresor 4 - 127;R02 - Rolitera 2;0,0;0,0;0,0;ROLITO EN BOLSAS 14 KG;12;0,0;14;168
30;3;2024;2024-03-30;rmanera;Alta Producción de Hielo;984;C04 - Compresor 4 - 127;R02 - Rolitera 2;0,0;0,0;0,0;ROLITO EN BOLSAS 2 KG;246;0,0;2;492
30;3;2024;2024-03-30;rmanera;Alta Producción de Hielo;985;C02 - Compresor 2 - 127;R01 - Rolitera 1;33892,15;33896,06;3,9099999999962165;ROLITO EN BOLSAS 2 KG;321;3,9099999999962165;2;642
30;3;2024;2024-03-30;rmanera;Alta Producción de Hielo;986;C04 - Compresor 4 - 127;R01 - Rolitera 1;2921,37;2924,87;3,5;ROLITO EN BOLSAS 14 KG;53;3,5;14;742
30;3;2024;2024-03-30;rmanera;Alta Producción de Hielo;986;C04 - Compresor 4 - 127;R01 - Rolitera 1;2921,37;2924,87;3,5;ROLITO EN BOLSAS 2 KG;254;3,5;2;508
31;3;2024;2024-03-31;rmanera;Alta Producción de Hielo;987;C04 - Compresor 4 - 127;R01 - Rolitera 1;2924,27;2929,29;5,019999999999982;ROLITO EN BOLSAS 2 KG;68;5,019999999999982;2;136
31;3;2024;2024-03-31;rmanera;Alta Producción de Hielo;988;C04 - Compresor 4 - 127;R02 - Rolitera 2;0,0;0,0;0,0;ROLITO EN BOLSAS 14 KG;12;0,0;14;168
31;3;2024;2024-03-31;rmanera;Alta Producción de Hielo;988;C04 - Compresor 4 - 127;R02 - Rolitera 2;0,0;0,0;0,0;ROLITO EN BOLSAS 2 KG;248;0,0;2;496
1;4;2024;2024-04-01;rmanera;Alta Producción de Hielo;989;C04 - Compresor 4 - 127;R01 - Rolitera 1;2929,29;2937,94;8,650000000000091;ROLITO EN BOLSAS 14 KG;109;8,650000000000091;14;1526
1;4;2024;2024-04-01;rmanera;Alta Producción de Hielo;989;C04 - Compresor 4 - 127;R01 - Rolitera 1;2929,29;2937,94;8,650000000000091;ROLITO EN BOLSAS 4 KG;71;8,650000000000091;4;284
1;4;2024;2024-04-01;rmanera;Alta Producción de Hielo;990;C04 - Compresor 4 - 127;R02 - Rolitera 2;0,0;0,0;0,0;ROLITO EN BOLSAS 14 KG;12;0,0;14;168
1;4;2024;2024-04-01;rmanera;Alta Producción de Hielo;990;C04 - Compresor 4 - 127;R02 - Rolitera 2;0,0;0,0;0,0;ROLITO EN BOLSAS 2 KG;679;0,0;2;1358
2;4;2024;2024-04-02;rmanera;Alta Producción de Hielo;991;C02 - Compresor 2 - 127;R01 - Rolitera 1;33896,06;33906,92;10,860000000000582;ROLITO EN BOLSAS 14 KG;89;10,860000000000582;14;1246
2;4;2024;2024-04-02;rmanera;Alta Producción de Hielo;991;C02 - Compresor 2 - 127;R01 - Rolitera 1;33896,06;33906,92;10,860000000000582;ROLITO EN BOLSAS 2 KG;329;10,860000000000582;2;658
4;4;2024;2024-04-04;rmanera;Alta Producción de Hielo;992;C02 - Compresor 2 - 127;R01 - Rolitera 1;33906,92;33907,92;1,0;ROLITO EN BOLSAS 2 KG;115;1,0;2;230
4;4;2024;2024-04-04;rmanera;Alta Producción de Hielo;993;C04 - Compresor 4 - 127;R01 - Rolitera 1;2937,97;2940,1;2,130000000000109;ROLITO EN BOLSAS 2 KG;169;2,130000000000109;2;338
4;4;2024;2024-04-04;rmanera;Alta Producción de Hielo;994;C04 - Compresor 4 - 127;R01 - Rolitera 1;2940,1;2943,84;3,7400000000002365;ROLITO EN BOLSAS 14 KG;39;3,7400000000002365;14;546
4;4;2024;2024-04-04;rmanera;Alta Producción de Hielo;995;C04 - Compresor 4 - 127;R02 - Rolitera 2;0,0;0,0;0,0;ROLITO EN BOLSAS 2 KG;310;0,0;2;620
5;4;2024;2024-04-05;rmanera;Alta Producción de Hielo;996;C02 - Compresor 2 - 127;R01 - Rolitera 1;33907,92;33917,98;10,060000000004948;ROLITO EN BOLSAS 14 KG;69;10,060000000004948;14;966
5;4;2024;2024-04-05;rmanera;Alta Producción de Hielo;996;C02 - Compresor 2 - 127;R01 - Rolitera 1;33907,92;33917,98;10,060000000004948;ROLITO EN BOLSAS 2 KG;513;10,060000000004948;2;1026
6;4;2024;2024-04-06;rmanera;Alta Producción de Hielo;997;C04 - Compresor 4 - 127;R01 - Rolitera 1;2943,48;2949,46;5,980000000000018;ROLITO EN BOLSAS 14 KG;41;5,980000000000018;14;574
6;4;2024;2024-04-06;rmanera;Alta Producción de Hielo;997;C04 - Compresor 4 - 127;R01 - Rolitera 1;2943,48;2949,46;5,980000000000018;ROLITO EN BOLSAS 2 KG;337;5,980000000000018;2;674
8;4;2024;2024-04-08;rmanera;Alta Producción de Hielo;998;C04 - Compresor 4 - 127;R01 - Rolitera 1;2949,46;2953,42;3,9600000000000364;ROLITO EN BOLSAS 14 KG;58;3,9600000000000364;14;812
8;4;2024;2024-04-08;rmanera;Alta Producción de Hielo;998;C04 - Compresor 4 - 127;R01 - Rolitera 1;2949,46;2953,42;3,9600000000000364;ROLITO EN BOLSAS 2 KG;338;3,9600000000000364;2;676
8;4;2024;2024-04-08;rmanera;Alta Producción de Hielo;999;C02 - Compresor 2 - 127;R01 - Rolitera 1;33918,58;33926,29;7,709999999999127;ROLITO EN BOLSAS 14 KG;29;7,709999999999127;14;406
8;4;2024;2024-04-08;rmanera;Alta Producción de Hielo;999;C02 - Compresor 2 - 127;R01 - Rolitera 1;33918,58;33926,29;7,709999999999127;ROLITO EN BOLSAS 2 KG;510;7,709999999999127;2;1020
9;4;2024;2024-04-09;rmanera;Alta Producción de Hielo;1000;C02 - Compresor 2 - 127;R01 - Rolitera 1;33926,29;33929,22;2,930000000000291;ROLITO EN BOLSAS 2 KG;221;2,930000000000291;2;442
10;4;2024;2024-04-10;rmanera;Alta Producción de Hielo;1001;C04 - Compresor 4 - 127;R01 - Rolitera 1;2953,55;2956,65;3,099999999999909;ROLITO EN BOLSAS 14 KG;29;3,099999999999909;14;406
10;4;2024;2024-04-10;rmanera;Alta Producción de Hielo;1001;C04 - Compresor 4 - 127;R01 - Rolitera 1;2953,55;2956,65;3,099999999999909;ROLITO EN BOLSAS 2 KG;175;3,099999999999909;2;350
11;4;2024;2024-04-11;rmanera;Alta Producción de Hielo;1002;C04 - Compresor 4 - 127;R01 - Rolitera 1;2956,82;2963,54;6,7199999999998;ROLITO EN BOLSAS 14 KG;96;6,7199999999998;14;1344
11;4;2024;2024-04-11;rmanera;Alta Producción de Hielo;1002;C04 - Compresor 4 - 127;R01 - Rolitera 1;2956,82;2963,54;6,7199999999998;ROLITO EN BOLSAS 2 KG;106;6,7199999999998;2;212
11;4;2024;2024-04-11;rmanera;Alta Producción de Hielo;1003;C04 - Compresor 4 - 127;R02 - Rolitera 2;0,0;0,0;0,0;ROLITO EN BOLSAS 14 KG;24;0,0;14;336
11;4;2024;2024-04-11;rmanera;Alta Producción de Hielo;1003;C04 - Compresor 4 - 127;R02 - Rolitera 2;0,0;0,0;0,0;ROLITO EN BOLSAS 2 KG;261;0,0;2;522
12;4;2024;2024-04-12;rmanera;Alta Producción de Hielo;1004;C02 - Compresor 2 - 127;R01 - Rolitera 1;33929,42;33936,64;7,220000000001164;ROLITO EN BOLSAS 2 KG;618;7,220000000001164;2;1236
13;4;2024;2024-04-13;rmanera;Alta Producción de Hielo;1005;C02 - Compresor 2 - 127;R01 - Rolitera 1;33936,64;33947,48;10,840000000003783;ROLITO EN BOLSAS 14 KG;154;10,840000000003783;14;2156
13;4;2024;2024-04-13;rmanera;Alta Producción de Hielo;1005;C02 - Compresor 2 - 127;R01 - Rolitera 1;33936,64;33947,48;10,840000000003783;ROLITO EN BOLSAS 2 KG;113;10,840000000003783;2;226
15;4;2024;2024-04-15;rmanera;Alta Producción de Hielo;1006;C02 - Compresor 2 - 127;R01 - Rolitera 1;33947,48;33958,79;11,309999999997672;ROLITO EN BOLSAS 14 KG;48;11,309999999997672;14;672
15;4;2024;2024-04-15;rmanera;Alta Producción de Hielo;1006;C02 - Compresor 2 - 127;R01 - Rolitera 1;33947,48;33958,79;11,309999999997672;ROLITO EN BOLSAS 2 KG;685;11,309999999997672;2;1370
16;4;2024;2024-04-16;rmanera;Alta Producción de Hielo;1007;C02 - Compresor 2 - 127;R01 - Rolitera 1;33958,79;33967,18;8,389999999999418;ROLITO EN BOLSAS 14 KG;39;8,389999999999418;14;546
16;4;2024;2024-04-16;rmanera;Alta Producción de Hielo;1007;C02 - Compresor 2 - 127;R01 - Rolitera 1;33958,79;33967,18;8,389999999999418;ROLITO EN BOLSAS 2 KG;515;8,389999999999418;2;1030
17;4;2024;2024-04-17;rmanera;Alta Producción de Hielo;1008;C02 - Compresor 2 - 127;R01 - Rolitera 1;33967,18;33982,61;15,430000000000291;ROLITO EN BOLSAS 14 KG;173;15,430000000000291;14;2422
17;4;2024;2024-04-17;rmanera;Alta Producción de Hielo;1008;C02 - Compresor 2 - 127;R01 - Rolitera 1;33967,18;33982,61;15,430000000000291;ROLITO EN BOLSAS 2 KG;404;15,430000000000291;2;808
18;4;2024;2024-04-18;rmanera;Alta Producción de Hielo;1009;C02 - Compresor 2 - 127;R01 - Rolitera 1;33982,63;33997,8;15,17000000000553;ROLITO EN BOLSAS 14 KG;101;15,17000000000553;14;1414
18;4;2024;2024-04-18;rmanera;Alta Producción de Hielo;1009;C02 - Compresor 2 - 127;R01 - Rolitera 1;33982,63;33997,8;15,17000000000553;ROLITO EN BOLSAS 2 KG;746;15,17000000000553;2;1492
19;4;2024;2024-04-19;rmanera;Alta Producción de Hielo;1010;C02 - Compresor 2 - 127;R01 - Rolitera 1;33997,8;34003,31;5,509999999994761;ROLITO EN BOLSAS 14 KG;75;5,509999999994761;14;1050
20;4;2024;2024-04-20;rmanera;Alta Producción de Hielo;1011;C02 - Compresor 2 - 127;R01 - Rolitera 1;34003,31;34006,59;3,279999999998836;ROLITO EN BOLSAS 14 KG;9;3,279999999998836;14;126
20;4;2024;2024-04-20;rmanera;Alta Producción de Hielo;1011;C02 - Compresor 2 - 127;R01 - Rolitera 1;34003,31;34006,59;3,279999999998836;ROLITO EN BOLSAS 2 KG;218;3,279999999998836;2;436
22;4;2024;2024-04-22;rmanera;Alta Producción de Hielo;1012;C02 - Compresor 2 - 127;R01 - Rolitera 1;34006,59;34008,5;1,9100000000034925;ROLITO EN BOLSAS 14 KG;22;1,9100000000034925;14;308
22;4;2024;2024-04-22;rmanera;Alta Producción de Hielo;1013;C02 - Compresor 2 - 127;R01 - Rolitera 1;34008,5;34024,27;15,769999999996799;ROLITO EN BOLSAS 14 KG;138;15,769999999996799;14;1932
22;4;2024;2024-04-22;rmanera;Alta Producción de Hielo;1013;C02 - Compresor 2 - 127;R01 - Rolitera 1;34008,5;34024,27;15,769999999996799;ROLITO EN BOLSAS 2 KG;449;15,769999999996799;2;898
23;4;2024;2024-04-23;rmanera;Alta Producción de Hielo;1014;C02 - Compresor 2 - 127;R01 - Rolitera 1;34024,27;34039,54;15,270000000004075;ROLITO EN BOLSAS 14 KG;171;15,270000000004075;14;2394
23;4;2024;2024-04-23;rmanera;Alta Producción de Hielo;1014;C02 - Compresor 2 - 127;R01 - Rolitera 1;34024,27;34039,54;15,270000000004075;ROLITO EN BOLSAS 2 KG;291;15,270000000004075;2;582
23;4;2024;2024-04-23;rmanera;Alta Producción de Hielo;1014;C02 - Compresor 2 - 127;R01 - Rolitera 1;34024,27;34039,54;15,270000000004075;ROLITO EN BOLSAS 7 KG;18;15,270000000004075;7;126
24;4;2024;2024-04-24;rmanera;Alta Producción de Hielo;1015;C02 - Compresor 2 - 127;R01 - Rolitera 1;34039,54;34050,6;11,059999999997672;ROLITO EN BOLSAS 14 KG;45;11,059999999997672;14;630
24;4;2024;2024-04-24;rmanera;Alta Producción de Hielo;1015;C02 - Compresor 2 - 127;R01 - Rolitera 1;34039,54;34050,6;11,059999999997672;ROLITO EN BOLSAS 2 KG;624;11,059999999997672;2;1248
24;4;2024;2024-04-24;rmanera;Alta Producción de Hielo;1015;C02 - Compresor 2 - 127;R01 - Rolitera 1;34039,54;34050,6;11,059999999997672;ROLITO EN BOLSAS 4 KG;37;11,059999999997672;4;148
25;4;2024;2024-04-25;rmanera;Alta Producción de Hielo;1016;C02 - Compresor 2 - 127;R01 - Rolitera 1;34050,6;34056,96;6,360000000000582;ROLITO EN BOLSAS 14 KG;61;6,360000000000582;14;854
25;4;2024;2024-04-25;rmanera;Alta Producción de Hielo;1016;C02 - Compresor 2 - 127;R01 - Rolitera 1;34050,6;34056,96;6,360000000000582;ROLITO EN BOLSAS 2 KG;228;6,360000000000582;2;456
25;4;2024;2024-04-25;rmanera;Alta Producción de Hielo;1017;C02 - Compresor 2 - 127;R01 - Rolitera 1;34056,96;34060,36;3,400000000001455;ROLITO EN BOLSAS 14 KG;45;3,400000000001455;14;630
25;4;2024;2024-04-25;rmanera;Alta Producción de Hielo;1017;C02 - Compresor 2 - 127;R01 - Rolitera 1;34056,96;34060,36;3,400000000001455;ROLITO EN BOLSAS 2 KG;59;3,400000000001455;2;118
26;4;2024;2024-04-26;rmanera;Alta Producción de Hielo;1018;C02 - Compresor 2 - 127;R01 - Rolitera 1;34060,36;34066,61;6,25;ROLITO EN BOLSAS 14 KG;70;6,25;14;980
26;4;2024;2024-04-26;rmanera;Alta Producción de Hielo;1018;C02 - Compresor 2 - 127;R01 - Rolitera 1;34060,36;34066,61;6,25;ROLITO EN BOLSAS 2 KG;165;6,25;2;330
26;4;2024;2024-04-26;rmanera;Alta Producción de Hielo;1019;C02 - Compresor 2 - 127;R01 - Rolitera 1;34066,61;34067,87;1,2600000000020373;ROLITO EN BOLSAS 2 KG;112;1,2600000000020373;2;224
27;4;2024;2024-04-27;rmanera;Alta Producción de Hielo;1020;C02 - Compresor 2 - 127;R01 - Rolitera 1;34067,87;34071,13;3,2599999999947613;ROLITO EN BOLSAS 14 KG;50;3,2599999999947613;14;700
29;4;2024;2024-04-29;rmanera;Alta Producción de Hielo;1021;C02 - Compresor 2 - 127;R01 - Rolitera 1;34071,13;34082,28;11,150000000001455;ROLITO EN BOLSAS 14 KG;55;11,150000000001455;14;770
29;4;2024;2024-04-29;rmanera;Alta Producción de Hielo;1021;C02 - Compresor 2 - 127;R01 - Rolitera 1;34071,13;34082,28;11,150000000001455;ROLITO EN BOLSAS 2 KG;575;11,150000000001455;2;1150
30;4;2024;2024-04-30;rmanera;Alta Producción de Hielo;1022;C02 - Compresor 2 - 127;R01 - Rolitera 1;34082,28;34089,82;7,540000000000873;ROLITO EN BOLSAS 14 KG;49;7,540000000000873;14;686
30;4;2024;2024-04-30;rmanera;Alta Producción de Hielo;1022;C02 - Compresor 2 - 127;R01 - Rolitera 1;34082,28;34089,82;7,540000000000873;ROLITO EN BOLSAS 2 KG;342;7,540000000000873;2;684
2;5;2024;2024-05-02;rmanera;Alta Producción de Hielo;1023;C02 - Compresor 2 - 127;R01 - Rolitera 1;34089,82;34101,18;11,360000000000582;ROLITO EN BOLSAS 14 KG;69;11,360000000000582;14;966
2;5;2024;2024-05-02;rmanera;Alta Producción de Hielo;1023;C02 - Compresor 2 - 127;R01 - Rolitera 1;34089,82;34101,18;11,360000000000582;ROLITO EN BOLSAS 2 KG;523;11,360000000000582;2;1046
2;5;2024;2024-05-02;rmanera;Alta Producción de Hielo;1023;C02 - Compresor 2 - 127;R01 - Rolitera 1;34089,82;34101,18;11,360000000000582;ROLITO EN BOLSAS 4 KG;37;11,360000000000582;4;148
2;5;2024;2024-05-02;rmanera;Alta Producción de Hielo;1023;C02 - Compresor 2 - 127;R01 - Rolitera 1;34089,82;34101,18;11,360000000000582;ROLITO EN BOLSAS 7 KG;18;11,360000000000582;7;126
3;5;2024;2024-05-03;rmanera;Alta Producción de Hielo;1024;C02 - Compresor 2 - 127;R01 - Rolitera 1;34101,18;34111,94;10,760000000002037;ROLITO EN BOLSAS 14 KG;133;10,760000000002037;14;1862
3;5;2024;2024-05-03;rmanera;Alta Producción de Hielo;1024;C02 - Compresor 2 - 127;R01 - Rolitera 1;34101,18;34111,94;10,760000000002037;ROLITO EN BOLSAS 2 KG;176;10,760000000002037;2;352
4;5;2024;2024-05-04;rmanera;Alta Producción de Hielo;1025;C02 - Compresor 2 - 127;R01 - Rolitera 1;34111,94;34114,49;2,5499999999956344;ROLITO EN BOLSAS 2 KG;39;2,5499999999956344;2;78
7;5;2024;2024-05-07;rmanera;Alta Producción de Hielo;1026;C02 - Compresor 2 - 127;R01 - Rolitera 1;34114,49;34125,77;11,279999999998836;ROLITO EN BOLSAS 14 KG;60;11,279999999998836;14;840
7;5;2024;2024-05-07;rmanera;Alta Producción de Hielo;1026;C02 - Compresor 2 - 127;R01 - Rolitera 1;34114,49;34125,77;11,279999999998836;ROLITO EN BOLSAS 2 KG;679;11,279999999998836;2;1358
7;5;2024;2024-05-07;rmanera;Alta Producción de Hielo;1027;C02 - Compresor 2 - 127;R01 - Rolitera 1;34125,77;34137,06;11,290000000000873;ROLITO EN BOLSAS 14 KG;19;11,290000000000873;14;266
7;5;2024;2024-05-07;rmanera;Alta Producción de Hielo;1027;C02 - Compresor 2 - 127;R01 - Rolitera 1;34125,77;34137,06;11,290000000000873;ROLITO EN BOLSAS 2 KG;802;11,290000000000873;2;1604
7;5;2024;2024-05-07;rmanera;Alta Producción de Hielo;1027;C02 - Compresor 2 - 127;R01 - Rolitera 1;34125,77;34137,06;11,290000000000873;ROLITO EN BOLSAS 4 KG;35;11,290000000000873;4;140
7;5;2024;2024-05-07;rmanera;Alta Producción de Hielo;1027;C02 - Compresor 2 - 127;R01 - Rolitera 1;34125,77;34137,06;11,290000000000873;ROLITO EN BOLSAS 7 KG;16;11,290000000000873;7;112
8;5;2024;2024-05-08;rmanera;Alta Producción de Hielo;1028;C02 - Compresor 2 - 127;R01 - Rolitera 1;34137,06;34146,64;9,580000000001746;ROLITO EN BOLSAS 14 KG;53;9,580000000001746;14;742
8;5;2024;2024-05-08;rmanera;Alta Producción de Hielo;1028;C02 - Compresor 2 - 127;R01 - Rolitera 1;34137,06;34146,64;9,580000000001746;ROLITO EN BOLSAS 2 KG;394;9,580000000001746;2;788
9;5;2024;2024-05-09;rmanera;Alta Producción de Hielo;1029;C02 - Compresor 2 - 127;R01 - Rolitera 1;34146,64;34150,44;3,8000000000029104;ROLITO EN BOLSAS 14 KG;9;3,8000000000029104;14;126
9;5;2024;2024-05-09;rmanera;Alta Producción de Hielo;1029;C02 - Compresor 2 - 127;R01 - Rolitera 1;34146,64;34150,44;3,8000000000029104;ROLITO EN BOLSAS 2 KG;294;3,8000000000029104;2;588
9;5;2024;2024-05-09;rmanera;Alta Producción de Hielo;1030;C02 - Compresor 2 - 127;R01 - Rolitera 1;34150,44;34156,57;6,129999999997381;ROLITO EN BOLSAS 14 KG;48;6,129999999997381;14;672
9;5;2024;2024-05-09;rmanera;Alta Producción de Hielo;1030;C02 - Compresor 2 - 127;R01 - Rolitera 1;34150,44;34156,57;6,129999999997381;ROLITO EN BOLSAS 2 KG;290;6,129999999997381;2;580
10;5;2024;2024-05-10;rmanera;Alta Producción de Hielo;1031;C02 - Compresor 2 - 127;R01 - Rolitera 1;34156,57;34163,73;7,1600000000034925;ROLITO EN BOLSAS 14 KG;93;7,1600000000034925;14;1302
10;5;2024;2024-05-10;rmanera;Alta Producción de Hielo;1031;C02 - Compresor 2 - 127;R01 - Rolitera 1;34156,57;34163,73;7,1600000000034925;ROLITO EN BOLSAS 2 KG;111;7,1600000000034925;2;222
10;5;2024;2024-05-10;rmanera;Alta Producción de Hielo;1032;C02 - Compresor 2 - 127;R01 - Rolitera 1;34163,73;34165,55;1,819999999999709;ROLITO EN BOLSAS 14 KG;25;1,819999999999709;14;350
11;5;2024;2024-05-11;rmanera;Alta Producción de Hielo;1033;C02 - Compresor 2 - 127;R01 - Rolitera 1;34165,55;34168,72;3,1699999999982538;ROLITO EN BOLSAS 14 KG;51;3,1699999999982538;14;714
13;5;2024;2024-05-13;rmanera;Alta Producción de Hielo;1034;C02 - Compresor 2 - 127;R01 - Rolitera 1;34168,72;34171,25;2,529999999998836;ROLITO EN BOLSAS 14 KG;20;2,529999999998836;14;280
13;5;2024;2024-05-13;rmanera;Alta Producción de Hielo;1034;C02 - Compresor 2 - 127;R01 - Rolitera 1;34168,72;34171,25;2,529999999998836;ROLITO EN BOLSAS 2 KG;114;2,529999999998836;2;228
13;5;2024;2024-05-13;rmanera;Alta Producción de Hielo;1035;C02 - Compresor 2 - 127;R01 - Rolitera 1;34171,3;34174,42;3,1199999999953434;ROLITO EN BOLSAS 2 KG;298;3,1199999999953434;2;596
14;5;2024;2024-05-14;rmanera;Alta Producción de Hielo;1036;C02 - Compresor 2 - 127;R01 - Rolitera 1;34174,42;34185,98;11,560000000004948;ROLITO EN BOLSAS 14 KG;74;11,560000000004948;14;1036
14;5;2024;2024-05-14;rmanera;Alta Producción de Hielo;1036;C02 - Compresor 2 - 127;R01 - Rolitera 1;34174,42;34185,98;11,560000000004948;ROLITO EN BOLSAS 2 KG;656;11,560000000004948;2;1312
15;5;2024;2024-05-15;rmanera;Alta Producción de Hielo;1037;C02 - Compresor 2 - 127;R01 - Rolitera 1;34185,98;34189,05;3,069999999999709;ROLITO EN BOLSAS 2 KG;294;3,069999999999709;2;588
15;5;2024;2024-05-15;rmanera;Alta Producción de Hielo;1038;C02 - Compresor 2 - 127;R01 - Rolitera 1;34189,05;34195,22;6,169999999998254;ROLITO EN BOLSAS 14 KG;21;6,169999999998254;14;294
15;5;2024;2024-05-15;rmanera;Alta Producción de Hielo;1038;C02 - Compresor 2 - 127;R01 - Rolitera 1;34189,05;34195,22;6,169999999998254;ROLITO EN BOLSAS 2 KG;355;6,169999999998254;2;710
15;5;2024;2024-05-15;rmanera;Alta Producción de Hielo;1038;C02 - Compresor 2 - 127;R01 - Rolitera 1;34189,05;34195,22;6,169999999998254;ROLITO EN BOLSAS 7 KG;37;6,169999999998254;7;259
16;5;2024;2024-05-16;rmanera;Alta Producción de Hielo;1039;C02 - Compresor 2 - 127;R01 - Rolitera 1;34195,22;34200,5;5,279999999998836;ROLITO EN BOLSAS 14 KG;60;5,279999999998836;14;840
16;5;2024;2024-05-16;rmanera;Alta Producción de Hielo;1039;C02 - Compresor 2 - 127;R01 - Rolitera 1;34195,22;34200,5;5,279999999998836;ROLITO EN BOLSAS 2 KG;60;5,279999999998836;2;120
16;5;2024;2024-05-16;rmanera;Alta Producción de Hielo;1039;C02 - Compresor 2 - 127;R01 - Rolitera 1;34195,22;34200,5;5,279999999998836;ROLITO EN BOLSAS 7 KG;18;5,279999999998836;7;126
17;5;2024;2024-05-17;rmanera;Alta Producción de Hielo;1040;C02 - Compresor 2 - 127;R01 - Rolitera 1;34204,19;34206,09;1,8999999999941792;ROLITO EN BOLSAS 14 KG;26;1,8999999999941792;14;364
17;5;2024;2024-05-17;rmanera;Alta Producción de Hielo;1040;C02 - Compresor 2 - 127;R01 - Rolitera 1;34204,19;34206,09;1,8999999999941792;ROLITO EN BOLSAS 4 KG;2;1,8999999999941792;4;8
18;5;2024;2024-05-18;rmanera;Alta Producción de Hielo;1041;C02 - Compresor 2 - 127;R01 - Rolitera 1;34206,09;34209,21;3,1200000000026193;ROLITO EN BOLSAS 14 KG;50;3,1200000000026193;14;700
20;5;2024;2024-05-20;rmanera;Alta Producción de Hielo;1042;C02 - Compresor 2 - 127;R01 - Rolitera 1;34209,21;34212,91;3,7000000000043656;ROLITO EN BOLSAS 14 KG;30;3,7000000000043656;14;420
20;5;2024;2024-05-20;rmanera;Alta Producción de Hielo;1042;C02 - Compresor 2 - 127;R01 - Rolitera 1;34209,21;34212,91;3,7000000000043656;ROLITO EN BOLSAS 2 KG;178;3,7000000000043656;2;356
20;5;2024;2024-05-20;rmanera;Alta Producción de Hielo;1043;C02 - Compresor 2 - 127;R01 - Rolitera 1;34212,91;34216,52;3,609999999993306;ROLITO EN BOLSAS 2 KG;300;3,609999999993306;2;600
21;5;2024;2024-05-21;rmanera;Alta Producción de Hielo;1044;C02 - Compresor 2 - 127;R01 - Rolitera 1;34216,52;34219,98;3,460000000006403;ROLITO EN BOLSAS 14 KG;38;3,460000000006403;14;532
21;5;2024;2024-05-21;rmanera;Alta Producción de Hielo;1044;C02 - Compresor 2 - 127;R01 - Rolitera 1;34216,52;34219,98;3,460000000006403;ROLITO EN BOLSAS 2 KG;118;3,460000000006403;2;236
21;5;2024;2024-05-21;rmanera;Alta Producción de Hielo;1045;C02 - Compresor 2 - 127;R01 - Rolitera 1;34219,98;34223,68;3,6999999999970896;ROLITO EN BOLSAS 14 KG;10;3,6999999999970896;14;140
21;5;2024;2024-05-21;rmanera;Alta Producción de Hielo;1045;C02 - Compresor 2 - 127;R01 - Rolitera 1;34219,98;34223,68;3,6999999999970896;ROLITO EN BOLSAS 2 KG;300;3,6999999999970896;2;600
22;5;2024;2024-05-22;rmanera;Alta Producción de Hielo;1046;C02 - Compresor 2 - 127;R01 - Rolitera 1;34223,68;34227,47;3,790000000000873;ROLITO EN BOLSAS 2 KG;300;3,790000000000873;2;600
22;5;2024;2024-05-22;rmanera;Alta Producción de Hielo;1047;C02 - Compresor 2 - 127;R01 - Rolitera 1;34227,47;34234,49;7,019999999996799;ROLITO EN BOLSAS 14 KG;63;7,019999999996799;14;882
22;5;2024;2024-05-22;rmanera;Alta Producción de Hielo;1047;C02 - Compresor 2 - 127;R01 - Rolitera 1;34227,47;34234,49;7,019999999996799;ROLITO EN BOLSAS 2 KG;233;7,019999999996799;2;466
22;5;2024;2024-05-22;rmanera;Alta Producción de Hielo;1047;C02 - Compresor 2 - 127;R01 - Rolitera 1;34227,47;34234,49;7,019999999996799;ROLITO EN BOLSAS 4 KG;36;7,019999999996799;4;144
23;5;2024;2024-05-23;rmanera;Alta Producción de Hielo;1048;C02 - Compresor 2 - 127;R01 - Rolitera 1;34234,49;34238,26;3,7700000000040745;ROLITO EN BOLSAS 14 KG;9;3,7700000000040745;14;126
23;5;2024;2024-05-23;rmanera;Alta Producción de Hielo;1048;C02 - Compresor 2 - 127;R01 - Rolitera 1;34234,49;34238,26;3,7700000000040745;ROLITO EN BOLSAS 2 KG;235;3,7700000000040745;2;470
23;5;2024;2024-05-23;rmanera;Alta Producción de Hielo;1048;C02 - Compresor 2 - 127;R01 - Rolitera 1;34234,49;34238,26;3,7700000000040745;ROLITO EN BOLSAS 4 KG;36;3,7700000000040745;4;144
23;5;2024;2024-05-23;rmanera;Alta Producción de Hielo;1049;C02 - Compresor 2 - 127;R01 - Rolitera 1;34238,26;34244,31;6,049999999995634;ROLITO EN BOLSAS 14 KG;35;6,049999999995634;14;490
23;5;2024;2024-05-23;rmanera;Alta Producción de Hielo;1049;C02 - Compresor 2 - 127;R01 - Rolitera 1;34238,26;34244,31;6,049999999995634;ROLITO EN BOLSAS 2 KG;357;6,049999999995634;2;714
24;5;2024;2024-05-24;rmanera;Alta Producción de Hielo;1050;C02 - Compresor 2 - 127;R01 - Rolitera 1;34244,31;34247,01;2,7000000000043656;ROLITO EN BOLSAS 14 KG;11;2,7000000000043656;14;154
24;5;2024;2024-05-24;rmanera;Alta Producción de Hielo;1050;C02 - Compresor 2 - 127;R01 - Rolitera 1;34244,31;34247,01;2,7000000000043656;ROLITO EN BOLSAS 2 KG;169;2,7000000000043656;2;338
24;5;2024;2024-05-24;rmanera;Alta Producción de Hielo;1051;C02 - Compresor 2 - 127;R01 - Rolitera 1;34247,01;34249,42;2,4099999999962165;ROLITO EN BOLSAS 14 KG;10;2,4099999999962165;14;140
24;5;2024;2024-05-24;rmanera;Alta Producción de Hielo;1051;C02 - Compresor 2 - 127;R01 - Rolitera 1;34247,01;34249,42;2,4099999999962165;ROLITO EN BOLSAS 2 KG;179;2,4099999999962165;2;358
25;5;2024;2024-05-25;rmanera;Alta Producción de Hielo;1052;C02 - Compresor 2 - 127;R01 - Rolitera 1;34249,42;34251,9;2,4800000000032014;ROLITO EN BOLSAS 7 KG;71;2,4800000000032014;7;497
27;5;2024;2024-05-27;rmanera;Alta Producción de Hielo;1053;C02 - Compresor 2 - 127;R01 - Rolitera 1;34251,9;34262,82;10,919999999998254;ROLITO EN BOLSAS 14 KG;31;10,919999999998254;14;434
27;5;2024;2024-05-27;rmanera;Alta Producción de Hielo;1053;C02 - Compresor 2 - 127;R01 - Rolitera 1;34251,9;34262,82;10,919999999998254;ROLITO EN BOLSAS 2 KG;711;10,919999999998254;2;1422
27;5;2024;2024-05-27;rmanera;Alta Producción de Hielo;1053;C02 - Compresor 2 - 127;R01 - Rolitera 1;34251,9;34262,82;10,919999999998254;ROLITO EN BOLSAS 4 KG;36;10,919999999998254;4;144
27;5;2024;2024-05-27;rmanera;Alta Producción de Hielo;1053;C02 - Compresor 2 - 127;R01 - Rolitera 1;34251,9;34262,82;10,919999999998254;ROLITO EN BOLSAS 7 KG;18;10,919999999998254;7;126
28;5;2024;2024-05-28;rmanera;Alta Producción de Hielo;1054;C02 - Compresor 2 - 127;R01 - Rolitera 1;34262,82;34273,54;10,720000000001164;ROLITO EN BOLSAS 14 KG;76;10,720000000001164;14;1064
28;5;2024;2024-05-28;rmanera;Alta Producción de Hielo;1054;C02 - Compresor 2 - 127;R01 - Rolitera 1;34262,82;34273,54;10,720000000001164;ROLITO EN BOLSAS 2 KG;355;10,720000000001164;2;710
28;5;2024;2024-05-28;rmanera;Alta Producción de Hielo;1054;C02 - Compresor 2 - 127;R01 - Rolitera 1;34262,82;34273,54;10,720000000001164;ROLITO EN BOLSAS 7 KG;71;10,720000000001164;7;497
16;5;2024;2024-05-16;rmanera;Alta Producción de Hielo;1055;C02 - Compresor 2 - 127;R01 - Rolitera 1;34200,5;34204,19;3,6900000000023283;ROLITO EN BOLSAS 14 KG;19;3,6900000000023283;14;266
16;5;2024;2024-05-16;rmanera;Alta Producción de Hielo;1055;C02 - Compresor 2 - 127;R01 - Rolitera 1;34200,5;34204,19;3,6900000000023283;ROLITO EN BOLSAS 2 KG;179;3,6900000000023283;2;358
16;5;2024;2024-05-16;rmanera;Alta Producción de Hielo;1055;C02 - Compresor 2 - 127;R01 - Rolitera 1;34200,5;34204,19;3,6900000000023283;ROLITO EN BOLSAS 4 KG;37;3,6900000000023283;4;148
1;6;2024;2024-06-01;rmanera;Alta Producción de Hielo;1056;C02 - Compresor 2 - 127;R01 - Rolitera 1;34273,54;34275,45;1,9099999999962165;ROLITO EN BOLSAS 14 KG;10;1,9099999999962165;14;140
1;6;2024;2024-06-01;rmanera;Alta Producción de Hielo;1056;C02 - Compresor 2 - 127;R01 - Rolitera 1;34273,54;34275,45;1,9099999999962165;ROLITO EN BOLSAS 2 KG;117;1,9099999999962165;2;234
1;6;2024;2024-06-01;rmanera;Alta Producción de Hielo;1057;C02 - Compresor 2 - 127;R01 - Rolitera 1;34275,45;34277,36;1,9100000000034925;ROLITO EN BOLSAS 14 KG;22;1,9100000000034925;14;308
1;6;2024;2024-06-01;rmanera;Alta Producción de Hielo;1057;C02 - Compresor 2 - 127;R01 - Rolitera 1;34275,45;34277,36;1,9100000000034925;ROLITO EN BOLSAS 2 KG;55;1,9100000000034925;2;110
1;6;2024;2024-06-01;rmanera;Alta Producción de Hielo;1058;C02 - Compresor 2 - 127;R01 - Rolitera 1;34277,37;34279,18;1,8099999999976717;ROLITO EN BOLSAS 14 KG;20;1,8099999999976717;14;280
1;6;2024;2024-06-01;rmanera;Alta Producción de Hielo;1059;C02 - Compresor 2 - 127;R01 - Rolitera 1;34279,18;34281,72;2,540000000000873;ROLITO EN BOLSAS 2 KG;235;2,540000000000873;2;470
3;6;2024;2024-06-03;rmanera;Alta Producción de Hielo;1060;C02 - Compresor 2 - 127;R01 - Rolitera 1;34281,72;34284,34;2,6199999999953434;ROLITO EN BOLSAS 14 KG;42;2,6199999999953434;14;588
3;6;2024;2024-06-03;rmanera;Alta Producción de Hielo;1061;C02 - Compresor 2 - 127;R01 - Rolitera 1;34284,34;34287,97;3,6300000000046566;ROLITO EN BOLSAS 14 KG;9;3,6300000000046566;14;126
3;6;2024;2024-06-03;rmanera;Alta Producción de Hielo;1061;C02 - Compresor 2 - 127;R01 - Rolitera 1;34284,34;34287,97;3,6300000000046566;ROLITO EN BOLSAS 2 KG;303;3,6300000000046566;2;606
4;6;2024;2024-06-04;rmanera;Alta Producción de Hielo;1062;C02 - Compresor 2 - 127;R01 - Rolitera 1;34287,97;34291,1;3,1299999999973807;ROLITO EN BOLSAS 14 KG;52;3,1299999999973807;14;728
4;6;2024;2024-06-04;rmanera;Alta Producción de Hielo;1063;C02 - Compresor 2 - 127;R01 - Rolitera 1;34291,1;34296,3;5,200000000004366;ROLITO EN BOLSAS 14 KG;65;5,200000000004366;14;910
4;6;2024;2024-06-04;rmanera;Alta Producción de Hielo;1063;C02 - Compresor 2 - 127;R01 - Rolitera 1;34291,1;34296,3;5,200000000004366;ROLITO EN BOLSAS 2 KG;116;5,200000000004366;2;232
5;6;2024;2024-06-05;rmanera;Alta Producción de Hielo;1064;C02 - Compresor 2 - 127;R01 - Rolitera 1;34296,3;34299,46;3,1599999999962165;ROLITO EN BOLSAS 2 KG;296;3,1599999999962165;2;592
5;6;2024;2024-06-05;rmanera;Alta Producción de Hielo;1065;C02 - Compresor 2 - 127;R01 - Rolitera 1;34299,46;34301,34;1,8799999999973807;ROLITO EN BOLSAS 14 KG;32;1,8799999999973807;14;448
6;6;2024;2024-06-06;rmanera;Alta Producción de Hielo;1066;C02 - Compresor 2 - 127;R01 - Rolitera 1;34301,34;34303,94;2,6000000000058208;ROLITO EN BOLSAS 14 KG;40;2,6000000000058208;14;560
6;6;2024;2024-06-06;rmanera;Alta Producción de Hielo;1067;C02 - Compresor 2 - 127;R01 - Rolitera 1;34303,94;34307,77;3,8299999999944703;ROLITO EN BOLSAS 14 KG;30;3,8299999999944703;14;420
6;6;2024;2024-06-06;rmanera;Alta Producción de Hielo;1067;C02 - Compresor 2 - 127;R01 - Rolitera 1;34303,94;34307,77;3,8299999999944703;ROLITO EN BOLSAS 2 KG;57;3,8299999999944703;2;114
6;6;2024;2024-06-06;rmanera;Alta Producción de Hielo;1067;C02 - Compresor 2 - 127;R01 - Rolitera 1;34303,94;34307,77;3,8299999999944703;ROLITO EN BOLSAS 7 KG;34;3,8299999999944703;7;238
7;6;2024;2024-06-07;rmanera;Alta Producción de Hielo;1068;C02 - Compresor 2 - 127;R01 - Rolitera 1;34307,77;34309,19;1,4200000000055297;ROLITO EN BOLSAS 14 KG;19;1,4200000000055297;14;266
10;6;2024;2024-06-10;rmanera;Alta Producción de Hielo;1069;C02 - Compresor 2 - 127;R01 - Rolitera 1;34309,19;34320,61;11,419999999998254;ROLITO EN BOLSAS 14 KG;72;11,419999999998254;14;1008
10;6;2024;2024-06-10;rmanera;Alta Producción de Hielo;1069;C02 - Compresor 2 - 127;R01 - Rolitera 1;34309,19;34320,61;11,419999999998254;ROLITO EN BOLSAS 2 KG;638;11,419999999998254;2;1276
11;6;2024;2024-06-11;rmanera;Alta Producción de Hielo;1070;C02 - Compresor 2 - 127;R01 - Rolitera 1;34320,61;34331,66;11,05000000000291;ROLITO EN BOLSAS 14 KG;135;11,05000000000291;14;1890
11;6;2024;2024-06-11;rmanera;Alta Producción de Hielo;1070;C02 - Compresor 2 - 127;R01 - Rolitera 1;34320,61;34331,66;11,05000000000291;ROLITO EN BOLSAS 2 KG;232;11,05000000000291;2;464
12;6;2024;2024-06-12;rmanera;Alta Producción de Hielo;1071;C02 - Compresor 2 - 127;R01 - Rolitera 1;34331,65;34343,18;11,529999999998836;ROLITO EN BOLSAS 14 KG;89;11,529999999998836;14;1246
12;6;2024;2024-06-12;rmanera;Alta Producción de Hielo;1071;C02 - Compresor 2 - 127;R01 - Rolitera 1;34331,65;34343,18;11,529999999998836;ROLITO EN BOLSAS 2 KG;453;11,529999999998836;2;906
12;6;2024;2024-06-12;rmanera;Alta Producción de Hielo;1071;C02 - Compresor 2 - 127;R01 - Rolitera 1;34331,65;34343,18;11,529999999998836;ROLITO EN BOLSAS 4 KG;35;11,529999999998836;4;140
13;6;2024;2024-06-13;rmanera;Alta Producción de Hielo;1072;C02 - Compresor 2 - 127;R01 - Rolitera 1;34343,52;34354,75;11,230000000003201;ROLITO EN BOLSAS 14 KG;50;11,230000000003201;14;700
13;6;2024;2024-06-13;rmanera;Alta Producción de Hielo;1072;C02 - Compresor 2 - 127;R01 - Rolitera 1;34343,52;34354,75;11,230000000003201;ROLITO EN BOLSAS 2 KG;626;11,230000000003201;2;1252
13;6;2024;2024-06-13;rmanera;Alta Producción de Hielo;1072;C02 - Compresor 2 - 127;R01 - Rolitera 1;34343,52;34354,75;11,230000000003201;ROLITO EN BOLSAS 4 KG;74;11,230000000003201;4;296
14;6;2024;2024-06-14;rmanera;Alta Producción de Hielo;1073;C02 - Compresor 2 - 127;R01 - Rolitera 1;34354,75;34366,85;12,099999999998545;ROLITO EN BOLSAS 14 KG;121;12,099999999998545;14;1694
14;6;2024;2024-06-14;rmanera;Alta Producción de Hielo;1073;C02 - Compresor 2 - 127;R01 - Rolitera 1;34354,75;34366,85;12,099999999998545;ROLITO EN BOLSAS 2 KG;395;12,099999999998545;2;790
15;6;2024;2024-06-15;rmanera;Alta Producción de Hielo;1074;C02 - Compresor 2 - 127;R01 - Rolitera 1;34366,85;34382,42;15,569999999999709;ROLITO EN BOLSAS 14 KG;92;15,569999999999709;14;1288
15;6;2024;2024-06-15;rmanera;Alta Producción de Hielo;1074;C02 - Compresor 2 - 127;R01 - Rolitera 1;34366,85;34382,42;15,569999999999709;ROLITO EN BOLSAS 2 KG;944;15,569999999999709;2;1888
16;6;2024;2024-06-16;rmanera;Alta Producción de Hielo;1075;C02 - Compresor 2 - 127;R01 - Rolitera 1;34382,42;34385,58;3,1600000000034925;ROLITO EN BOLSAS 2 KG;284;3,1600000000034925;2;568
17;6;2024;2024-06-17;rmanera;Alta Producción de Hielo;1076;C02 - Compresor 2 - 127;R01 - Rolitera 1;34385,58;34392,19;6,610000000000582;ROLITO EN BOLSAS 2 KG;631;6,610000000000582;2;1262
18;6;2024;2024-06-18;rmanera;Alta Producción de Hielo;1077;C02 - Compresor 2 - 127;R01 - Rolitera 1;34392,19;34403,79;11,599999999998545;ROLITO EN BOLSAS 14 KG;75;11,599999999998545;14;1050
18;6;2024;2024-06-18;rmanera;Alta Producción de Hielo;1077;C02 - Compresor 2 - 127;R01 - Rolitera 1;34392,19;34403,79;11,599999999998545;ROLITO EN BOLSAS 2 KG;627;11,599999999998545;2;1254
19;6;2024;2024-06-19;rmanera;Alta Producción de Hielo;1078;C02 - Compresor 2 - 127;R01 - Rolitera 1;34403,79;34417,38;13,589999999996508;ROLITO EN BOLSAS 14 KG;113;13,589999999996508;14;1582
19;6;2024;2024-06-19;rmanera;Alta Producción de Hielo;1078;C02 - Compresor 2 - 127;R01 - Rolitera 1;34403,79;34417,38;13,589999999996508;ROLITO EN BOLSAS 2 KG;566;13,589999999996508;2;1132
20;6;2024;2024-06-20;rmanera;Alta Producción de Hielo;1079;C02 - Compresor 2 - 127;R01 - Rolitera 1;34417,38;34424,49;7,110000000000582;ROLITO EN BOLSAS 14 KG;60;7,110000000000582;14;840
20;6;2024;2024-06-20;rmanera;Alta Producción de Hielo;1079;C02 - Compresor 2 - 127;R01 - Rolitera 1;34417,38;34424,49;7,110000000000582;ROLITO EN BOLSAS 2 KG;273;7,110000000000582;2;546
21;6;2024;2024-06-21;rmanera;Alta Producción de Hielo;1080;C02 - Compresor 2 - 127;R01 - Rolitera 1;34424,49;34431,86;7,370000000002619;ROLITO EN BOLSAS 14 KG;70;7,370000000002619;14;980
21;6;2024;2024-06-21;rmanera;Alta Producción de Hielo;1080;C02 - Compresor 2 - 127;R01 - Rolitera 1;34424,49;34431,86;7,370000000002619;ROLITO EN BOLSAS 2 KG;216;7,370000000002619;2;432
22;6;2024;2024-06-22;rmanera;Alta Producción de Hielo;1081;C02 - Compresor 2 - 127;R01 - Rolitera 1;34431,86;34437,74;5,879999999997381;ROLITO EN BOLSAS 14 KG;23;5,879999999997381;14;322
22;6;2024;2024-06-22;rmanera;Alta Producción de Hielo;1081;C02 - Compresor 2 - 127;R01 - Rolitera 1;34431,86;34437,74;5,879999999997381;ROLITO EN BOLSAS 2 KG;384;5,879999999997381;2;768
24;6;2024;2024-06-24;rmanera;Alta Producción de Hielo;1082;C02 - Compresor 2 - 127;R01 - Rolitera 1;34437,74;34449,02;11,279999999998836;ROLITO EN BOLSAS 14 KG;49;11,279999999998836;14;686
24;6;2024;2024-06-24;rmanera;Alta Producción de Hielo;1082;C02 - Compresor 2 - 127;R01 - Rolitera 1;34437,74;34449,02;11,279999999998836;ROLITO EN BOLSAS 2 KG;800;11,279999999998836;2;1600
25;6;2024;2024-06-25;rmanera;Alta Producción de Hielo;1083;C02 - Compresor 2 - 127;R01 - Rolitera 1;34449,02;34452,69;3,6700000000055297;ROLITO EN BOLSAS 14 KG;10;3,6700000000055297;14;140
25;6;2024;2024-06-25;rmanera;Alta Producción de Hielo;1083;C02 - Compresor 2 - 127;R01 - Rolitera 1;34449,02;34452,69;3,6700000000055297;ROLITO EN BOLSAS 2 KG;291;3,6700000000055297;2;582
26;6;2024;2024-06-26;rmanera;Alta Producción de Hielo;1084;C02 - Compresor 2 - 127;R01 - Rolitera 1;34452,69;34456,37;3,680000000000291;ROLITO EN BOLSAS 14 KG;9;3,680000000000291;14;126
26;6;2024;2024-06-26;rmanera;Alta Producción de Hielo;1084;C02 - Compresor 2 - 127;R01 - Rolitera 1;34452,69;34456,37;3,680000000000291;ROLITO EN BOLSAS 2 KG;300;3,680000000000291;2;600
26;6;2024;2024-06-26;rmanera;Alta Producción de Hielo;1085;C02 - Compresor 2 - 127;R01 - Rolitera 1;34456,37;34461,19;4,819999999999709;ROLITO EN BOLSAS 14 KG;30;4,819999999999709;14;420
26;6;2024;2024-06-26;rmanera;Alta Producción de Hielo;1085;C02 - Compresor 2 - 127;R01 - Rolitera 1;34456,37;34461,19;4,819999999999709;ROLITO EN BOLSAS 2 KG;235;4,819999999999709;2;470
26;6;2024;2024-06-26;rmanera;Alta Producción de Hielo;1085;C02 - Compresor 2 - 127;R01 - Rolitera 1;34456,37;34461,19;4,819999999999709;ROLITO EN BOLSAS 4 KG;33;4,819999999999709;4;132
27;6;2024;2024-06-27;rmanera;Alta Producción de Hielo;1086;C02 - Compresor 2 - 127;R01 - Rolitera 1;34461,19;34464,27;3,0799999999944703;ROLITO EN BOLSAS 14 KG;49;3,0799999999944703;14;686
27;6;2024;2024-06-27;rmanera;Alta Producción de Hielo;1087;C02 - Compresor 2 - 127;R01 - Rolitera 1;34464,27;34470,59;6,319999999999709;ROLITO EN BOLSAS 14 KG;85;6,319999999999709;14;1190
27;6;2024;2024-06-27;rmanera;Alta Producción de Hielo;1087;C02 - Compresor 2 - 127;R01 - Rolitera 1;34464,27;34470,59;6,319999999999709;ROLITO EN BOLSAS 2 KG;114;6,319999999999709;2;228
28;6;2024;2024-06-28;rmanera;Alta Producción de Hielo;1088;C02 - Compresor 2 - 127;R01 - Rolitera 1;34470,59;34474,26;3,6700000000055297;ROLITO EN BOLSAS 14 KG;61;3,6700000000055297;14;854
28;6;2024;2024-06-28;rmanera;Alta Producción de Hielo;1089;C02 - Compresor 2 - 127;R01 - Rolitera 1;34474,26;34478,47;4,209999999999127;ROLITO EN BOLSAS 14 KG;40;4,209999999999127;14;560
28;6;2024;2024-06-28;rmanera;Alta Producción de Hielo;1089;C02 - Compresor 2 - 127;R01 - Rolitera 1;34474,26;34478,47;4,209999999999127;ROLITO EN BOLSAS 2 KG;174;4,209999999999127;2;348
1;7;2024;2024-07-01;rmanera;Alta Producción de Hielo;1090;C02 - Compresor 2 - 127;R01 - Rolitera 1;34478,47;34483,92;5,44999999999709;ROLITO EN BOLSAS 14 KG;52;5,44999999999709;14;728
1;7;2024;2024-07-01;rmanera;Alta Producción de Hielo;1090;C02 - Compresor 2 - 127;R01 - Rolitera 1;34478,47;34483,92;5,44999999999709;ROLITO EN BOLSAS 2 KG;239;5,44999999999709;2;478
2;7;2024;2024-07-02;rmanera;Alta Producción de Hielo;1091;C02 - Compresor 2 - 127;R01 - Rolitera 1;34483,92;34488,2;4,279999999998836;ROLITO EN BOLSAS 14 KG;41;4,279999999998836;14;574
2;7;2024;2024-07-02;rmanera;Alta Producción de Hielo;1091;C02 - Compresor 2 - 127;R01 - Rolitera 1;34483,92;34488,2;4,279999999998836;ROLITO EN BOLSAS 2 KG;179;4,279999999998836;2;358
3;7;2024;2024-07-03;rmanera;Alta Producción de Hielo;1092;C02 - Compresor 2 - 127;R01 - Rolitera 1;34488,2;34490,63;2,430000000000291;ROLITO EN BOLSAS 2 KG;230;2,430000000000291;2;460
3;7;2024;2024-07-03;rmanera;Alta Producción de Hielo;1093;C02 - Compresor 2 - 127;R01 - Rolitera 1;34490,63;34495,44;4,810000000004948;ROLITO EN BOLSAS 14 KG;79;4,810000000004948;14;1106
4;7;2024;2024-07-04;rmanera;Alta Producción de Hielo;1094;C02 - Compresor 2 - 127;R01 - Rolitera 1;34495,44;34498,4;2,959999999999127;ROLITO EN BOLSAS 2 KG;305;2,959999999999127;2;610
4;7;2024;2024-07-04;rmanera;Alta Producción de Hielo;1095;C02 - Compresor 2 - 127;R01 - Rolitera 1;34498,4;34500,63;2,2299999999959255;ROLITO EN BOLSAS 14 KG;10;2,2299999999959255;14;140
4;7;2024;2024-07-04;rmanera;Alta Producción de Hielo;1095;C02 - Compresor 2 - 127;R01 - Rolitera 1;34498,4;34500,63;2,2299999999959255;ROLITO EN BOLSAS 2 KG;182;2,2299999999959255;2;364
5;7;2024;2024-07-05;rmanera;Alta Producción de Hielo;1096;C02 - Compresor 2 - 127;R01 - Rolitera 1;34500,63;34503,46;2,8300000000017462;ROLITO EN BOLSAS 14 KG;20;2,8300000000017462;14;280
5;7;2024;2024-07-05;rmanera;Alta Producción de Hielo;1096;C02 - Compresor 2 - 127;R01 - Rolitera 1;34500,63;34503,46;2,8300000000017462;ROLITO EN BOLSAS 2 KG;171;2,8300000000017462;2;342
8;7;2024;2024-07-08;rmanera;Alta Producción de Hielo;1097;C02 - Compresor 2 - 127;R01 - Rolitera 1;34503,46;34509,47;6,010000000002037;ROLITO EN BOLSAS 14 KG;52;6,010000000002037;14;728
8;7;2024;2024-07-08;rmanera;Alta Producción de Hielo;1097;C02 - Compresor 2 - 127;R01 - Rolitera 1;34503,46;34509,47;6,010000000002037;ROLITO EN BOLSAS 2 KG;292;6,010000000002037;2;584
10;7;2024;2024-07-10;rmanera;Alta Producción de Hielo;1098;C02 - Compresor 2 - 127;R01 - Rolitera 1;34509,4;34512,75;3,349999999998545;ROLITO EN BOLSAS 14 KG;21;3,349999999998545;14;294
10;7;2024;2024-07-10;rmanera;Alta Producción de Hielo;1098;C02 - Compresor 2 - 127;R01 - Rolitera 1;34509,4;34512,75;3,349999999998545;ROLITO EN BOLSAS 2 KG;242;3,349999999998545;2;484
10;7;2024;2024-07-10;rmanera;Alta Producción de Hielo;1099;C02 - Compresor 2 - 127;R01 - Rolitera 1;34512,75;34517,14;4,389999999999418;ROLITO EN BOLSAS 14 KG;31;4,389999999999418;14;434
10;7;2024;2024-07-10;rmanera;Alta Producción de Hielo;1099;C02 - Compresor 2 - 127;R01 - Rolitera 1;34512,75;34517,14;4,389999999999418;ROLITO EN BOLSAS 2 KG;244;4,389999999999418;2;488
10;7;2024;2024-07-10;rmanera;Alta Producción de Hielo;1099;C02 - Compresor 2 - 127;R01 - Rolitera 1;34512,75;34517,14;4,389999999999418;ROLITO EN BOLSAS 4 KG;35;4,389999999999418;4;140
12;7;2024;2024-07-12;rmanera;Alta Producción de Hielo;1100;C02 - Compresor 2 - 127;R01 - Rolitera 1;34520,46;34524,83;4,370000000002619;ROLITO EN BOLSAS 14 KG;30;4,370000000002619;14;420
12;7;2024;2024-07-12;rmanera;Alta Producción de Hielo;1100;C02 - Compresor 2 - 127;R01 - Rolitera 1;34520,46;34524,83;4,370000000002619;ROLITO EN BOLSAS 2 KG;295;4,370000000002619;2;590
13;7;2024;2024-07-13;rmanera;Alta Producción de Hielo;1101;C02 - Compresor 2 - 127;R01 - Rolitera 1;34524,83;34528,15;3,319999999999709;ROLITO EN BOLSAS 14 KG;21;3,319999999999709;14;294
13;7;2024;2024-07-13;rmanera;Alta Producción de Hielo;1101;C02 - Compresor 2 - 127;R01 - Rolitera 1;34524,83;34528,15;3,319999999999709;ROLITO EN BOLSAS 2 KG;171;3,319999999999709;2;342
15;7;2024;2024-07-15;rmanera;Alta Producción de Hielo;1102;C02 - Compresor 2 - 127;R01 - Rolitera 1;34528,15;34539,78;11,62999999999738;ROLITO EN BOLSAS 14 KG;119;11,62999999999738;14;1666
15;7;2024;2024-07-15;rmanera;Alta Producción de Hielo;1102;C02 - Compresor 2 - 127;R01 - Rolitera 1;34528,15;34539,78;11,62999999999738;ROLITO EN BOLSAS 2 KG;520;11,62999999999738;2;1040
11;7;2024;2024-07-11;rmanera;Alta Producción de Hielo;1103;C02 - Compresor 2 - 127;R01 - Rolitera 1;34517,14;34520,46;3,319999999999709;ROLITO EN BOLSAS 14 KG;31;3,319999999999709;14;434
11;7;2024;2024-07-11;rmanera;Alta Producción de Hielo;1103;C02 - Compresor 2 - 127;R01 - Rolitera 1;34517,14;34520,46;3,319999999999709;ROLITO EN BOLSAS 2 KG;177;3,319999999999709;2;354
16;7;2024;2024-07-16;rmanera;Alta Producción de Hielo;1104;C02 - Compresor 2 - 127;R01 - Rolitera 1;34539,78;34550,35;10,569999999999709;ROLITO EN BOLSAS 14 KG;90;10,569999999999709;14;1260
16;7;2024;2024-07-16;rmanera;Alta Producción de Hielo;1104;C02 - Compresor 2 - 127;R01 - Rolitera 1;34539,78;34550,35;10,569999999999709;ROLITO EN BOLSAS 2 KG;585;10,569999999999709;2;1170
18;7;2024;2024-07-18;rmanera;Alta Producción de Hielo;1105;C02 - Compresor 2 - 127;R01 - Rolitera 1;34550,69;34561,96;11,269999999996799;ROLITO EN BOLSAS 14 KG;70;11,269999999996799;14;980
18;7;2024;2024-07-18;rmanera;Alta Producción de Hielo;1105;C02 - Compresor 2 - 127;R01 - Rolitera 1;34550,69;34561,96;11,269999999996799;ROLITO EN BOLSAS 2 KG;747;11,269999999996799;2;1494
18;7;2024;2024-07-18;rmanera;Alta Producción de Hielo;1106;C02 - Compresor 2 - 127;R01 - Rolitera 1;34561,46;34570,24;8,779999999998836;ROLITO EN BOLSAS 14 KG;82;8,779999999998836;14;1148
18;7;2024;2024-07-18;rmanera;Alta Producción de Hielo;1106;C02 - Compresor 2 - 127;R01 - Rolitera 1;34561,46;34570,24;8,779999999998836;ROLITO EN BOLSAS 2 KG;234;8,779999999998836;2;468
18;7;2024;2024-07-18;rmanera;Alta Producción de Hielo;1107;C02 - Compresor 2 - 127;R01 - Rolitera 1;34570,24;34572,99;2,75;ROLITO EN BOLSAS 14 KG;41;2,75;14;574
19;7;2024;2024-07-19;rmanera;Alta Producción de Hielo;1108;C02 - Compresor 2 - 127;R01 - Rolitera 1;34572,99;34573,67;0,680000000000291;ROLITO EN BOLSAS 14 KG;8;0,680000000000291;14;112
19;7;2024;2024-07-19;rmanera;Alta Producción de Hielo;1109;C02 - Compresor 2 - 127;R01 - Rolitera 1;34573,67;34577,06;3,389999999999418;ROLITO EN BOLSAS 14 KG;53;3,389999999999418;14;742
20;7;2024;2024-07-20;rmanera;Alta Producción de Hielo;1110;C02 - Compresor 2 - 127;R01 - Rolitera 1;34577,06;34581,66;4,600000000005821;ROLITO EN BOLSAS 14 KG;73;4,600000000005821;14;1022
22;7;2024;2024-07-22;rmanera;Alta Producción de Hielo;1111;C02 - Compresor 2 - 127;R01 - Rolitera 1;34581,66;34586,24;4,57999999999447;ROLITO EN BOLSAS 14 KG;10;4,57999999999447;14;140
22;7;2024;2024-07-22;rmanera;Alta Producción de Hielo;1111;C02 - Compresor 2 - 127;R01 - Rolitera 1;34581,66;34586,24;4,57999999999447;ROLITO EN BOLSAS 2 KG;420;4,57999999999447;2;840
22;7;2024;2024-07-22;rmanera;Alta Producción de Hielo;1112;C02 - Compresor 2 - 127;R01 - Rolitera 1;34586,24;34589,58;3,3400000000037835;ROLITO EN BOLSAS 14 KG;32;3,3400000000037835;14;448
22;7;2024;2024-07-22;rmanera;Alta Producción de Hielo;1112;C02 - Compresor 2 - 127;R01 - Rolitera 1;34586,24;34589,58;3,3400000000037835;ROLITO EN BOLSAS 2 KG;118;3,3400000000037835;2;236
22;7;2024;2024-07-22;rmanera;Alta Producción de Hielo;1112;C02 - Compresor 2 - 127;R01 - Rolitera 1;34586,24;34589,58;3,3400000000037835;ROLITO EN BOLSAS 4 KG;35;3,3400000000037835;4;140
23;7;2024;2024-07-23;rmanera;Alta Producción de Hielo;1113;C02 - Compresor 2 - 127;R01 - Rolitera 1;34589,58;3459354,0;3424764,42;ROLITO EN BOLSAS 14 KG;61;4,279999999998836;14;854
23;7;2024;2024-07-23;rmanera;Alta Producción de Hielo;1113;C02 - Compresor 2 - 127;R01 - Rolitera 1;34589,58;3459354,0;3424764,42;ROLITO EN BOLSAS 4 KG;35;4,279999999998836;4;140
24;7;2024;2024-07-24;rmanera;Alta Producción de Hielo;1114;C02 - Compresor 2 - 127;R01 - Rolitera 1;34593,51;34596,97;3,459999999999127;ROLITO EN BOLSAS 14 KG;49;3,459999999999127;14;686
24;7;2024;2024-07-24;rmanera;Alta Producción de Hielo;1114;C02 - Compresor 2 - 127;R01 - Rolitera 1;34593,51;34596,97;3,459999999999127;ROLITO EN BOLSAS 2 KG;57;3,459999999999127;2;114
24;7;2024;2024-07-24;rmanera;Alta Producción de Hielo;1115;C02 - Compresor 2 - 127;R01 - Rolitera 1;34596,97;34600,33;3,360000000000582;ROLITO EN BOLSAS 14 KG;20;3,360000000000582;14;280
24;7;2024;2024-07-24;rmanera;Alta Producción de Hielo;1115;C02 - Compresor 2 - 127;R01 - Rolitera 1;34596,97;34600,33;3,360000000000582;ROLITO EN BOLSAS 2 KG;174;3,360000000000582;2;348
26;7;2024;2024-07-26;rmanera;Alta Producción de Hielo;1116;C04 - Compresor 4 - 127;R01 - Rolitera 1;34600,39;34603,31;2,9199999999982538;ROLITO EN BOLSAS 14 KG;20;2,9199999999982538;14;280
26;7;2024;2024-07-26;rmanera;Alta Producción de Hielo;1116;C04 - Compresor 4 - 127;R01 - Rolitera 1;34600,39;34603,31;2,9199999999982538;ROLITO EN BOLSAS 2 KG;174;2,9199999999982538;2;348
26;7;2024;2024-07-26;rmanera;Alta Producción de Hielo;1117;C02 - Compresor 2 - 127;R01 - Rolitera 1;34603,31;34607,3;3,9900000000052387;ROLITO EN BOLSAS 14 KG;30;3,9900000000052387;14;420
26;7;2024;2024-07-26;rmanera;Alta Producción de Hielo;1117;C02 - Compresor 2 - 127;R01 - Rolitera 1;34603,31;34607,3;3,9900000000052387;ROLITO EN BOLSAS 2 KG;232;3,9900000000052387;2;464
27;7;2024;2024-07-27;rmanera;Alta Producción de Hielo;1118;C02 - Compresor 2 - 127;R01 - Rolitera 1;34607,3;34611,35;4,049999999995634;ROLITO EN BOLSAS 14 KG;20;4,049999999995634;14;280
27;7;2024;2024-07-27;rmanera;Alta Producción de Hielo;1118;C02 - Compresor 2 - 127;R01 - Rolitera 1;34607,3;34611,35;4,049999999995634;ROLITO EN BOLSAS 2 KG;287;4,049999999995634;2;574
3;8;2024;2024-08-03;rmanera;Alta Producción de Hielo;1119;C02 - Compresor 2 - 127;R01 - Rolitera 1;34611,35;34614,78;3,430000000000291;ROLITO EN BOLSAS 2 KG;349;3,430000000000291;2;698
29;7;2024;2024-07-29;rmanera;Alta Producción de Hielo;1120;C02 - Compresor 2 - 127;R01 - Rolitera 1;34614,79;34617,7;2,9099999999962165;ROLITO EN BOLSAS 14 KG;10;2,9099999999962165;14;140
29;7;2024;2024-07-29;rmanera;Alta Producción de Hielo;1120;C02 - Compresor 2 - 127;R01 - Rolitera 1;34614,79;34617,7;2,9099999999962165;ROLITO EN BOLSAS 2 KG;229;2,9099999999962165;2;458
30;7;2024;2024-07-30;rmanera;Alta Producción de Hielo;1121;C02 - Compresor 2 - 127;R01 - Rolitera 1;34617,7;34621,04;3,3400000000037835;ROLITO EN BOLSAS 14 KG;20;3,3400000000037835;14;280
30;7;2024;2024-07-30;rmanera;Alta Producción de Hielo;1121;C02 - Compresor 2 - 127;R01 - Rolitera 1;34617,7;34621,04;3,3400000000037835;ROLITO EN BOLSAS 2 KG;235;3,3400000000037835;2;470
30;7;2024;2024-07-30;rmanera;Alta Producción de Hielo;1122;C02 - Compresor 2 - 127;R01 - Rolitera 1;34621,04;34624,91;3,8700000000026193;ROLITO EN BOLSAS 14 KG;58;3,8700000000026193;14;812
31;7;2024;2024-07-31;rmanera;Alta Producción de Hielo;1123;C02 - Compresor 2 - 127;R01 - Rolitera 1;34624,91;34629,92;5,009999999994761;ROLITO EN BOLSAS 14 KG;46;5,009999999994761;14;644
31;7;2024;2024-07-31;rmanera;Alta Producción de Hielo;1123;C02 - Compresor 2 - 127;R01 - Rolitera 1;34624,91;34629,92;5,009999999994761;ROLITO EN BOLSAS 2 KG;230;5,009999999994761;2;460
1;8;2024;2024-08-01;rmanera;Alta Producción de Hielo;1124;C02 - Compresor 2 - 127;R01 - Rolitera 1;34632,38;34636,33;3,9500000000043656;ROLITO EN BOLSAS 2 KG;335;3,9500000000043656;2;670
2;8;2024;2024-08-02;rmanera;Alta Producción de Hielo;1125;C02 - Compresor 2 - 127;R01 - Rolitera 1;34636,33;34639,38;3,0499999999956344;ROLITO EN BOLSAS 14 KG;18;3,0499999999956344;14;252
2;8;2024;2024-08-02;rmanera;Alta Producción de Hielo;1125;C02 - Compresor 2 - 127;R01 - Rolitera 1;34636,33;34639,38;3,0499999999956344;ROLITO EN BOLSAS 2 KG;153;3,0499999999956344;2;306
2;8;2024;2024-08-02;rmanera;Alta Producción de Hielo;1126;C02 - Compresor 2 - 127;R01 - Rolitera 1;34639,99;34643,37;3,3800000000046566;ROLITO EN BOLSAS 14 KG;10;3,3800000000046566;14;140
2;8;2024;2024-08-02;rmanera;Alta Producción de Hielo;1126;C02 - Compresor 2 - 127;R01 - Rolitera 1;34639,99;34643,37;3,3800000000046566;ROLITO EN BOLSAS 2 KG;273;3,3800000000046566;2;546
3;8;2024;2024-08-03;rmanera;Alta Producción de Hielo;1127;C02 - Compresor 2 - 127;R01 - Rolitera 1;34643,57;34648,46;4,889999999999418;ROLITO EN BOLSAS 2 KG;464;4,889999999999418;2;928
5;8;2024;2024-08-05;rmanera;Alta Producción de Hielo;1128;C02 - Compresor 2 - 127;R01 - Rolitera 1;34649,64;34656,38;6,739999999997963;ROLITO EN BOLSAS 14 KG;27;6,739999999997963;14;378
5;8;2024;2024-08-05;rmanera;Alta Producción de Hielo;1128;C02 - Compresor 2 - 127;R01 - Rolitera 1;34649,64;34656,38;6,739999999997963;ROLITO EN BOLSAS 2 KG;448;6,739999999997963;2;896
5;8;2024;2024-08-05;rmanera;Alta Producción de Hielo;1129;C02 - Compresor 2 - 127;R01 - Rolitera 1;34656,38;34659,71;3,3300000000017462;ROLITO EN BOLSAS 14 KG;29;3,3300000000017462;14;406
5;8;2024;2024-08-05;rmanera;Alta Producción de Hielo;1129;C02 - Compresor 2 - 127;R01 - Rolitera 1;34656,38;34659,71;3,3300000000017462;ROLITO EN BOLSAS 2 KG;116;3,3300000000017462;2;232
5;8;2024;2024-08-05;rmanera;Alta Producción de Hielo;1130;C04 - Compresor 4 - 127;R01 - Rolitera 1;2963,54;2964,92;1,3800000000001091;ROLITO EN BOLSAS 14 KG;9;1,3800000000001091;14;126
5;8;2024;2024-08-05;rmanera;Alta Producción de Hielo;1130;C04 - Compresor 4 - 127;R01 - Rolitera 1;2963,54;2964,92;1,3800000000001091;ROLITO EN BOLSAS 2 KG;111;1,3800000000001091;2;222
5;8;2024;2024-08-05;rmanera;Alta Producción de Hielo;1131;C04 - Compresor 4 - 127;R02 - Rolitera 2;0,0;0,0;0,0;ROLITO EN BOLSAS 14 KG;9;0,0;14;126
6;8;2024;2024-08-06;rmanera;Alta Producción de Hielo;1132;C02 - Compresor 2 - 127;R01 - Rolitera 1;34659,74;34671,12;11,380000000004657;ROLITO EN BOLSAS 14 KG;70;11,380000000004657;14;980
6;8;2024;2024-08-06;rmanera;Alta Producción de Hielo;1132;C02 - Compresor 2 - 127;R01 - Rolitera 1;34659,74;34671,12;11,380000000004657;ROLITO EN BOLSAS 2 KG;684;11,380000000004657;2;1368
6;8;2024;2024-08-06;rmanera;Alta Producción de Hielo;1132;C02 - Compresor 2 - 127;R01 - Rolitera 1;34659,74;34671,12;11,380000000004657;ROLITO EN BOLSAS 4 KG;34;11,380000000004657;4;136
9;8;2024;2024-08-09;rmanera;Alta Producción de Hielo;1133;C02 - Compresor 2 - 127;R01 - Rolitera 1;34629,96;34632,88;2,9199999999982538;ROLITO EN BOLSAS 14 KG;29;2,9199999999982538;14;406
9;8;2024;2024-08-09;rmanera;Alta Producción de Hielo;1133;C02 - Compresor 2 - 127;R01 - Rolitera 1;34629,96;34632,88;2,9199999999982538;ROLITO EN BOLSAS 2 KG;108;2,9199999999982538;2;216
9;8;2024;2024-08-09;rmanera;Alta Producción de Hielo;1134;C02 - Compresor 2 - 127;R01 - Rolitera 1;34671,12;34680,03;8,909999999996217;ROLITO EN BOLSAS 14 KG;89;8,909999999996217;14;1246
9;8;2024;2024-08-09;rmanera;Alta Producción de Hielo;1134;C02 - Compresor 2 - 127;R01 - Rolitera 1;34671,12;34680,03;8,909999999996217;ROLITO EN BOLSAS 2 KG;392;8,909999999996217;2;784
9;8;2024;2024-08-09;rmanera;Alta Producción de Hielo;1135;C02 - Compresor 2 - 127;R01 - Rolitera 1;34680,03;34691,34;11,309999999997672;ROLITO EN BOLSAS 14 KG;61;11,309999999997672;14;854
9;8;2024;2024-08-09;rmanera;Alta Producción de Hielo;1135;C02 - Compresor 2 - 127;R01 - Rolitera 1;34680,03;34691,34;11,309999999997672;ROLITO EN BOLSAS 2 KG;766;11,309999999997672;2;1532
9;8;2024;2024-08-09;rmanera;Alta Producción de Hielo;1135;C02 - Compresor 2 - 127;R01 - Rolitera 1;34680,03;34691,34;11,309999999997672;ROLITO EN BOLSAS 4 KG;36;11,309999999997672;4;144
9;8;2024;2024-08-09;rmanera;Alta Producción de Hielo;1136;C02 - Compresor 2 - 127;R01 - Rolitera 1;34691,37;34700,38;9,009999999994761;ROLITO EN BOLSAS 14 KG;124;9,009999999994761;14;1736
9;8;2024;2024-08-09;rmanera;Alta Producción de Hielo;1136;C02 - Compresor 2 - 127;R01 - Rolitera 1;34691,37;34700,38;9,009999999994761;ROLITO EN BOLSAS 2 KG;181;9,009999999994761;2;362
10;8;2024;2024-08-10;rmanera;Alta Producción de Hielo;1137;C02 - Compresor 2 - 127;R01 - Rolitera 1;34700,38;34704,37;3,9900000000052387;ROLITO EN BOLSAS 2 KG;410;3,9900000000052387;2;820
12;8;2024;2024-08-12;rmanera;Alta Producción de Hielo;1138;C02 - Compresor 2 - 127;R01 - Rolitera 1;34704,87;34706,79;1,9199999999982538;ROLITO EN BOLSAS 2 KG;235;1,9199999999982538;2;470
12;8;2024;2024-08-12;rmanera;Alta Producción de Hielo;1139;C02 - Compresor 2 - 127;R01 - Rolitera 1;34706,79;34714,28;7,489999999997963;ROLITO EN BOLSAS 14 KG;93;7,489999999997963;14;1302
12;8;2024;2024-08-12;rmanera;Alta Producción de Hielo;1139;C02 - Compresor 2 - 127;R01 - Rolitera 1;34706,79;34714,28;7,489999999997963;ROLITO EN BOLSAS 2 KG;177;7,489999999997963;2;354
13;8;2024;2024-08-13;rmanera;Alta Producción de Hielo;1140;C04 - Compresor 4 - 127;R01 - Rolitera 1;2964,92;2964,92;0,0;ROLITO EN BOLSAS 14 KG;18;5,509999999999991;14;252
13;8;2024;2024-08-13;rmanera;Alta Producción de Hielo;1141;C04 - Compresor 4 - 127;R02 - Rolitera 2;0,0;0,0;0,0;ROLITO EN BOLSAS 2 KG;133;0,0;2;266
13;8;2024;2024-08-13;rmanera;Alta Producción de Hielo;1142;C02 - Compresor 2 - 127;R01 - Rolitera 1;34714,29;34725,5;11,209999999999127;ROLITO EN BOLSAS 14 KG;119;11,209999999999127;14;1666
13;8;2024;2024-08-13;rmanera;Alta Producción de Hielo;1142;C02 - Compresor 2 - 127;R01 - Rolitera 1;34714,29;34725,5;11,209999999999127;ROLITO EN BOLSAS 2 KG;413;11,209999999999127;2;826
14;8;2024;2024-08-14;rmanera;Alta Producción de Hielo;1143;C02 - Compresor 2 - 127;R01 - Rolitera 1;34725,5;34736,76;11,260000000002037;ROLITO EN BOLSAS 14 KG;99;11,260000000002037;14;1386
14;8;2024;2024-08-14;rmanera;Alta Producción de Hielo;1143;C02 - Compresor 2 - 127;R01 - Rolitera 1;34725,5;34736,76;11,260000000002037;ROLITO EN BOLSAS 2 KG;605;11,260000000002037;2;1210
15;8;2024;2024-08-15;rmanera;Alta Producción de Hielo;1144;C02 - Compresor 2 - 127;R01 - Rolitera 1;34736,6;34739,11;2,5100000000020373;ROLITO EN BOLSAS 14 KG;38;2,5100000000020373;14;532
15;8;2024;2024-08-15;rmanera;Alta Producción de Hielo;1145;C02 - Compresor 2 - 127;R01 - Rolitera 1;34739,11;34745,9;6,790000000000873;ROLITO EN BOLSAS 14 KG;92;6,790000000000873;14;1288
15;8;2024;2024-08-15;rmanera;Alta Producción de Hielo;1145;C02 - Compresor 2 - 127;R01 - Rolitera 1;34739,11;34745,9;6,790000000000873;ROLITO EN BOLSAS 2 KG;115;6,790000000000873;2;230
16;8;2024;2024-08-16;rmanera;Alta Producción de Hielo;1146;C02 - Compresor 2 - 127;R01 - Rolitera 1;34753,34;34757,38;4,040000000000873;ROLITO EN BOLSAS 2 KG;346;4,040000000000873;2;692
16;8;2024;2024-08-16;rmanera;Alta Producción de Hielo;1147;C02 - Compresor 2 - 127;R01 - Rolitera 1;34745,9;34753,34;7,439999999995052;ROLITO EN BOLSAS 14 KG;93;7,439999999995052;14;1302
16;8;2024;2024-08-16;rmanera;Alta Producción de Hielo;1147;C02 - Compresor 2 - 127;R01 - Rolitera 1;34745,9;34753,34;7,439999999995052;ROLITO EN BOLSAS 2 KG;170;7,439999999995052;2;340
19;8;2024;2024-08-19;rmanera;Alta Producción de Hielo;1148;C04 - Compresor 4 - 127;R01 - Rolitera 1;2966,25;2971,7;5,449999999999818;ROLITO EN BOLSAS 14 KG;39;5,449999999999818;14;546
19;8;2024;2024-08-19;rmanera;Alta Producción de Hielo;1148;C04 - Compresor 4 - 127;R01 - Rolitera 1;2966,25;2971,7;5,449999999999818;ROLITO EN BOLSAS 2 KG;339;5,449999999999818;2;678
19;8;2024;2024-08-19;rmanera;Alta Producción de Hielo;1149;C04 - Compresor 4 - 127;R02 - Rolitera 2;0,0;0,0;0,0;ROLITO EN BOLSAS 2 KG;402;0,0;2;804
19;8;2024;2024-08-19;rmanera;Alta Producción de Hielo;1150;C02 - Compresor 2 - 127;R01 - Rolitera 1;34757,38;34762,98;5,600000000005821;ROLITO EN BOLSAS 14 KG;52;5,600000000005821;14;728
19;8;2024;2024-08-19;rmanera;Alta Producción de Hielo;1150;C02 - Compresor 2 - 127;R01 - Rolitera 1;34757,38;34762,98;5,600000000005821;ROLITO EN BOLSAS 2 KG;107;5,600000000005821;2;214
19;8;2024;2024-08-19;rmanera;Alta Producción de Hielo;1150;C02 - Compresor 2 - 127;R01 - Rolitera 1;34757,38;34762,98;5,600000000005821;ROLITO EN BOLSAS 4 KG;72;5,600000000005821;4;288
20;8;2024;2024-08-20;rmanera;Alta Producción de Hielo;1151;C02 - Compresor 2 - 127;R01 - Rolitera 1;34763,37;34774,32;10,94999999999709;ROLITO EN BOLSAS 14 KG;21;10,94999999999709;14;294
20;8;2024;2024-08-20;rmanera;Alta Producción de Hielo;1151;C02 - Compresor 2 - 127;R01 - Rolitera 1;34763,37;34774,32;10,94999999999709;ROLITO EN BOLSAS 2 KG;1018;10,94999999999709;2;2036
22;8;2024;2024-08-22;rmanera;Alta Producción de Hielo;1152;C02 - Compresor 2 - 127;R01 - Rolitera 1;34774,32;34785,64;11,319999999999709;ROLITO EN BOLSAS 14 KG;92;11,319999999999709;14;1288
22;8;2024;2024-08-22;rmanera;Alta Producción de Hielo;1152;C02 - Compresor 2 - 127;R01 - Rolitera 1;34774,32;34785,64;11,319999999999709;ROLITO EN BOLSAS 2 KG;634;11,319999999999709;2;1268
22;8;2024;2024-08-22;rmanera;Alta Producción de Hielo;1153;C02 - Compresor 2 - 127;R01 - Rolitera 1;34785,64;34793,57;7,930000000000291;ROLITO EN BOLSAS 14 KG;83;7,930000000000291;14;1162
22;8;2024;2024-08-22;rmanera;Alta Producción de Hielo;1153;C02 - Compresor 2 - 127;R01 - Rolitera 1;34785,64;34793,57;7,930000000000291;ROLITO EN BOLSAS 2 KG;352;7,930000000000291;2;704
23;8;2024;2024-08-23;rmanera;Alta Producción de Hielo;1154;C02 - Compresor 2 - 127;R01 - Rolitera 1;34793,57;34797,04;3,470000000001164;ROLITO EN BOLSAS 14 KG;42;3,470000000001164;14;588
23;8;2024;2024-08-23;rmanera;Alta Producción de Hielo;1154;C02 - Compresor 2 - 127;R01 - Rolitera 1;34793,57;34797,04;3,470000000001164;ROLITO EN BOLSAS 2 KG;111;3,470000000001164;2;222
24;8;2024;2024-08-24;rmanera;Alta Producción de Hielo;1155;C02 - Compresor 2 - 127;R01 - Rolitera 1;34797,22;34800,79;3,569999999999709;ROLITO EN BOLSAS 14 KG;34;3,569999999999709;14;476
24;8;2024;2024-08-24;rmanera;Alta Producción de Hielo;1155;C02 - Compresor 2 - 127;R01 - Rolitera 1;34797,22;34800,79;3,569999999999709;ROLITO EN BOLSAS 2 KG;166;3,569999999999709;2;332
26;8;2024;2024-08-26;rmanera;Alta Producción de Hielo;1156;C04 - Compresor 4 - 127;R01 - Rolitera 1;2971,7;2975,57;3,8700000000003456;ROLITO EN BOLSAS 14 KG;61;3,8700000000003456;14;854
26;8;2024;2024-08-26;rmanera;Alta Producción de Hielo;1156;C04 - Compresor 4 - 127;R01 - Rolitera 1;2971,7;2975,57;3,8700000000003456;ROLITO EN BOLSAS 2 KG;57;3,8700000000003456;2;114
26;8;2024;2024-08-26;rmanera;Alta Producción de Hielo;1157;C04 - Compresor 4 - 127;R01 - Rolitera 1;0,0;0,0;0,0;ROLITO EN BOLSAS 14 KG;13;5,509999999999991;14;182
26;8;2024;2024-08-26;rmanera;Alta Producción de Hielo;1157;C04 - Compresor 4 - 127;R01 - Rolitera 1;0,0;0,0;0,0;ROLITO EN BOLSAS 2 KG;341;5,509999999999991;2;682
26;8;2024;2024-08-26;rmanera;Alta Producción de Hielo;1158;C02 - Compresor 2 - 127;R01 - Rolitera 1;34800,79;34808,09;7,299999999995634;ROLITO EN BOLSAS 14 KG;20;7,299999999995634;14;280
26;8;2024;2024-08-26;rmanera;Alta Producción de Hielo;1158;C02 - Compresor 2 - 127;R01 - Rolitera 1;34800,79;34808,09;7,299999999995634;ROLITO EN BOLSAS 2 KG;630;7,299999999995634;2;1260
27;8;2024;2024-08-27;rmanera;Alta Producción de Hielo;1159;C02 - Compresor 2 - 127;R01 - Rolitera 1;34808,09;34819,64;11,55000000000291;ROLITO EN BOLSAS 14 KG;77;11,55000000000291;14;1078
27;8;2024;2024-08-27;rmanera;Alta Producción de Hielo;1159;C02 - Compresor 2 - 127;R01 - Rolitera 1;34808,09;34819,64;11,55000000000291;ROLITO EN BOLSAS 2 KG;697;11,55000000000291;2;1394
27;8;2024;2024-08-27;rmanera;Alta Producción de Hielo;1159;C02 - Compresor 2 - 127;R01 - Rolitera 1;34808,09;34819,64;11,55000000000291;ROLITO EN BOLSAS 4 KG;37;11,55000000000291;4;148
4;9;2024;2024-09-04;rmanera;Alta Producción de Hielo;1160;C02 - Compresor 2 - 127;R01 - Rolitera 1;34819,64;34827,43;7,790000000000873;ROLITO EN BOLSAS 14 KG;36;7,790000000000873;14;504
4;9;2024;2024-09-04;rmanera;Alta Producción de Hielo;1160;C02 - Compresor 2 - 127;R01 - Rolitera 1;34819,64;34827,43;7,790000000000873;ROLITO EN BOLSAS 2 KG;582;7,790000000000873;2;1164
29;8;2024;2024-08-29;rmanera;Alta Producción de Hielo;1161;C02 - Compresor 2 - 127;R01 - Rolitera 1;34827,41;34834,83;7,419999999998254;ROLITO EN BOLSAS 14 KG;50;7,419999999998254;14;700
29;8;2024;2024-08-29;rmanera;Alta Producción de Hielo;1161;C02 - Compresor 2 - 127;R01 - Rolitera 1;34827,41;34834,83;7,419999999998254;ROLITO EN BOLSAS 2 KG;408;7,419999999998254;2;816
29;8;2024;2024-08-29;rmanera;Alta Producción de Hielo;1161;C02 - Compresor 2 - 127;R01 - Rolitera 1;34827,41;34834,83;7,419999999998254;ROLITO EN BOLSAS 4 KG;35;7,419999999998254;4;140
30;8;2024;2024-08-30;rmanera;Alta Producción de Hielo;1162;C02 - Compresor 2 - 127;R01 - Rolitera 1;34834,83;34843,95;9,119999999995343;ROLITO EN BOLSAS 14 KG;81;9,119999999995343;14;1134
30;8;2024;2024-08-30;rmanera;Alta Producción de Hielo;1162;C02 - Compresor 2 - 127;R01 - Rolitera 1;34834,83;34843,95;9,119999999995343;ROLITO EN BOLSAS 2 KG;227;9,119999999995343;2;454
30;8;2024;2024-08-30;rmanera;Alta Producción de Hielo;1162;C02 - Compresor 2 - 127;R01 - Rolitera 1;34834,83;34843,95;9,119999999995343;ROLITO EN BOLSAS 7 KG;52;9,119999999995343;7;364
31;8;2024;2024-08-31;rmanera;Alta Producción de Hielo;1163;C02 - Compresor 2 - 127;R01 - Rolitera 1;34843,95;34847,99;4,040000000000873;ROLITO EN BOLSAS 14 KG;41;4,040000000000873;14;574
31;8;2024;2024-08-31;rmanera;Alta Producción de Hielo;1163;C02 - Compresor 2 - 127;R01 - Rolitera 1;34843,95;34847,99;4,040000000000873;ROLITO EN BOLSAS 2 KG;169;4,040000000000873;2;338
2;9;2024;2024-09-02;rmanera;Alta Producción de Hielo;1164;C02 - Compresor 2 - 127;R01 - Rolitera 1;34848,99;34856,09;7,099999999998545;ROLITO EN BOLSAS 14 KG;10;7,099999999998545;14;140
2;9;2024;2024-09-02;rmanera;Alta Producción de Hielo;1164;C02 - Compresor 2 - 127;R01 - Rolitera 1;34848,99;34856,09;7,099999999998545;ROLITO EN BOLSAS 2 KG;676;7,099999999998545;2;1352
2;9;2024;2024-09-02;rmanera;Alta Producción de Hielo;1164;C02 - Compresor 2 - 127;R01 - Rolitera 1;34848,99;34856,09;7,099999999998545;ROLITO EN BOLSAS 4 KG;73;7,099999999998545;4;292
2;9;2024;2024-09-02;rmanera;Alta Producción de Hielo;1165;C04 - Compresor 4 - 127;R01 - Rolitera 1;2975,57;2978,72;3,149999999999636;ROLITO EN BOLSAS 14 KG;31;3,149999999999636;14;434
2;9;2024;2024-09-02;rmanera;Alta Producción de Hielo;1165;C04 - Compresor 4 - 127;R01 - Rolitera 1;2975,57;2978,72;3,149999999999636;ROLITO EN BOLSAS 2 KG;112;3,149999999999636;2;224
2;9;2024;2024-09-02;rmanera;Alta Producción de Hielo;1166;C04 - Compresor 4 - 127;R02 - Rolitera 2;0,0;0,0;0,0;ROLITO EN BOLSAS 2 KG;339;0,0;2;678
3;9;2024;2024-09-03;rmanera;Alta Producción de Hielo;1167;C02 - Compresor 2 - 127;R01 - Rolitera 1;34856,09;34867,46;11,37000000000262;ROLITO EN BOLSAS 14 KG;30;11,37000000000262;14;420
3;9;2024;2024-09-03;rmanera;Alta Producción de Hielo;1167;C02 - Compresor 2 - 127;R01 - Rolitera 1;34856,09;34867,46;11,37000000000262;ROLITO EN BOLSAS 2 KG;973;11,37000000000262;2;1946
4;9;2024;2024-09-04;rmanera;Alta Producción de Hielo;1168;C02 - Compresor 2 - 127;R01 - Rolitera 1;34867,46;34878,94;11,480000000003201;ROLITO EN BOLSAS 14 KG;54;11,480000000003201;14;756
4;9;2024;2024-09-04;rmanera;Alta Producción de Hielo;1168;C02 - Compresor 2 - 127;R01 - Rolitera 1;34867,46;34878,94;11,480000000003201;ROLITO EN BOLSAS 2 KG;805;11,480000000003201;2;1610
5;9;2024;2024-09-05;rmanera;Alta Producción de Hielo;1169;C02 - Compresor 2 - 127;R01 - Rolitera 1;34878,94;34887,17;8,229999999995925;ROLITO EN BOLSAS 14 KG;75;8,229999999995925;14;1050
5;9;2024;2024-09-05;rmanera;Alta Producción de Hielo;1169;C02 - Compresor 2 - 127;R01 - Rolitera 1;34878,94;34887,17;8,229999999995925;ROLITO EN BOLSAS 2 KG;405;8,229999999995925;2;810
6;9;2024;2024-09-06;rmanera;Alta Producción de Hielo;1170;C02 - Compresor 2 - 127;R01 - Rolitera 1;34887,17;34890,89;3,720000000001164;ROLITO EN BOLSAS 14 KG;61;3,720000000001164;14;854
7;9;2024;2024-09-07;rmanera;Alta Producción de Hielo;1171;C02 - Compresor 2 - 127;R01 - Rolitera 1;34890,89;34895,25;4,360000000000582;ROLITO EN BOLSAS 14 KG;74;4,360000000000582;14;1036
9;9;2024;2024-09-09;rmanera;Alta Producción de Hielo;1172;C04 - Compresor 4 - 127;R01 - Rolitera 1;2978,72;2989,95;11,230000000000018;ROLITO EN BOLSAS 14 KG;61;11,230000000000018;14;854
9;9;2024;2024-09-09;rmanera;Alta Producción de Hielo;1172;C04 - Compresor 4 - 127;R01 - Rolitera 1;2978,72;2989,95;11,230000000000018;ROLITO EN BOLSAS 2 KG;849;11,230000000000018;2;1698
10;9;2024;2024-09-10;rmanera;Alta Producción de Hielo;1173;C04 - Compresor 4 - 127;R02 - Rolitera 2;0,0;0,0;0,0;ROLITO EN BOLSAS 2 KG;326;0,0;2;652
10;9;2024;2024-09-10;rmanera;Alta Producción de Hielo;1174;C04 - Compresor 4 - 127;R01 - Rolitera 1;2989,95;3000,97;11,019999999999982;ROLITO EN BOLSAS 14 KG;153;11,019999999999982;14;2142
10;9;2024;2024-09-10;rmanera;Alta Producción de Hielo;1174;C04 - Compresor 4 - 127;R01 - Rolitera 1;2989,95;3000,97;11,019999999999982;ROLITO EN BOLSAS 2 KG;274;11,019999999999982;2;548
11;9;2024;2024-09-11;rmanera;Alta Producción de Hielo;1175;C04 - Compresor 4 - 127;R01 - Rolitera 1;3000,97;3009,44;8,470000000000255;ROLITO EN BOLSAS 14 KG;77;8,470000000000255;14;1078
11;9;2024;2024-09-11;rmanera;Alta Producción de Hielo;1175;C04 - Compresor 4 - 127;R01 - Rolitera 1;3000,97;3009,44;8,470000000000255;ROLITO EN BOLSAS 2 KG;512;8,470000000000255;2;1024
12;9;2024;2024-09-12;rmanera;Alta Producción de Hielo;1176;C04 - Compresor 4 - 127;R01 - Rolitera 1;3009,44;3017,89;8,449999999999818;ROLITO EN BOLSAS 14 KG;118;8,449999999999818;14;1652
12;9;2024;2024-09-12;rmanera;Alta Producción de Hielo;1176;C04 - Compresor 4 - 127;R01 - Rolitera 1;3009,44;3017,89;8,449999999999818;ROLITO EN BOLSAS 2 KG;285;8,449999999999818;2;570
13;9;2024;2024-09-13;rmanera;Alta Producción de Hielo;1177;C04 - Compresor 4 - 127;R01 - Rolitera 1;3017,89;3021,24;3,349999999999909;ROLITO EN BOLSAS 14 KG;65;3,349999999999909;14;910
13;9;2024;2024-09-13;rmanera;Alta Producción de Hielo;1178;C04 - Compresor 4 - 127;R01 - Rolitera 1;3021,29;3024,31;3,019999999999982;ROLITO EN BOLSAS 14 KG;40;3,019999999999982;14;560
13;9;2024;2024-09-13;rmanera;Alta Producción de Hielo;1178;C04 - Compresor 4 - 127;R01 - Rolitera 1;3021,29;3024,31;3,019999999999982;ROLITO EN BOLSAS 2 KG;115;3,019999999999982;2;230
14;9;2024;2024-09-14;rmanera;Alta Producción de Hielo;1179;C02 - Compresor 2 - 127;R01 - Rolitera 1;34895,25;34898,78;3,529999999998836;ROLITO EN BOLSAS 14 KG;61;3,529999999998836;14;854
17;9;2024;2024-09-17;rmanera;Alta Producción de Hielo;1180;C04 - Compresor 4 - 127;R01 - Rolitera 1;3024,31;3025,49;1,1799999999998363;ROLITO EN BOLSAS 2 KG;110;1,1799999999998363;2;220
17;9;2024;2024-09-17;rmanera;Alta Producción de Hielo;1181;C02 - Compresor 2 - 127;R01 - Rolitera 1;34898,95;34903,54;4,5900000000037835;ROLITO EN BOLSAS 14 KG;19;4,5900000000037835;14;266
17;9;2024;2024-09-17;rmanera;Alta Producción de Hielo;1181;C02 - Compresor 2 - 127;R01 - Rolitera 1;34898,95;34903,54;4,5900000000037835;ROLITO EN BOLSAS 2 KG;329;4,5900000000037835;2;658
17;9;2024;2024-09-17;rmanera;Alta Producción de Hielo;1182;C02 - Compresor 2 - 127;R01 - Rolitera 1;34903,54;34907,01;3,470000000001164;ROLITO EN BOLSAS 14 KG;9;3,470000000001164;14;126
17;9;2024;2024-09-17;rmanera;Alta Producción de Hielo;1182;C02 - Compresor 2 - 127;R01 - Rolitera 1;34903,54;34907,01;3,470000000001164;ROLITO EN BOLSAS 2 KG;268;3,470000000001164;2;536
18;9;2024;2024-09-18;rmanera;Alta Producción de Hielo;1183;C04 - Compresor 4 - 127;R01 - Rolitera 1;3029,18;3032,4;3,2200000000002547;ROLITO EN BOLSAS 2 KG;327;3,2200000000002547;2;654
18;9;2024;2024-09-18;rmanera;Alta Producción de Hielo;1184;C04 - Compresor 4 - 127;R01 - Rolitera 1;3025,49;3029,18;3,6900000000000546;ROLITO EN BOLSAS 14 KG;30;3,6900000000000546;14;420
18;9;2024;2024-09-18;rmanera;Alta Producción de Hielo;1184;C04 - Compresor 4 - 127;R01 - Rolitera 1;3025,49;3029,18;3,6900000000000546;ROLITO EN BOLSAS 2 KG;225;3,6900000000000546;2;450
19;9;2024;2024-09-19;rmanera;Alta Producción de Hielo;1185;C04 - Compresor 4 - 127;R01 - Rolitera 1;3032,4;3037,79;5,389999999999873;ROLITO EN BOLSAS 14 KG;110;5,389999999999873;14;1540
19;9;2024;2024-09-19;rmanera;Alta Producción de Hielo;1185;C04 - Compresor 4 - 127;R01 - Rolitera 1;3032,4;3037,79;5,389999999999873;ROLITO EN BOLSAS 2 KG;107;5,389999999999873;2;214
20;9;2024;2024-09-20;rmanera;Alta Producción de Hielo;1186;C02 - Compresor 2 - 127;R01 - Rolitera 1;34908,58;34916,25;7,669999999998254;ROLITO EN BOLSAS 14 KG;125;7,669999999998254;14;1750
23;9;2024;2024-09-23;rmanera;Alta Producción de Hielo;1187;C04 - Compresor 4 - 127;R01 - Rolitera 1;3037,79;3041,25;3,4600000000000364;ROLITO EN BOLSAS 2 KG;327;3,4600000000000364;2;654
23;9;2024;2024-09-23;rmanera;Alta Producción de Hielo;1188;C04 - Compresor 4 - 127;R02 - Rolitera 2;0,0;0,0;0,0;ROLITO EN BOLSAS 2 KG;268;0,0;2;536
23;9;2024;2024-09-23;rmanera;Alta Producción de Hielo;1189;C04 - Compresor 4 - 127;R01 - Rolitera 1;3041,25;3045,06;3,8099999999999454;ROLITO EN BOLSAS 14 KG;61;3,8099999999999454;14;854
23;9;2024;2024-09-23;rmanera;Alta Producción de Hielo;1189;C04 - Compresor 4 - 127;R01 - Rolitera 1;3041,25;3045,06;3,8099999999999454;ROLITO EN BOLSAS 2 KG;56;3,8099999999999454;2;112
24;9;2024;2024-09-24;rmanera;Alta Producción de Hielo;1190;C04 - Compresor 4 - 127;R01 - Rolitera 1;3045,06;3048,58;3,519999999999982;ROLITO EN BOLSAS 2 KG;330;3,519999999999982;2;660
24;9;2024;2024-09-24;rmanera;Alta Producción de Hielo;1191;C04 - Compresor 4 - 127;R02 - Rolitera 2;3045,06;3048,58;3,519999999999982;ROLITO EN BOLSAS 2 KG;310;3,519999999999982;2;620
25;9;2024;2024-09-25;rmanera;Alta Producción de Hielo;1192;C04 - Compresor 4 - 127;R01 - Rolitera 1;3049,7;3053,2;3,5;ROLITO EN BOLSAS 2 KG;318;3,5;2;636
25;9;2024;2024-09-25;rmanera;Alta Producción de Hielo;1193;C04 - Compresor 4 - 127;R02 - Rolitera 2;0,0;0,0;0,0;ROLITO EN BOLSAS 2 KG;316;0,0;2;632
25;9;2024;2024-09-25;rmanera;Alta Producción de Hielo;1194;C04 - Compresor 4 - 127;R01 - Rolitera 1;3053,2;3056,5;3,300000000000182;ROLITO EN BOLSAS 14 KG;60;3,300000000000182;14;840
26;9;2024;2024-09-26;rmanera;Alta Producción de Hielo;1195;C04 - Compresor 4 - 127;R01 - Rolitera 1;3056,5;3065,38;8,88000000000011;ROLITO EN BOLSAS 14 KG;50;8,88000000000011;14;700
26;9;2024;2024-09-26;rmanera;Alta Producción de Hielo;1195;C04 - Compresor 4 - 127;R01 - Rolitera 1;3056,5;3065,38;8,88000000000011;ROLITO EN BOLSAS 2 KG;611;8,88000000000011;2;1222
26;9;2024;2024-09-26;rmanera;Alta Producción de Hielo;1196;C04 - Compresor 4 - 127;R02 - Rolitera 2;0,0;0,0;0,0;ROLITO EN BOLSAS 2 KG;325;0,0;2;650
27;9;2024;2024-09-27;rmanera;Alta Producción de Hielo;1197;C04 - Compresor 4 - 127;R01 - Rolitera 1;3065,38;3075,16;9,779999999999745;ROLITO EN BOLSAS 14 KG;121;9,779999999999745;14;1694
27;9;2024;2024-09-27;rmanera;Alta Producción de Hielo;1197;C04 - Compresor 4 - 127;R01 - Rolitera 1;3065,38;3075,16;9,779999999999745;ROLITO EN BOLSAS 2 KG;326;9,779999999999745;2;652
27;9;2024;2024-09-27;rmanera;Alta Producción de Hielo;1197;C04 - Compresor 4 - 127;R01 - Rolitera 1;3065,38;3075,16;9,779999999999745;ROLITO EN BOLSAS 7 KG;17;9,779999999999745;7;119
28;9;2024;2024-09-28;rmanera;Alta Producción de Hielo;1198;C04 - Compresor 4 - 127;R01 - Rolitera 1;3075,16;3077,43;2,269999999999982;ROLITO EN BOLSAS 2 KG;215;2,269999999999982;2;430
28;9;2024;2024-09-28;rmanera;Alta Producción de Hielo;1199;C04 - Compresor 4 - 127;R01 - Rolitera 1;3077,43;3079,12;1,6900000000000546;ROLITO EN BOLSAS 2 KG;163;1,6900000000000546;2;326
30;9;2024;2024-09-30;rmanera;Alta Producción de Hielo;1200;C04 - Compresor 4 - 127;R01 - Rolitera 1;3079,12;3082,57;3,450000000000273;ROLITO EN BOLSAS 2 KG;264;3,450000000000273;2;528
30;9;2024;2024-09-30;rmanera;Alta Producción de Hielo;1200;C04 - Compresor 4 - 127;R01 - Rolitera 1;3079,12;3082,57;3,450000000000273;ROLITO EN BOLSAS 4 KG;32;3,450000000000273;4;128
30;9;2024;2024-09-30;rmanera;Alta Producción de Hielo;1201;C04 - Compresor 4 - 127;R02 - Rolitera 2;0,0;0,0;0,0;ROLITO EN BOLSAS 2 KG;311;0,0;2;622
30;9;2024;2024-09-30;rmanera;Alta Producción de Hielo;1202;C04 - Compresor 4 - 127;R01 - Rolitera 1;3082,5;3087,03;4,5300000000002;ROLITO EN BOLSAS 2 KG;361;4,5300000000002;2;722
1;10;2024;2024-10-01;rmanera;Alta Producción de Hielo;1203;C04 - Compresor 4 - 127;R01 - Rolitera 1;3087,03;3090,47;3,4399999999996;ROLITO EN BOLSAS 2 KG;312;3,4399999999996;2;624
1;10;2024;2024-10-01;rmanera;Alta Producción de Hielo;1204;C04 - Compresor 4 - 127;R02 - Rolitera 2;0,0;0,0;0,0;ROLITO EN BOLSAS 2 KG;258;0,0;2;516
1;10;2024;2024-10-01;rmanera;Alta Producción de Hielo;1205;C04 - Compresor 4 - 127;R01 - Rolitera 1;3090,47;3094,88;4,410000000000309;ROLITO EN BOLSAS 14 KG;9;4,410000000000309;14;126
1;10;2024;2024-10-01;rmanera;Alta Producción de Hielo;1205;C04 - Compresor 4 - 127;R01 - Rolitera 1;3090,47;3094,88;4,410000000000309;ROLITO EN BOLSAS 2 KG;276;4,410000000000309;2;552
1;10;2024;2024-10-01;rmanera;Alta Producción de Hielo;1205;C04 - Compresor 4 - 127;R01 - Rolitera 1;3090,47;3094,88;4,410000000000309;ROLITO EN BOLSAS 7 KG;17;4,410000000000309;7;119
2;10;2024;2024-10-02;rmanera;Alta Producción de Hielo;1206;C04 - Compresor 4 - 127;R01 - Rolitera 1;3094,88;3106,21;11,329999999999927;ROLITO EN BOLSAS 14 KG;12;11,329999999999927;14;168
2;10;2024;2024-10-02;rmanera;Alta Producción de Hielo;1206;C04 - Compresor 4 - 127;R01 - Rolitera 1;3094,88;3106,21;11,329999999999927;ROLITO EN BOLSAS 2 KG;331;11,329999999999927;2;662
2;10;2024;2024-10-02;rmanera;Alta Producción de Hielo;1207;C04 - Compresor 4 - 127;R02 - Rolitera 2;0,0;0,0;0,0;ROLITO EN BOLSAS 14 KG;56;0,0;14;784
2;10;2024;2024-10-02;rmanera;Alta Producción de Hielo;1207;C04 - Compresor 4 - 127;R02 - Rolitera 2;0,0;0,0;0,0;ROLITO EN BOLSAS 2 KG;819;0,0;2;1638
3;10;2024;2024-10-03;rmanera;Alta Producción de Hielo;1208;C04 - Compresor 4 - 127;R01 - Rolitera 1;3106,21;3110,17;3,9600000000000364;ROLITO EN BOLSAS 14 KG;9;3,9600000000000364;14;126
3;10;2024;2024-10-03;rmanera;Alta Producción de Hielo;1208;C04 - Compresor 4 - 127;R01 - Rolitera 1;3106,21;3110,17;3,9600000000000364;ROLITO EN BOLSAS 2 KG;266;3,9600000000000364;2;532
3;10;2024;2024-10-03;rmanera;Alta Producción de Hielo;1208;C04 - Compresor 4 - 127;R01 - Rolitera 1;3106,21;3110,17;3,9600000000000364;ROLITO EN BOLSAS 7 KG;1;3,9600000000000364;7;7
4;10;2024;2024-10-04;rmanera;Alta Producción de Hielo;1209;C04 - Compresor 4 - 127;R01 - Rolitera 1;3110,17;3121,69;11,519999999999982;ROLITO EN BOLSAS 14 KG;82;11,519999999999982;14;1148
4;10;2024;2024-10-04;rmanera;Alta Producción de Hielo;1209;C04 - Compresor 4 - 127;R01 - Rolitera 1;3110,17;3121,69;11,519999999999982;ROLITO EN BOLSAS 2 KG;714;11,519999999999982;2;1428
8;10;2024;2024-10-08;rmanera;Alta Producción de Hielo;1210;C04 - Compresor 4 - 127;R01 - Rolitera 1;3121,69;3130,69;9,0;ROLITO EN BOLSAS 14 KG;95;9,0;14;1330
8;10;2024;2024-10-08;rmanera;Alta Producción de Hielo;1210;C04 - Compresor 4 - 127;R01 - Rolitera 1;3121,69;3130,69;9,0;ROLITO EN BOLSAS 2 KG;167;9,0;2;334
5;10;2024;2024-10-05;rmanera;Alta Producción de Hielo;1211;C04 - Compresor 4 - 127;R02 - Rolitera 2;3121,69;3130,57;8,88000000000011;ROLITO EN BOLSAS 14 KG;11;8,88000000000011;14;154
5;10;2024;2024-10-05;rmanera;Alta Producción de Hielo;1211;C04 - Compresor 4 - 127;R02 - Rolitera 2;3121,69;3130,57;8,88000000000011;ROLITO EN BOLSAS 2 KG;445;8,88000000000011;2;890
7;10;2024;2024-10-07;rmanera;Alta Producción de Hielo;1212;C04 - Compresor 4 - 127;R01 - Rolitera 1;3130,57;3134,38;3,8099999999999454;ROLITO EN BOLSAS 2 KG;325;3,8099999999999454;2;650
7;10;2024;2024-10-07;rmanera;Alta Producción de Hielo;1213;C04 - Compresor 4 - 127;R02 - Rolitera 2;0,0;0,0;0,0;ROLITO EN BOLSAS 2 KG;366;0,0;2;732
8;10;2024;2024-10-08;rmanera;Alta Producción de Hielo;1214;C04 - Compresor 4 - 127;R01 - Rolitera 1;3134,88;3140,51;5,630000000000109;ROLITO EN BOLSAS 14 KG;26;5,630000000000109;14;364
8;10;2024;2024-10-08;rmanera;Alta Producción de Hielo;1214;C04 - Compresor 4 - 127;R01 - Rolitera 1;3134,88;3140,51;5,630000000000109;ROLITO EN BOLSAS 2 KG;769;5,630000000000109;2;1538
8;10;2024;2024-10-08;rmanera;Alta Producción de Hielo;1215;C04 - Compresor 4 - 127;R02 - Rolitera 2;0,0;0,0;0,0;ROLITO EN BOLSAS 14 KG;9;0,0;14;126
8;10;2024;2024-10-08;rmanera;Alta Producción de Hielo;1215;C04 - Compresor 4 - 127;R02 - Rolitera 2;0,0;0,0;0,0;ROLITO EN BOLSAS 2 KG;244;0,0;2;488
9;10;2024;2024-10-09;rmanera;Alta Producción de Hielo;1216;C04 - Compresor 4 - 127;R01 - Rolitera 1;3146,53;3157,8;11,269999999999982;ROLITO EN BOLSAS 14 KG;87;11,269999999999982;14;1218
9;10;2024;2024-10-09;rmanera;Alta Producción de Hielo;1216;C04 - Compresor 4 - 127;R01 - Rolitera 1;3146,53;3157,8;11,269999999999982;ROLITO EN BOLSAS 2 KG;512;11,269999999999982;2;1024
9;10;2024;2024-10-09;rmanera;Alta Producción de Hielo;1216;C04 - Compresor 4 - 127;R01 - Rolitera 1;3146,53;3157,8;11,269999999999982;ROLITO EN BOLSAS 4 KG;33;11,269999999999982;4;132
9;10;2024;2024-10-09;rmanera;Alta Producción de Hielo;1217;C04 - Compresor 4 - 127;R02 - Rolitera 2;0,0;0,0;0,0;ROLITO EN BOLSAS 14 KG;23;0,0;14;322
9;10;2024;2024-10-09;rmanera;Alta Producción de Hielo;1217;C04 - Compresor 4 - 127;R02 - Rolitera 2;0,0;0,0;0,0;ROLITO EN BOLSAS 2 KG;260;0,0;2;520
10;10;2024;2024-10-10;rmanera;Alta Producción de Hielo;1218;C04 - Compresor 4 - 127;R01 - Rolitera 1;3157,8;3169,33;11,529999999999745;ROLITO EN BOLSAS 14 KG;136;11,529999999999745;14;1904
10;10;2024;2024-10-10;rmanera;Alta Producción de Hielo;1218;C04 - Compresor 4 - 127;R01 - Rolitera 1;3157,8;3169,33;11,529999999999745;ROLITO EN BOLSAS 2 KG;163;11,529999999999745;2;326
10;10;2024;2024-10-10;rmanera;Alta Producción de Hielo;1219;C04 - Compresor 4 - 127;R02 - Rolitera 2;0,0;0,0;0,0;ROLITO EN BOLSAS 14 KG;98;0,0;14;1372
10;10;2024;2024-10-10;rmanera;Alta Producción de Hielo;1219;C04 - Compresor 4 - 127;R02 - Rolitera 2;0,0;0,0;0,0;ROLITO EN BOLSAS 2 KG;193;0,0;2;386
11;10;2024;2024-10-11;rmanera;Alta Producción de Hielo;1220;C04 - Compresor 4 - 127;R01 - Rolitera 1;3169,33;3176,93;7,599999999999909;ROLITO EN BOLSAS 14 KG;9;7,599999999999909;14;126
11;10;2024;2024-10-11;rmanera;Alta Producción de Hielo;1220;C04 - Compresor 4 - 127;R01 - Rolitera 1;3169,33;3176,93;7,599999999999909;ROLITO EN BOLSAS 2 KG;480;7,599999999999909;2;960
11;10;2024;2024-10-11;rmanera;Alta Producción de Hielo;1220;C04 - Compresor 4 - 127;R01 - Rolitera 1;3169,33;3176,93;7,599999999999909;ROLITO EN BOLSAS 4 KG;64;7,599999999999909;4;256
11;10;2024;2024-10-11;rmanera;Alta Producción de Hielo;1221;C04 - Compresor 4 - 127;R02 - Rolitera 2;0,0;0,0;0,0;ROLITO EN BOLSAS 2 KG;719;0,0;2;1438
12;10;2024;2024-10-12;rmanera;Alta Producción de Hielo;1222;C04 - Compresor 4 - 127;R01 - Rolitera 1;3176,93;3181,43;4,5;ROLITO EN BOLSAS 14 KG;40;4,5;14;560
12;10;2024;2024-10-12;rmanera;Alta Producción de Hielo;1222;C04 - Compresor 4 - 127;R01 - Rolitera 1;3176,93;3181,43;4,5;ROLITO EN BOLSAS 2 KG;108;4,5;2;216
12;10;2024;2024-10-12;rmanera;Alta Producción de Hielo;1222;C04 - Compresor 4 - 127;R01 - Rolitera 1;3176,93;3181,43;4,5;ROLITO EN BOLSAS 7 KG;17;4,5;7;119
12;10;2024;2024-10-12;rmanera;Alta Producción de Hielo;1223;C04 - Compresor 4 - 127;R02 - Rolitera 2;0,0;0,0;0,0;ROLITO EN BOLSAS 2 KG;392;0,0;2;784
14;10;2024;2024-10-14;rmanera;Alta Producción de Hielo;1224;C04 - Compresor 4 - 127;R01 - Rolitera 1;3181,43;3193,04;11,610000000000127;ROLITO EN BOLSAS 14 KG;128;11,610000000000127;14;1792
14;10;2024;2024-10-14;rmanera;Alta Producción de Hielo;1224;C04 - Compresor 4 - 127;R01 - Rolitera 1;3181,43;3193,04;11,610000000000127;ROLITO EN BOLSAS 2 KG;153;11,610000000000127;2;306
14;10;2024;2024-10-14;rmanera;Alta Producción de Hielo;1224;C04 - Compresor 4 - 127;R01 - Rolitera 1;3181,43;3193,04;11,610000000000127;ROLITO EN BOLSAS 7 KG;17;11,610000000000127;7;119
14;10;2024;2024-10-14;rmanera;Alta Producción de Hielo;1225;C04 - Compresor 4 - 127;R02 - Rolitera 2;0,0;0,0;0,0;ROLITO EN BOLSAS 14 KG;12;0,0;14;168
14;10;2024;2024-10-14;rmanera;Alta Producción de Hielo;1225;C04 - Compresor 4 - 127;R02 - Rolitera 2;0,0;0,0;0,0;ROLITO EN BOLSAS 2 KG;894;0,0;2;1788
14;10;2024;2024-10-14;rmanera;Alta Producción de Hielo;1225;C04 - Compresor 4 - 127;R02 - Rolitera 2;0,0;0,0;0,0;ROLITO EN BOLSAS 7 KG;17;0,0;7;119
15;10;2024;2024-10-15;rmanera;Alta Producción de Hielo;1226;C04 - Compresor 4 - 127;R01 - Rolitera 1;3193,04;3204,65;11,610000000000127;ROLITO EN BOLSAS 14 KG;147;11,610000000000127;14;2058
15;10;2024;2024-10-15;rmanera;Alta Producción de Hielo;1226;C04 - Compresor 4 - 127;R01 - Rolitera 1;3193,04;3204,65;11,610000000000127;ROLITO EN BOLSAS 2 KG;100;11,610000000000127;2;200
16;10;2024;2024-10-16;rmanera;Alta Producción de Hielo;1227;C04 - Compresor 4 - 127;R02 - Rolitera 2;0,0;0,0;0,0;ROLITO EN BOLSAS 14 KG;23;0,0;14;322
16;10;2024;2024-10-16;rmanera;Alta Producción de Hielo;1227;C04 - Compresor 4 - 127;R02 - Rolitera 2;0,0;0,0;0,0;ROLITO EN BOLSAS 2 KG;838;0,0;2;1676
16;10;2024;2024-10-16;rmanera;Alta Producción de Hielo;1228;C04 - Compresor 4 - 127;R01 - Rolitera 1;3204,65;3216,22;11,569999999999709;ROLITO EN BOLSAS 14 KG;77;11,569999999999709;14;1078
16;10;2024;2024-10-16;rmanera;Alta Producción de Hielo;1228;C04 - Compresor 4 - 127;R01 - Rolitera 1;3204,65;3216,22;11,569999999999709;ROLITO EN BOLSAS 2 KG;538;11,569999999999709;2;1076
16;10;2024;2024-10-16;rmanera;Alta Producción de Hielo;1229;C04 - Compresor 4 - 127;R02 - Rolitera 2;0,0;0,0;0,0;ROLITO EN BOLSAS 14 KG;47;0,0;14;658
16;10;2024;2024-10-16;rmanera;Alta Producción de Hielo;1229;C04 - Compresor 4 - 127;R02 - Rolitera 2;0,0;0,0;0,0;ROLITO EN BOLSAS 2 KG;577;0,0;2;1154
16;10;2024;2024-10-16;rmanera;Alta Producción de Hielo;1229;C04 - Compresor 4 - 127;R02 - Rolitera 2;0,0;0,0;0,0;ROLITO EN BOLSAS 4 KG;40;0,0;4;160
17;10;2024;2024-10-17;rmanera;Alta Producción de Hielo;1230;C04 - Compresor 4 - 127;R01 - Rolitera 1;3216,23;3227,83;11,599999999999909;ROLITO EN BOLSAS 14 KG;95;11,599999999999909;14;1330
17;10;2024;2024-10-17;rmanera;Alta Producción de Hielo;1230;C04 - Compresor 4 - 127;R01 - Rolitera 1;3216,23;3227,83;11,599999999999909;ROLITO EN BOLSAS 2 KG;452;11,599999999999909;2;904
17;10;2024;2024-10-17;rmanera;Alta Producción de Hielo;1231;C04 - Compresor 4 - 127;R02 - Rolitera 2;0,0;0,0;0,0;ROLITO EN BOLSAS 14 KG;61;0,0;14;854
17;10;2024;2024-10-17;rmanera;Alta Producción de Hielo;1231;C04 - Compresor 4 - 127;R02 - Rolitera 2;0,0;0,0;0,0;ROLITO EN BOLSAS 2 KG;678;0,0;2;1356
18;10;2024;2024-10-18;rmanera;Alta Producción de Hielo;1232;C04 - Compresor 4 - 127;R01 - Rolitera 1;3227,83;3239,43;11,599999999999909;ROLITO EN BOLSAS 14 KG;120;11,599999999999909;14;1680
18;10;2024;2024-10-18;rmanera;Alta Producción de Hielo;1232;C04 - Compresor 4 - 127;R01 - Rolitera 1;3227,83;3239,43;11,599999999999909;ROLITO EN BOLSAS 2 KG;338;11,599999999999909;2;676
18;10;2024;2024-10-18;rmanera;Alta Producción de Hielo;1233;C04 - Compresor 4 - 127;R02 - Rolitera 2;0,0;0,0;0,0;ROLITO EN BOLSAS 2 KG;933;0,0;2;1866
18;10;2024;2024-10-18;rmanera;Alta Producción de Hielo;1233;C04 - Compresor 4 - 127;R02 - Rolitera 2;0,0;0,0;0,0;ROLITO EN BOLSAS 4 KG;44;0,0;4;176
19;10;2024;2024-10-19;rmanera;Alta Producción de Hielo;1234;C04 - Compresor 4 - 127;R01 - Rolitera 1;3239,43;3244,09;4,660000000000309;ROLITO EN BOLSAS 14 KG;31;4,660000000000309;14;434
19;10;2024;2024-10-19;rmanera;Alta Producción de Hielo;1234;C04 - Compresor 4 - 127;R01 - Rolitera 1;3239,43;3244,09;4,660000000000309;ROLITO EN BOLSAS 2 KG;210;4,660000000000309;2;420
19;10;2024;2024-10-19;rmanera;Alta Producción de Hielo;1235;C04 - Compresor 4 - 127;R02 - Rolitera 2;0,0;0,0;0,0;ROLITO EN BOLSAS 14 KG;12;0,0;14;168
19;10;2024;2024-10-19;rmanera;Alta Producción de Hielo;1235;C04 - Compresor 4 - 127;R02 - Rolitera 2;0,0;0,0;0,0;ROLITO EN BOLSAS 2 KG;255;0,0;2;510
21;10;2024;2024-10-21;rmanera;Alta Producción de Hielo;1236;C04 - Compresor 4 - 127;R01 - Rolitera 1;3244,09;3255,18;11,08999999999969;ROLITO EN BOLSAS 14 KG;72;11,08999999999969;14;1008
21;10;2024;2024-10-21;rmanera;Alta Producción de Hielo;1236;C04 - Compresor 4 - 127;R01 - Rolitera 1;3244,09;3255,18;11,08999999999969;ROLITO EN BOLSAS 2 KG;392;11,08999999999969;2;784
21;10;2024;2024-10-21;rmanera;Alta Producción de Hielo;1237;C04 - Compresor 4 - 127;R02 - Rolitera 2;0,0;0,0;0,0;ROLITO EN BOLSAS 14 KG;12;0,0;14;168
21;10;2024;2024-10-21;rmanera;Alta Producción de Hielo;1237;C04 - Compresor 4 - 127;R02 - Rolitera 2;0,0;0,0;0,0;ROLITO EN BOLSAS 2 KG;812;0,0;2;1624
22;10;2024;2024-10-22;rmanera;Alta Producción de Hielo;1238;C04 - Compresor 4 - 127;R01 - Rolitera 1;3255,18;3266,32;11,140000000000327;ROLITO EN BOLSAS 14 KG;82;11,140000000000327;14;1148
22;10;2024;2024-10-22;rmanera;Alta Producción de Hielo;1238;C04 - Compresor 4 - 127;R01 - Rolitera 1;3255,18;3266,32;11,140000000000327;ROLITO EN BOLSAS 2 KG;345;11,140000000000327;2;690
22;10;2024;2024-10-22;rmanera;Alta Producción de Hielo;1239;C04 - Compresor 4 - 127;R02 - Rolitera 2;0,0;0,0;0,0;ROLITO EN BOLSAS 14 KG;65;0,0;14;910
22;10;2024;2024-10-22;rmanera;Alta Producción de Hielo;1239;C04 - Compresor 4 - 127;R02 - Rolitera 2;0,0;0,0;0,0;ROLITO EN BOLSAS 2 KG;251;0,0;2;502
22;10;2024;2024-10-22;rmanera;Alta Producción de Hielo;1239;C04 - Compresor 4 - 127;R02 - Rolitera 2;0,0;0,0;0,0;ROLITO EN BOLSAS 4 KG;73;0,0;4;292
23;10;2024;2024-10-23;rmanera;Alta Producción de Hielo;1240;C04 - Compresor 4 - 127;R01 - Rolitera 1;3266,32;3278,06;11,739999999999782;ROLITO EN BOLSAS 14 KG;66;11,739999999999782;14;924
23;10;2024;2024-10-23;rmanera;Alta Producción de Hielo;1240;C04 - Compresor 4 - 127;R01 - Rolitera 1;3266,32;3278,06;11,739999999999782;ROLITO EN BOLSAS 2 KG;454;11,739999999999782;2;908
23;10;2024;2024-10-23;rmanera;Alta Producción de Hielo;1241;C04 - Compresor 4 - 127;R02 - Rolitera 2;0,0;0,0;0,0;ROLITO EN BOLSAS 14 KG;32;0,0;14;448
23;10;2024;2024-10-23;rmanera;Alta Producción de Hielo;1241;C04 - Compresor 4 - 127;R02 - Rolitera 2;0,0;0,0;0,0;ROLITO EN BOLSAS 2 KG;676;0,0;2;1352
23;10;2024;2024-10-23;rmanera;Alta Producción de Hielo;1241;C04 - Compresor 4 - 127;R02 - Rolitera 2;0,0;0,0;0,0;ROLITO EN BOLSAS 4 KG;38;0,0;4;152
24;10;2024;2024-10-24;rmanera;Alta Producción de Hielo;1242;C04 - Compresor 4 - 127;R01 - Rolitera 1;3270,06;3281,5;11,440000000000055;ROLITO EN BOLSAS 14 KG;38;11,440000000000055;14;532
24;10;2024;2024-10-24;rmanera;Alta Producción de Hielo;1242;C04 - Compresor 4 - 127;R01 - Rolitera 1;3270,06;3281,5;11,440000000000055;ROLITO EN BOLSAS 2 KG;524;11,440000000000055;2;1048
24;10;2024;2024-10-24;rmanera;Alta Producción de Hielo;1243;C04 - Compresor 4 - 127;R02 - Rolitera 2;0,0;0,0;0,0;ROLITO EN BOLSAS 14 KG;24;0,0;14;336
24;10;2024;2024-10-24;rmanera;Alta Producción de Hielo;1243;C04 - Compresor 4 - 127;R02 - Rolitera 2;0,0;0,0;0,0;ROLITO EN BOLSAS 2 KG;835;0,0;2;1670
25;10;2024;2024-10-25;rmanera;Alta Producción de Hielo;1244;C04 - Compresor 4 - 127;R01 - Rolitera 1;3289,5;3901,22;611,7199999999998;ROLITO EN BOLSAS 14 KG;73;5,509999999999991;14;1022
25;10;2024;2024-10-25;rmanera;Alta Producción de Hielo;1244;C04 - Compresor 4 - 127;R01 - Rolitera 1;3289,5;3901,22;611,7199999999998;ROLITO EN BOLSAS 2 KG;274;5,509999999999991;2;548
25;10;2024;2024-10-25;rmanera;Alta Producción de Hielo;1244;C04 - Compresor 4 - 127;R01 - Rolitera 1;3289,5;3901,22;611,7199999999998;ROLITO EN BOLSAS 7 KG;33;5,509999999999991;7;231
25;10;2024;2024-10-25;rmanera;Alta Producción de Hielo;1245;C04 - Compresor 4 - 127;R02 - Rolitera 2;0,0;0,0;0,0;ROLITO EN BOLSAS 14 KG;20;0,0;14;280
25;10;2024;2024-10-25;rmanera;Alta Producción de Hielo;1245;C04 - Compresor 4 - 127;R02 - Rolitera 2;0,0;0,0;0,0;ROLITO EN BOLSAS 2 KG;793;0,0;2;1586
25;10;2024;2024-10-25;rmanera;Alta Producción de Hielo;1245;C04 - Compresor 4 - 127;R02 - Rolitera 2;0,0;0,0;0,0;ROLITO EN BOLSAS 7 KG;22;0,0;7;154
26;10;2024;2024-10-26;rmanera;Alta Producción de Hielo;1246;C04 - Compresor 4 - 127;R01 - Rolitera 1;3301,22;3306,12;4,900000000000091;ROLITO EN BOLSAS 2 KG;162;4,900000000000091;2;324
26;10;2024;2024-10-26;rmanera;Alta Producción de Hielo;1247;C04 - Compresor 4 - 127;R02 - Rolitera 2;0,0;0,0;0,0;ROLITO EN BOLSAS 2 KG;387;0,0;2;774
28;10;2024;2024-10-28;rmanera;Alta Producción de Hielo;1248;C04 - Compresor 4 - 127;R01 - Rolitera 1;3306,12;3321,56;15,440000000000055;ROLITO EN BOLSAS 14 KG;122;15,440000000000055;14;1708
28;10;2024;2024-10-28;rmanera;Alta Producción de Hielo;1248;C04 - Compresor 4 - 127;R01 - Rolitera 1;3306,12;3321,56;15,440000000000055;ROLITO EN BOLSAS 2 KG;362;15,440000000000055;2;724
28;10;2024;2024-10-28;rmanera;Alta Producción de Hielo;1248;C04 - Compresor 4 - 127;R01 - Rolitera 1;3306,12;3321,56;15,440000000000055;ROLITO EN BOLSAS 7 KG;17;15,440000000000055;7;119
28;10;2024;2024-10-28;rmanera;Alta Producción de Hielo;1249;C04 - Compresor 4 - 127;R02 - Rolitera 2;0,0;0,0;0,0;ROLITO EN BOLSAS 14 KG;56;0,0;14;784
28;10;2024;2024-10-28;rmanera;Alta Producción de Hielo;1249;C04 - Compresor 4 - 127;R02 - Rolitera 2;0,0;0,0;0,0;ROLITO EN BOLSAS 2 KG;766;0,0;2;1532
28;10;2024;2024-10-28;rmanera;Alta Producción de Hielo;1249;C04 - Compresor 4 - 127;R02 - Rolitera 2;0,0;0,0;0,0;ROLITO EN BOLSAS 4 KG;81;0,0;4;324
29;11;2024;2024-11-29;rmanera;Alta Producción de Hielo;1250;C04 - Compresor 4 - 127;R01 - Rolitera 1;3321,56;3337,43;15,86999999999989;ROLITO EN BOLSAS 14 KG;87;15,86999999999989;14;1218
29;11;2024;2024-11-29;rmanera;Alta Producción de Hielo;1250;C04 - Compresor 4 - 127;R01 - Rolitera 1;3321,56;3337,43;15,86999999999989;ROLITO EN BOLSAS 2 KG;566;15,86999999999989;2;1132
29;11;2024;2024-11-29;rmanera;Alta Producción de Hielo;1251;C04 - Compresor 4 - 127;R02 - Rolitera 2;0,0;0,0;0,0;ROLITO EN BOLSAS 14 KG;71;0,0;14;994
29;11;2024;2024-11-29;rmanera;Alta Producción de Hielo;1251;C04 - Compresor 4 - 127;R02 - Rolitera 2;0,0;0,0;0,0;ROLITO EN BOLSAS 2 KG;597;0,0;2;1194
30;11;2024;2024-11-30;rmanera;Alta Producción de Hielo;1252;C04 - Compresor 4 - 127;R01 - Rolitera 1;3337,43;3353,0;15,570000000000164;ROLITO EN BOLSAS 14 KG;137;15,570000000000164;14;1918
30;11;2024;2024-11-30;rmanera;Alta Producción de Hielo;1252;C04 - Compresor 4 - 127;R01 - Rolitera 1;3337,43;3353,0;15,570000000000164;ROLITO EN BOLSAS 2 KG;183;15,570000000000164;2;366
30;11;2024;2024-11-30;rmanera;Alta Producción de Hielo;1253;C04 - Compresor 4 - 127;R02 - Rolitera 2;0,0;0,0;0,0;ROLITO EN BOLSAS 14 KG;120;0,0;14;1680
30;11;2024;2024-11-30;rmanera;Alta Producción de Hielo;1253;C04 - Compresor 4 - 127;R02 - Rolitera 2;0,0;0,0;0,0;ROLITO EN BOLSAS 2 KG;598;0,0;2;1196
31;10;2024;2024-10-31;rmanera;Alta Producción de Hielo;1254;C04 - Compresor 4 - 127;R01 - Rolitera 1;3353,0;3368,41;15,409999999999854;ROLITO EN BOLSAS 14 KG;89;15,409999999999854;14;1246
31;10;2024;2024-10-31;rmanera;Alta Producción de Hielo;1254;C04 - Compresor 4 - 127;R01 - Rolitera 1;3353,0;3368,41;15,409999999999854;ROLITO EN BOLSAS 2 KG;499;15,409999999999854;2;998
31;10;2024;2024-10-31;rmanera;Alta Producción de Hielo;1255;C04 - Compresor 4 - 127;R02 - Rolitera 2;0,0;0,0;0,0;MOLIDO EN BOLSA 14 KG;24;0,0;14;336
31;10;2024;2024-10-31;rmanera;Alta Producción de Hielo;1255;C04 - Compresor 4 - 127;R02 - Rolitera 2;0,0;0,0;0,0;ROLITO EN BOLSAS 2 KG;652;0,0;2;1304
31;10;2024;2024-10-31;rmanera;Alta Producción de Hielo;1255;C04 - Compresor 4 - 127;R02 - Rolitera 2;0,0;0,0;0,0;ROLITO EN BOLSAS 7 KG;85;0,0;7;595
1;11;2024;2024-11-01;rmanera;Alta Producción de Hielo;1256;C04 - Compresor 4 - 127;R01 - Rolitera 1;3368,41;3384,2;15,789999999999964;ROLITO EN BOLSAS 14 KG;141;15,789999999999964;14;1974
1;11;2024;2024-11-01;rmanera;Alta Producción de Hielo;1256;C04 - Compresor 4 - 127;R01 - Rolitera 1;3368,41;3384,2;15,789999999999964;ROLITO EN BOLSAS 2 KG;254;15,789999999999964;2;508
1;11;2024;2024-11-01;rmanera;Alta Producción de Hielo;1257;C04 - Compresor 4 - 127;R02 - Rolitera 2;0,0;0,0;0,0;ROLITO EN BOLSAS 2 KG;1245;0,0;2;2490
1;11;2024;2024-11-01;rmanera;Alta Producción de Hielo;1257;C04 - Compresor 4 - 127;R02 - Rolitera 2;0,0;0,0;0,0;ROLITO EN BOLSAS 4 KG;10;0,0;4;40
2;11;2024;2024-11-02;rmanera;Alta Producción de Hielo;1258;C04 - Compresor 4 - 127;R01 - Rolitera 1;3334,2;3390,07;55,870000000000346;ROLITO EN BOLSAS 14 KG;101;5,509999999999991;14;1414
2;11;2024;2024-11-02;rmanera;Alta Producción de Hielo;1258;C04 - Compresor 4 - 127;R01 - Rolitera 1;3334,2;3390,07;55,870000000000346;ROLITO EN BOLSAS 2 KG;210;5,509999999999991;2;420
2;11;2024;2024-11-02;rmanera;Alta Producción de Hielo;1259;C04 - Compresor 4 - 127;R02 - Rolitera 2;0,0;0,0;0,0;ROLITO EN BOLSAS 14 KG;75;0,0;14;1050
2;11;2024;2024-11-02;rmanera;Alta Producción de Hielo;1259;C04 - Compresor 4 - 127;R02 - Rolitera 2;0,0;0,0;0,0;ROLITO EN BOLSAS 2 KG;375;0,0;2;750
4;11;2024;2024-11-04;rmanera;Alta Producción de Hielo;1260;C04 - Compresor 4 - 127;R01 - Rolitera 1;3396,21;3409,63;13,420000000000073;ROLITO EN BOLSAS 14 KG;9;13,420000000000073;14;126
4;11;2024;2024-11-04;rmanera;Alta Producción de Hielo;1260;C04 - Compresor 4 - 127;R01 - Rolitera 1;3396,21;3409,63;13,420000000000073;ROLITO EN BOLSAS 2 KG;825;13,420000000000073;2;1650
4;11;2024;2024-11-04;rmanera;Alta Producción de Hielo;1261;C04 - Compresor 4 - 127;R02 - Rolitera 2;0,0;0,0;0,0;ROLITO EN BOLSAS 14 KG;114;0,0;14;1596
4;11;2024;2024-11-04;rmanera;Alta Producción de Hielo;1261;C04 - Compresor 4 - 127;R02 - Rolitera 2;0,0;0,0;0,0;ROLITO EN BOLSAS 2 KG;340;0,0;2;680
5;11;2024;2024-11-05;rmanera;Alta Producción de Hielo;1262;C04 - Compresor 4 - 127;R01 - Rolitera 1;3409,63;3425,33;15,699999999999818;ROLITO EN BOLSAS 14 KG;9;15,699999999999818;14;126
5;11;2024;2024-11-05;rmanera;Alta Producción de Hielo;1262;C04 - Compresor 4 - 127;R01 - Rolitera 1;3409,63;3425,33;15,699999999999818;ROLITO EN BOLSAS 2 KG;978;15,699999999999818;2;1956
5;11;2024;2024-11-05;rmanera;Alta Producción de Hielo;1263;C04 - Compresor 4 - 127;R02 - Rolitera 2;0,0;0,0;0,0;ROLITO EN BOLSAS 14 KG;235;0,0;14;3290
6;11;2024;2024-11-06;rmanera;Alta Producción de Hielo;1264;C04 - Compresor 4 - 127;R01 - Rolitera 1;3425,33;3425,33;0,0;ROLITO EN BOLSAS 2 KG;839;5,509999999999991;2;1678
6;11;2024;2024-11-06;rmanera;Alta Producción de Hielo;1264;C04 - Compresor 4 - 127;R01 - Rolitera 1;3425,33;3425,33;0,0;ROLITO EN BOLSAS 4 KG;63;5,509999999999991;4;252
6;11;2024;2024-11-06;rmanera;Alta Producción de Hielo;1265;C04 - Compresor 4 - 127;R02 - Rolitera 2;0,0;0,0;0,0;ROLITO EN BOLSAS 14 KG;165;0,0;14;2310
6;11;2024;2024-11-06;rmanera;Alta Producción de Hielo;1265;C04 - Compresor 4 - 127;R02 - Rolitera 2;0,0;0,0;0,0;ROLITO EN BOLSAS 2 KG;268;0,0;2;536
6;11;2024;2024-11-06;rmanera;Alta Producción de Hielo;1265;C04 - Compresor 4 - 127;R02 - Rolitera 2;0,0;0,0;0,0;ROLITO EN BOLSAS 4 KG;77;0,0;4;308
7;11;2024;2024-11-07;rmanera;Alta Producción de Hielo;1266;C04 - Compresor 4 - 127;R01 - Rolitera 1;3446,6;3452,66;6,059999999999945;ROLITO EN BOLSAS 14 KG;53;6,059999999999945;14;742
7;11;2024;2024-11-07;rmanera;Alta Producción de Hielo;1266;C04 - Compresor 4 - 127;R01 - Rolitera 1;3446,6;3452,66;6,059999999999945;ROLITO EN BOLSAS 2 KG;344;6,059999999999945;2;688
7;11;2024;2024-11-07;rmanera;Alta Producción de Hielo;1267;C04 - Compresor 4 - 127;R02 - Rolitera 2;0,0;0,0;0,0;ROLITO EN BOLSAS 14 KG;116;0,0;14;1624
8;11;2024;2024-11-08;rmanera;Alta Producción de Hielo;1268;C04 - Compresor 4 - 127;R01 - Rolitera 1;3452,66;3468,62;15,960000000000036;ROLITO EN BOLSAS 14 KG;9;15,960000000000036;14;126
8;11;2024;2024-11-08;rmanera;Alta Producción de Hielo;1268;C04 - Compresor 4 - 127;R01 - Rolitera 1;3452,66;3468,62;15,960000000000036;ROLITO EN BOLSAS 2 KG;991;15,960000000000036;2;1982
8;11;2024;2024-11-08;rmanera;Alta Producción de Hielo;1269;C04 - Compresor 4 - 127;R02 - Rolitera 2;0,0;0,0;0,0;ROLITO EN BOLSAS 14 KG;243;0,0;14;3402
8;11;2024;2024-11-08;rmanera;Alta Producción de Hielo;1269;C04 - Compresor 4 - 127;R02 - Rolitera 2;0,0;0,0;0,0;ROLITO EN BOLSAS 2 KG;69;0,0;2;138
9;11;2024;2024-11-09;rmanera;Alta Producción de Hielo;1270;C04 - Compresor 4 - 127;R01 - Rolitera 1;3468,62;3476,9;8,2800000000002;ROLITO EN BOLSAS 14 KG;14;8,2800000000002;14;196
9;11;2024;2024-11-09;rmanera;Alta Producción de Hielo;1270;C04 - Compresor 4 - 127;R01 - Rolitera 1;3468,62;3476,9;8,2800000000002;ROLITO EN BOLSAS 2 KG;413;8,2800000000002;2;826
9;11;2024;2024-11-09;rmanera;Alta Producción de Hielo;1271;C04 - Compresor 4 - 127;R02 - Rolitera 2;0,0;0,0;0,0;ROLITO EN BOLSAS 2 KG;0;0,0;2;0
11;11;2024;2024-11-11;rmanera;Alta Producción de Hielo;1272;C04 - Compresor 4 - 127;R01 - Rolitera 1;3476,09;3491,18;15,08999999999969;ROLITO EN BOLSAS 2 KG;901;15,08999999999969;2;1802
11;11;2024;2024-11-11;rmanera;Alta Producción de Hielo;1273;C04 - Compresor 4 - 127;R02 - Rolitera 2;0,0;0,0;0,0;ROLITO EN BOLSAS 14 KG;105;0,0;14;1470
11;11;2024;2024-11-11;rmanera;Alta Producción de Hielo;1273;C04 - Compresor 4 - 127;R02 - Rolitera 2;0,0;0,0;0,0;ROLITO EN BOLSAS 2 KG;332;0,0;2;664
12;11;2024;2024-11-12;rmanera;Alta Producción de Hielo;1274;C04 - Compresor 4 - 127;R01 - Rolitera 1;3491,18;3506,66;15,480000000000018;ROLITO EN BOLSAS 2 KG;882;15,480000000000018;2;1764
12;11;2024;2024-11-12;rmanera;Alta Producción de Hielo;1275;C04 - Compresor 4 - 127;R02 - Rolitera 2;3491,18;3506,66;15,480000000000018;ROLITO EN BOLSAS 14 KG;77;15,480000000000018;14;1078
12;11;2024;2024-11-12;rmanera;Alta Producción de Hielo;1275;C04 - Compresor 4 - 127;R02 - Rolitera 2;3491,18;3506,66;15,480000000000018;ROLITO EN BOLSAS 2 KG;1008;15,480000000000018;2;2016
13;11;2024;2024-11-13;rmanera;Alta Producción de Hielo;1276;C04 - Compresor 4 - 127;R01 - Rolitera 1;3514,06;3519,33;5,269999999999982;ROLITO EN BOLSAS 2 KG;189;5,269999999999982;2;378
13;11;2024;2024-11-13;rmanera;Alta Producción de Hielo;1277;C04 - Compresor 4 - 127;R02 - Rolitera 2;0,0;0,0;0,0;ROLITO EN BOLSAS 2 KG;330;0,0;2;660
13;11;2024;2024-11-13;rmanera;Alta Producción de Hielo;1278;C04 - Compresor 4 - 127;R01 - Rolitera 1;3506,66;3510,66;4,0;ROLITO EN BOLSAS 2 KG;152;4,0;2;304
13;11;2024;2024-11-13;rmanera;Alta Producción de Hielo;1279;C04 - Compresor 4 - 127;R02 - Rolitera 2;0,0;0,0;0,0;ROLITO EN BOLSAS 2 KG;342;0,0;2;684
13;11;2024;2024-11-13;rmanera;Alta Producción de Hielo;1280;C04 - Compresor 4 - 127;R01 - Rolitera 1;3510,66;3514,06;3,400000000000091;ROLITO EN BOLSAS 14 KG;9;3,400000000000091;14;126
13;11;2024;2024-11-13;rmanera;Alta Producción de Hielo;1280;C04 - Compresor 4 - 127;R01 - Rolitera 1;3510,66;3514,06;3,400000000000091;ROLITO EN BOLSAS 2 KG;101;3,400000000000091;2;202
13;11;2024;2024-11-13;rmanera;Alta Producción de Hielo;1281;C04 - Compresor 4 - 127;R02 - Rolitera 2;0,0;0,0;0,0;ROLITO EN BOLSAS 14 KG;12;0,0;14;168
13;11;2024;2024-11-13;rmanera;Alta Producción de Hielo;1281;C04 - Compresor 4 - 127;R02 - Rolitera 2;0,0;0,0;0,0;ROLITO EN BOLSAS 2 KG;199;0,0;2;398
13;11;2024;2024-11-13;rmanera;Alta Producción de Hielo;1282;C02 - Compresor 2 - 127;R01 - Rolitera 1;34926,62;34927,16;0,5400000000008731;ROLITO EN BOLSAS 14 KG;12;0,5400000000008731;14;168
13;11;2024;2024-11-13;rmanera;Alta Producción de Hielo;1283;C02 - Compresor 2 - 127;R02 - Rolitera 2;0,0;0,0;0,0;ROLITO EN BOLSAS 14 KG;9;4,279999999998836;14;126
14;11;2024;2024-11-14;rmanera;Alta Producción de Hielo;1284;C04 - Compresor 4 - 127;R01 - Rolitera 1;3519,33;3533,7;14,36999999999989;ROLITO EN BOLSAS 2 KG;604;14,36999999999989;2;1208
14;11;2024;2024-11-14;rmanera;Alta Producción de Hielo;1285;C04 - Compresor 4 - 127;R02 - Rolitera 2;0,0;0,0;0,0;ROLITO EN BOLSAS 14 KG;72;0,0;14;1008
14;11;2024;2024-11-14;rmanera;Alta Producción de Hielo;1285;C04 - Compresor 4 - 127;R02 - Rolitera 2;0,0;0,0;0,0;ROLITO EN BOLSAS 2 KG;746;0,0;2;1492
15;11;2024;2024-11-15;rmanera;Alta Producción de Hielo;1286;C04 - Compresor 4 - 127;R01 - Rolitera 1;3533,7;3538,74;5,039999999999964;ROLITO EN BOLSAS 14 KG;4;5,039999999999964;14;56
15;11;2024;2024-11-15;rmanera;Alta Producción de Hielo;1286;C04 - Compresor 4 - 127;R01 - Rolitera 1;3533,7;3538,74;5,039999999999964;ROLITO EN BOLSAS 2 KG;36;5,039999999999964;2;72
15;11;2024;2024-11-15;rmanera;Alta Producción de Hielo;1287;C04 - Compresor 4 - 127;R02 - Rolitera 2;0,0;0,0;0,0;ROLITO EN BOLSAS 14 KG;38;0,0;14;532
15;11;2024;2024-11-15;rmanera;Alta Producción de Hielo;1287;C04 - Compresor 4 - 127;R02 - Rolitera 2;0,0;0,0;0,0;ROLITO EN BOLSAS 2 KG;266;0,0;2;532
20;11;2024;2024-11-20;rmanera;Alta Producción de Hielo;1288;C02 - Compresor 2 - 127;R01 - Rolitera 1;34939,81;34959,0;19,19000000000233;ROLITO EN BOLSAS 14 KG;74;19,19000000000233;14;1036
20;11;2024;2024-11-20;rmanera;Alta Producción de Hielo;1288;C02 - Compresor 2 - 127;R01 - Rolitera 1;34939,81;34959,0;19,19000000000233;ROLITO EN BOLSAS 2 KG;1323;19,19000000000233;2;2646
21;11;2024;2024-11-21;rmanera;Alta Producción de Hielo;1289;C02 - Compresor 2 - 127;R01 - Rolitera 1;34959,0;34973,0;14,0;ROLITO EN BOLSAS 14 KG;77;14,0;14;1078
21;11;2024;2024-11-21;rmanera;Alta Producción de Hielo;1289;C02 - Compresor 2 - 127;R01 - Rolitera 1;34959,0;34973,0;14,0;ROLITO EN BOLSAS 2 KG;1277;14,0;2;2554
22;11;2024;2024-11-22;rmanera;Alta Producción de Hielo;1290;C02 - Compresor 2 - 127;R01 - Rolitera 1;34977,82;34993,53;15,709999999999127;ROLITO EN BOLSAS 14 KG;93;15,709999999999127;14;1302
22;11;2024;2024-11-22;rmanera;Alta Producción de Hielo;1290;C02 - Compresor 2 - 127;R01 - Rolitera 1;34977,82;34993,53;15,709999999999127;ROLITO EN BOLSAS 2 KG;802;15,709999999999127;2;1604
23;11;2024;2024-11-23;rmanera;Alta Producción de Hielo;1291;C02 - Compresor 2 - 127;R01 - Rolitera 1;34993,53;35008,65;15,12000000000262;ROLITO EN BOLSAS 14 KG;86;15,12000000000262;14;1204
23;11;2024;2024-11-23;rmanera;Alta Producción de Hielo;1291;C02 - Compresor 2 - 127;R01 - Rolitera 1;34993,53;35008,65;15,12000000000262;ROLITO EN BOLSAS 2 KG;852;15,12000000000262;2;1704
25;11;2024;2024-11-25;rmanera;Alta Producción de Hielo;1292;C02 - Compresor 2 - 127;R01 - Rolitera 1;35008,65;35027,0;18,349999999998545;ROLITO EN BOLSAS 14 KG;29;18,349999999998545;14;406
25;11;2024;2024-11-25;rmanera;Alta Producción de Hielo;1292;C02 - Compresor 2 - 127;R01 - Rolitera 1;35008,65;35027,0;18,349999999998545;ROLITO EN BOLSAS 2 KG;1181;18,349999999998545;2;2362
26;11;2024;2024-11-26;rmanera;Alta Producción de Hielo;1293;C02 - Compresor 2 - 127;R01 - Rolitera 1;35008,65;35032,0;23,349999999998545;ROLITO EN BOLSAS 14 KG;101;23,349999999998545;14;1414
26;11;2024;2024-11-26;rmanera;Alta Producción de Hielo;1293;C02 - Compresor 2 - 127;R01 - Rolitera 1;35008,65;35032,0;23,349999999998545;ROLITO EN BOLSAS 2 KG;1144;23,349999999998545;2;2288
26;11;2024;2024-11-26;rmanera;Alta Producción de Hielo;1293;C02 - Compresor 2 - 127;R01 - Rolitera 1;35008,65;35032,0;23,349999999998545;ROLITO EN BOLSAS 4 KG;220;23,349999999998545;4;880
28;11;2024;2024-11-28;rmanera;Alta Producción de Hielo;1294;C02 - Compresor 2 - 127;R01 - Rolitera 1;35075,0;35098,21;23,209999999999127;ROLITO EN BOLSAS 2 KG;1271;23,209999999999127;2;2542
28;11;2024;2024-11-28;rmanera;Alta Producción de Hielo;1294;C02 - Compresor 2 - 127;R01 - Rolitera 1;35075,0;35098,21;23,209999999999127;ROLITO EN BOLSAS 4 KG;165;23,209999999999127;4;660
29;11;2024;2024-11-29;rmanera;Alta Producción de Hielo;1295;C02 - Compresor 2 - 127;R01 - Rolitera 1;35098,21;35112,08;13,87000000000262;ROLITO EN BOLSAS 2 KG;388;13,87000000000262;2;776
29;11;2024;2024-11-29;rmanera;Alta Producción de Hielo;1295;C02 - Compresor 2 - 127;R01 - Rolitera 1;35098,21;35112,08;13,87000000000262;ROLITO EN BOLSAS 7 KG;34;13,87000000000262;7;238
29;11;2024;2024-11-29;rmanera;Alta Producción de Hielo;1296;C04 - Compresor 4 - 127;R01 - Rolitera 1;3538,74;3540,44;1,7000000000002728;ROLITO EN BOLSAS 14 KG;9;1,7000000000002728;14;126
29;11;2024;2024-11-29;rmanera;Alta Producción de Hielo;1296;C04 - Compresor 4 - 127;R01 - Rolitera 1;3538,74;3540,44;1,7000000000002728;ROLITO EN BOLSAS 2 KG;110;1,7000000000002728;2;220
26;11;2024;2024-11-26;rmanera;Alta Producción de Hielo;1297;C02 - Compresor 2 - 127;R01 - Rolitera 1;35032,0;35056,0;24,0;ROLITO EN BOLSAS 14 KG;67;24,0;14;938
26;11;2024;2024-11-26;rmanera;Alta Producción de Hielo;1297;C02 - Compresor 2 - 127;R01 - Rolitera 1;35032,0;35056,0;24,0;ROLITO EN BOLSAS 2 KG;1266;24,0;2;2532
26;11;2024;2024-11-26;rmanera;Alta Producción de Hielo;1297;C02 - Compresor 2 - 127;R01 - Rolitera 1;35032,0;35056,0;24,0;ROLITO EN BOLSAS 4 KG;164;24,0;4;656
30;11;2024;2024-11-30;rmanera;Alta Producción de Hielo;1298;C02 - Compresor 2 - 127;R01 - Rolitera 1;35112,08;35126,63;14,549999999995634;ROLITO EN BOLSAS 14 KG;66;14,549999999995634;14;924
30;11;2024;2024-11-30;rmanera;Alta Producción de Hielo;1298;C02 - Compresor 2 - 127;R01 - Rolitera 1;35112,08;35126,63;14,549999999995634;ROLITO EN BOLSAS 2 KG;845;14,549999999995634;2;1690
30;11;2024;2024-11-30;rmanera;Alta Producción de Hielo;1298;C02 - Compresor 2 - 127;R01 - Rolitera 1;35112,08;35126,63;14,549999999995634;ROLITO EN BOLSAS 4 KG;32;14,549999999995634;4;128
2;12;2024;2024-12-02;rmanera;Alta Producción de Hielo;1299;C02 - Compresor 2 - 127;R01 - Rolitera 1;35126,63;35133,66;7,030000000006112;ROLITO EN BOLSAS 14 KG;9;7,030000000006112;14;126
2;12;2024;2024-12-02;rmanera;Alta Producción de Hielo;1299;C02 - Compresor 2 - 127;R01 - Rolitera 1;35126,63;35133,66;7,030000000006112;ROLITO EN BOLSAS 2 KG;539;7,030000000006112;2;1078
2;12;2024;2024-12-02;rmanera;Alta Producción de Hielo;1300;C04 - Compresor 4 - 127;R01 - Rolitera 1;3540,53;3553,49;12,959999999999582;ROLITO EN BOLSAS 2 KG;111;12,959999999999582;2;222
2;12;2024;2024-12-02;rmanera;Alta Producción de Hielo;1301;C04 - Compresor 4 - 127;R02 - Rolitera 2;3540,53;3553,49;12,959999999999582;ROLITO EN BOLSAS 14 KG;4;12,959999999999582;14;56
2;12;2024;2024-12-02;rmanera;Alta Producción de Hielo;1301;C04 - Compresor 4 - 127;R02 - Rolitera 2;3540,53;3553,49;12,959999999999582;ROLITO EN BOLSAS 2 KG;801;12,959999999999582;2;1602
2;12;2024;2024-12-02;rmanera;Alta Producción de Hielo;1301;C04 - Compresor 4 - 127;R02 - Rolitera 2;3540,53;3553,49;12,959999999999582;ROLITO EN BOLSAS 4 KG;44;12,959999999999582;4;176
3;12;2024;2024-12-03;rmanera;Alta Producción de Hielo;1302;C04 - Compresor 4 - 127;R01 - Rolitera 1;3553,49;3577,53;24,04000000000042;ROLITO EN BOLSAS 14 KG;27;24,04000000000042;14;378
3;12;2024;2024-12-03;rmanera;Alta Producción de Hielo;1302;C04 - Compresor 4 - 127;R01 - Rolitera 1;3553,49;3577,53;24,04000000000042;ROLITO EN BOLSAS 2 KG;1032;24,04000000000042;2;2064
3;12;2024;2024-12-03;rmanera;Alta Producción de Hielo;1303;C04 - Compresor 4 - 127;R02 - Rolitera 2;3553,49;3577,53;24,04000000000042;ROLITO EN BOLSAS 14 KG;144;24,04000000000042;14;2016
3;12;2024;2024-12-03;rmanera;Alta Producción de Hielo;1303;C04 - Compresor 4 - 127;R02 - Rolitera 2;3553,49;3577,53;24,04000000000042;ROLITO EN BOLSAS 2 KG;194;24,04000000000042;2;388
3;12;2024;2024-12-03;rmanera;Alta Producción de Hielo;1303;C04 - Compresor 4 - 127;R02 - Rolitera 2;3553,49;3577,53;24,04000000000042;ROLITO EN BOLSAS 4 KG;259;24,04000000000042;4;1036
4;12;2024;2024-12-04;rmanera;Alta Producción de Hielo;1304;C04 - Compresor 4 - 127;R01 - Rolitera 1;3577,53;3601,37;23,83999999999969;ROLITO EN BOLSAS 14 KG;78;23,83999999999969;14;1092
4;12;2024;2024-12-04;rmanera;Alta Producción de Hielo;1304;C04 - Compresor 4 - 127;R01 - Rolitera 1;3577,53;3601,37;23,83999999999969;ROLITO EN BOLSAS 2 KG;254;23,83999999999969;2;508
4;12;2024;2024-12-04;rmanera;Alta Producción de Hielo;1305;C04 - Compresor 4 - 127;R01 - Rolitera 1;3577,53;3601,37;23,83999999999969;ROLITO EN BOLSAS 14 KG;106;23,83999999999969;14;1484
4;12;2024;2024-12-04;rmanera;Alta Producción de Hielo;1305;C04 - Compresor 4 - 127;R01 - Rolitera 1;3577,53;3601,37;23,83999999999969;ROLITO EN BOLSAS 2 KG;1228;23,83999999999969;2;2456
4;12;2024;2024-12-04;rmanera;Alta Producción de Hielo;1305;C04 - Compresor 4 - 127;R01 - Rolitera 1;3577,53;3601,37;23,83999999999969;ROLITO EN BOLSAS 7 KG;34;23,83999999999969;7;238
5;12;2024;2024-12-05;rmanera;Alta Producción de Hielo;1306;C04 - Compresor 4 - 127;R01 - Rolitera 1;3605,25;3620,48;15,230000000000018;ROLITO EN BOLSAS 2 KG;1228;15,230000000000018;2;2456
5;12;2024;2024-12-05;rmanera;Alta Producción de Hielo;1306;C04 - Compresor 4 - 127;R01 - Rolitera 1;3605,25;3620,48;15,230000000000018;ROLITO EN BOLSAS 7 KG;34;15,230000000000018;7;238
5;12;2024;2024-12-05;rmanera;Alta Producción de Hielo;1307;C04 - Compresor 4 - 127;R02 - Rolitera 2;0,0;0,0;0,0;ROLITO EN BOLSAS 14 KG;78;0,0;14;1092
5;12;2024;2024-12-05;rmanera;Alta Producción de Hielo;1307;C04 - Compresor 4 - 127;R02 - Rolitera 2;0,0;0,0;0,0;ROLITO EN BOLSAS 2 KG;254;0,0;2;508
5;12;2024;2024-12-05;rmanera;Alta Producción de Hielo;1308;C02 - Compresor 2 - 127;R01 - Rolitera 1;35133,66;35137,2;3,539999999993597;ROLITO EN BOLSAS 14 KG;19;3,539999999993597;14;266
5;12;2024;2024-12-05;rmanera;Alta Producción de Hielo;1308;C02 - Compresor 2 - 127;R01 - Rolitera 1;35133,66;35137,2;3,539999999993597;ROLITO EN BOLSAS 2 KG;149;3,539999999993597;2;298
6;12;2024;2024-12-06;rmanera;Alta Producción de Hielo;1309;C02 - Compresor 2 - 127;R01 - Rolitera 1;35137,2;35141,18;3,9800000000032014;ROLITO EN BOLSAS 14 KG;55;3,9800000000032014;14;770
6;12;2024;2024-12-06;rmanera;Alta Producción de Hielo;1310;C02 - Compresor 2 - 127;R01 - Rolitera 1;35141,18;35145,69;4,510000000002037;ROLITO EN BOLSAS 14 KG;9;4,510000000002037;14;126
6;12;2024;2024-12-06;rmanera;Alta Producción de Hielo;1310;C02 - Compresor 2 - 127;R01 - Rolitera 1;35141,18;35145,69;4,510000000002037;ROLITO EN BOLSAS 2 KG;265;4,510000000002037;2;530
6;12;2024;2024-12-06;rmanera;Alta Producción de Hielo;1311;C02 - Compresor 2 - 127;R01 - Rolitera 1;35145,69;35149,72;4,029999999998836;ROLITO EN BOLSAS 14 KG;36;4,029999999998836;14;504
6;12;2024;2024-12-06;rmanera;Alta Producción de Hielo;1311;C02 - Compresor 2 - 127;R01 - Rolitera 1;35145,69;35149,72;4,029999999998836;ROLITO EN BOLSAS 2 KG;152;4,029999999998836;2;304
6;12;2024;2024-12-06;rmanera;Alta Producción de Hielo;1312;C04 - Compresor 4 - 127;R01 - Rolitera 1;3620,72;3627,52;6,800000000000182;ROLITO EN BOLSAS 14 KG;30;6,800000000000182;14;420
6;12;2024;2024-12-06;rmanera;Alta Producción de Hielo;1312;C04 - Compresor 4 - 127;R01 - Rolitera 1;3620,72;3627,52;6,800000000000182;ROLITO EN BOLSAS 2 KG;539;6,800000000000182;2;1078
6;12;2024;2024-12-06;rmanera;Alta Producción de Hielo;1313;C04 - Compresor 4 - 127;R02 - Rolitera 2;3620,72;3627,52;6,800000000000182;ROLITO EN BOLSAS 14 KG;30;6,800000000000182;14;420
6;12;2024;2024-12-06;rmanera;Alta Producción de Hielo;1313;C04 - Compresor 4 - 127;R02 - Rolitera 2;3620,72;3627,52;6,800000000000182;ROLITO EN BOLSAS 2 KG;61;6,800000000000182;2;122
7;12;2024;2024-12-07;rmanera;Alta Producción de Hielo;1314;C02 - Compresor 2 - 127;R01 - Rolitera 1;35149,72;35161,6;11,87999999999738;ROLITO EN BOLSAS 14 KG;56;11,87999999999738;14;784
7;12;2024;2024-12-07;rmanera;Alta Producción de Hielo;1314;C02 - Compresor 2 - 127;R01 - Rolitera 1;35149,72;35161,6;11,87999999999738;ROLITO EN BOLSAS 2 KG;571;11,87999999999738;2;1142
10;12;2024;2024-12-10;rmanera;Alta Producción de Hielo;1315;C04 - Compresor 4 - 127;R01 - Rolitera 1;3631,29;3639,43;8,139999999999873;ROLITO EN BOLSAS 14 KG;42;8,139999999999873;14;588
10;12;2024;2024-12-10;rmanera;Alta Producción de Hielo;1315;C04 - Compresor 4 - 127;R01 - Rolitera 1;3631,29;3639,43;8,139999999999873;ROLITO EN BOLSAS 2 KG;362;8,139999999999873;2;724
10;12;2024;2024-12-10;rmanera;Alta Producción de Hielo;1316;C04 - Compresor 4 - 127;R02 - Rolitera 2;0,0;0,0;0,0;ROLITO EN BOLSAS 14 KG;49;0,0;14;686
10;12;2024;2024-12-10;rmanera;Alta Producción de Hielo;1316;C04 - Compresor 4 - 127;R02 - Rolitera 2;0,0;0,0;0,0;ROLITO EN BOLSAS 2 KG;124;0,0;2;248
10;12;2024;2024-12-10;rmanera;Alta Producción de Hielo;1317;C02 - Compresor 2 - 127;R01 - Rolitera 1;35161,82;36165,49;1003,6699999999983;ROLITO EN BOLSAS 2 KG;319;4,279999999998836;2;638
10;12;2024;2024-12-10;rmanera;Alta Producción de Hielo;1318;C04 - Compresor 4 - 127;R01 - Rolitera 1;3639,43;3643,42;3,9900000000002365;ROLITO EN BOLSAS 14 KG;14;3,9900000000002365;14;196
10;12;2024;2024-12-10;rmanera;Alta Producción de Hielo;1318;C04 - Compresor 4 - 127;R01 - Rolitera 1;3639,43;3643,42;3,9900000000002365;ROLITO EN BOLSAS 2 KG;259;3,9900000000002365;2;518
10;12;2024;2024-12-10;rmanera;Alta Producción de Hielo;1319;C04 - Compresor 4 - 127;R02 - Rolitera 2;0,0;0,0;0,0;ROLITO EN BOLSAS 2 KG;232;0,0;2;464
10;12;2024;2024-12-10;rmanera;Alta Producción de Hielo;1320;C02 - Compresor 2 - 127;R01 - Rolitera 1;35165,49;35169,14;3,650000000001455;ROLITO EN BOLSAS 14 KG;13;3,650000000001455;14;182
10;12;2024;2024-12-10;rmanera;Alta Producción de Hielo;1320;C02 - Compresor 2 - 127;R01 - Rolitera 1;35165,49;35169,14;3,650000000001455;ROLITO EN BOLSAS 2 KG;204;3,650000000001455;2;408
11;12;2024;2024-12-11;rmanera;Alta Producción de Hielo;1321;C04 - Compresor 4 - 127;R01 - Rolitera 1;3643,42;3652,52;9,099999999999909;ROLITO EN BOLSAS 14 KG;14;9,099999999999909;14;196
11;12;2024;2024-12-11;rmanera;Alta Producción de Hielo;1321;C04 - Compresor 4 - 127;R01 - Rolitera 1;3643,42;3652,52;9,099999999999909;ROLITO EN BOLSAS 2 KG;622;9,099999999999909;2;1244
11;12;2024;2024-12-11;rmanera;Alta Producción de Hielo;1322;C04 - Compresor 4 - 127;R02 - Rolitera 2;0,0;0,0;0,0;ROLITO EN BOLSAS 2 KG;247;0,0;2;494
11;12;2024;2024-12-11;rmanera;Alta Producción de Hielo;1322;C04 - Compresor 4 - 127;R02 - Rolitera 2;0,0;0,0;0,0;ROLITO EN BOLSAS 4 KG;111;0,0;4;444
28;12;2024;2024-12-28;rmanera;Alta Producción de Hielo;1323;C04 - Compresor 4 - 127;R01 - Rolitera 1;3653,36;3665,32;11,960000000000036;ROLITO EN BOLSAS 14 KG;111;11,960000000000036;14;1554
28;12;2024;2024-12-28;rmanera;Alta Producción de Hielo;1323;C04 - Compresor 4 - 127;R01 - Rolitera 1;3653,36;3665,32;11,960000000000036;ROLITO EN BOLSAS 2 KG;347;11,960000000000036;2;694
28;12;2024;2024-12-28;rmanera;Alta Producción de Hielo;1324;C04 - Compresor 4 - 127;R02 - Rolitera 2;0,0;0,0;0,0;ROLITO EN BOLSAS 14 KG;90;0,0;14;1260
28;12;2024;2024-12-28;rmanera;Alta Producción de Hielo;1324;C04 - Compresor 4 - 127;R02 - Rolitera 2;0,0;0,0;0,0;ROLITO EN BOLSAS 2 KG;461;0,0;2;922
13;12;2024;2024-12-13;rmanera;Alta Producción de Hielo;1325;C04 - Compresor 4 - 127;R01 - Rolitera 1;3665,32;3677,67;12,349999999999909;ROLITO EN BOLSAS 14 KG;151;12,349999999999909;14;2114
13;12;2024;2024-12-13;rmanera;Alta Producción de Hielo;1326;C04 - Compresor 4 - 127;R02 - Rolitera 2;0,0;0,0;0,0;ROLITO EN BOLSAS 14 KG;99;0,0;14;1386
13;12;2024;2024-12-13;rmanera;Alta Producción de Hielo;1326;C04 - Compresor 4 - 127;R02 - Rolitera 2;0,0;0,0;0,0;ROLITO EN BOLSAS 2 KG;318;0,0;2;636
14;12;2024;2024-12-14;rmanera;Alta Producción de Hielo;1327;C04 - Compresor 4 - 127;R01 - Rolitera 1;35169,14;35173,84;4,69999999999709;ROLITO EN BOLSAS 14 KG;54;4,69999999999709;14;756
14;12;2024;2024-12-14;rmanera;Alta Producción de Hielo;1327;C04 - Compresor 4 - 127;R01 - Rolitera 1;35169,14;35173,84;4,69999999999709;ROLITO EN BOLSAS 2 KG;100;4,69999999999709;2;200
14;12;2024;2024-12-14;rmanera;Alta Producción de Hielo;1328;C04 - Compresor 4 - 127;R01 - Rolitera 1;3677,67;3687,43;9,759999999999764;ROLITO EN BOLSAS 14 KG;114;9,759999999999764;14;1596
14;12;2024;2024-12-14;rmanera;Alta Producción de Hielo;1329;C04 - Compresor 4 - 127;R02 - Rolitera 2;0,0;0,0;0,0;ROLITO EN BOLSAS 14 KG;96;0,0;14;1344
14;12;2024;2024-12-14;rmanera;Alta Producción de Hielo;1329;C04 - Compresor 4 - 127;R02 - Rolitera 2;0,0;0,0;0,0;ROLITO EN BOLSAS 2 KG;331;0,0;2;662
16;12;2024;2024-12-16;rmanera;Alta Producción de Hielo;1330;C02 - Compresor 2 - 127;R01 - Rolitera 1;35175,4;35183,15;7,75;ROLITO EN BOLSAS 14 KG;77;7,75;14;1078
16;12;2024;2024-12-16;rmanera;Alta Producción de Hielo;1330;C02 - Compresor 2 - 127;R01 - Rolitera 1;35175,4;35183,15;7,75;ROLITO EN BOLSAS 2 KG;194;7,75;2;388
16;12;2024;2024-12-16;rmanera;Alta Producción de Hielo;1331;C02 - Compresor 2 - 127;R01 - Rolitera 1;35173,84;35175,37;1,5300000000061118;ROLITO EN BOLSAS 14 KG;7;1,5300000000061118;14;98
16;12;2024;2024-12-16;rmanera;Alta Producción de Hielo;1331;C02 - Compresor 2 - 127;R01 - Rolitera 1;35173,84;35175,37;1,5300000000061118;ROLITO EN BOLSAS 2 KG;104;1,5300000000061118;2;208
16;12;2024;2024-12-16;rmanera;Alta Producción de Hielo;1332;C04 - Compresor 4 - 127;R01 - Rolitera 1;3687,43;3690,87;3,4400000000000546;ROLITO EN BOLSAS 2 KG;196;3,4400000000000546;2;392
16;12;2024;2024-12-16;rmanera;Alta Producción de Hielo;1333;C04 - Compresor 4 - 127;R02 - Rolitera 2;0,0;0,0;0,0;ROLITO EN BOLSAS 2 KG;257;0,0;2;514
16;12;2024;2024-12-16;rmanera;Alta Producción de Hielo;1334;C04 - Compresor 4 - 127;R01 - Rolitera 1;3690,87;3697,68;6,809999999999945;ROLITO EN BOLSAS 14 KG;23;6,809999999999945;14;322
16;12;2024;2024-12-16;rmanera;Alta Producción de Hielo;1334;C04 - Compresor 4 - 127;R01 - Rolitera 1;3690,87;3697,68;6,809999999999945;ROLITO EN BOLSAS 2 KG;118;6,809999999999945;2;236
16;12;2024;2024-12-16;rmanera;Alta Producción de Hielo;1335;C04 - Compresor 4 - 127;R01 - Rolitera 1;0,0;0,0;0,0;ROLITO EN BOLSAS 14 KG;23;5,509999999999991;14;322
16;12;2024;2024-12-16;rmanera;Alta Producción de Hielo;1335;C04 - Compresor 4 - 127;R01 - Rolitera 1;0,0;0,0;0,0;ROLITO EN BOLSAS 2 KG;118;5,509999999999991;2;236
17;12;2024;2024-12-17;rmanera;Alta Producción de Hielo;1336;C02 - Compresor 2 - 127;R01 - Rolitera 1;35183,15;3518903,0;3483719,85;ROLITO EN BOLSAS 14 KG;34;4,279999999998836;14;476
17;12;2024;2024-12-17;rmanera;Alta Producción de Hielo;1336;C02 - Compresor 2 - 127;R01 - Rolitera 1;35183,15;3518903,0;3483719,85;ROLITO EN BOLSAS 2 KG;308;4,279999999998836;2;616
17;12;2024;2024-12-17;rmanera;Alta Producción de Hielo;1337;C02 - Compresor 2 - 127;R01 - Rolitera 1;35189,03;35193,03;4,0;ROLITO EN BOLSAS 14 KG;9;4,0;14;126
17;12;2024;2024-12-17;rmanera;Alta Producción de Hielo;1337;C02 - Compresor 2 - 127;R01 - Rolitera 1;35189,03;35193,03;4,0;ROLITO EN BOLSAS 2 KG;305;4,0;2;610
17;12;2024;2024-12-17;rmanera;Alta Producción de Hielo;1338;C04 - Compresor 4 - 127;R01 - Rolitera 1;3697,68;3707,04;9,360000000000127;ROLITO EN BOLSAS 14 KG;135;9,360000000000127;14;1890
17;12;2024;2024-12-17;rmanera;Alta Producción de Hielo;1339;C04 - Compresor 4 - 127;R02 - Rolitera 2;0,0;0,0;0,0;ROLITO EN BOLSAS 14 KG;108;0,0;14;1512
17;12;2024;2024-12-17;rmanera;Alta Producción de Hielo;1339;C04 - Compresor 4 - 127;R02 - Rolitera 2;0,0;0,0;0,0;ROLITO EN BOLSAS 2 KG;115;0,0;2;230
18;12;2024;2024-12-18;rmanera;Alta Producción de Hielo;1340;C02 - Compresor 2 - 127;R01 - Rolitera 1;35193,03;35197,57;4,540000000000873;ROLITO EN BOLSAS 14 KG;61;4,540000000000873;14;854
18;1;2025;2025-01-18;rmanera;Alta Producción de Hielo;1341;C02 - Compresor 2 - 127;R01 - Rolitera 1;35197,68;35203,68;6,0;ROLITO EN BOLSAS 2 KG;526;6,0;2;1052
18;12;2024;2024-12-18;rmanera;Alta Producción de Hielo;1342;C04 - Compresor 4 - 127;R01 - Rolitera 1;3710,99;3716,88;5,890000000000327;ROLITO EN BOLSAS 14 KG;87;5,890000000000327;14;1218
18;12;2024;2024-12-18;rmanera;Alta Producción de Hielo;1343;C04 - Compresor 4 - 127;R02 - Rolitera 2;0,0;0,0;0,0;ROLITO EN BOLSAS 14 KG;78;0,0;14;1092
18;12;2024;2024-12-18;rmanera;Alta Producción de Hielo;1344;C04 - Compresor 4 - 127;R01 - Rolitera 1;3707,04;3710,99;3,949999999999818;ROLITO EN BOLSAS 14 KG;53;3,949999999999818;14;742
18;12;2024;2024-12-18;rmanera;Alta Producción de Hielo;1345;C04 - Compresor 4 - 127;R02 - Rolitera 2;0,0;0,0;0,0;ROLITO EN BOLSAS 14 KG;48;0,0;14;672
19;12;2024;2024-12-19;rmanera;Alta Producción de Hielo;1346;C04 - Compresor 4 - 127;R01 - Rolitera 1;3716,88;3720,62;3,7399999999997817;ROLITO EN BOLSAS 14 KG;51;3,7399999999997817;14;714
19;12;2024;2024-12-19;rmanera;Alta Producción de Hielo;1347;C04 - Compresor 4 - 127;R02 - Rolitera 2;0,0;0,0;0,0;ROLITO EN BOLSAS 14 KG;54;0,0;14;756
20;12;2024;2024-12-20;rmanera;Alta Producción de Hielo;1348;C04 - Compresor 4 - 127;R01 - Rolitera 1;3720,62;3724,11;3,4900000000002365;ROLITO EN BOLSAS 14 KG;58;3,4900000000002365;14;812
20;12;2024;2024-12-20;rmanera;Alta Producción de Hielo;1349;C04 - Compresor 4 - 127;R01 - Rolitera 1;3724,11;3731,98;7,869999999999891;ROLITO EN BOLSAS 14 KG;51;7,869999999999891;14;714
20;12;2024;2024-12-20;rmanera;Alta Producción de Hielo;1349;C04 - Compresor 4 - 127;R01 - Rolitera 1;3724,11;3731,98;7,869999999999891;ROLITO EN BOLSAS 7 KG;155;7,869999999999891;7;1085
20;12;2024;2024-12-20;rmanera;Alta Producción de Hielo;1350;C04 - Compresor 4 - 127;R02 - Rolitera 2;0,0;0,0;0,0;ROLITO EN BOLSAS 2 KG;312;0,0;2;624
20;12;2024;2024-12-20;rmanera;Alta Producción de Hielo;1351;C04 - Compresor 4 - 127;R01 - Rolitera 1;3732,69;3740,65;7,960000000000036;ROLITO EN BOLSAS 2 KG;143;7,960000000000036;2;286
20;12;2024;2024-12-20;rmanera;Alta Producción de Hielo;1352;C04 - Compresor 4 - 127;R02 - Rolitera 2;0,0;0,0;0,0;ROLITO EN BOLSAS 14 KG;118;0,0;14;1652
20;12;2024;2024-12-20;rmanera;Alta Producción de Hielo;1352;C04 - Compresor 4 - 127;R02 - Rolitera 2;0,0;0,0;0,0;ROLITO EN BOLSAS 2 KG;125;0,0;2;250
19;12;2024;2024-12-19;rmanera;Alta Producción de Hielo;1353;C02 - Compresor 2 - 127;R01 - Rolitera 1;35208,25;35215,79;7,540000000000873;ROLITO EN BOLSAS 14 KG;86;7,540000000000873;14;1204
19;12;2024;2024-12-19;rmanera;Alta Producción de Hielo;1353;C02 - Compresor 2 - 127;R01 - Rolitera 1;35208,25;35215,79;7,540000000000873;ROLITO EN BOLSAS 7 KG;113;7,540000000000873;7;791
19;12;2024;2024-12-19;rmanera;Alta Producción de Hielo;1354;C02 - Compresor 2 - 127;R02 - Rolitera 2;0,0;0,0;0,0;ROLITO EN BOLSAS 2 KG;213;4,279999999998836;2;426
19;12;2024;2024-12-19;rmanera;Alta Producción de Hielo;1355;C02 - Compresor 2 - 127;R01 - Rolitera 1;35215,79;35217,73;1,9400000000023283;ROLITO EN BOLSAS 14 KG;10;1,9400000000023283;14;140
19;12;2024;2024-12-19;rmanera;Alta Producción de Hielo;1355;C02 - Compresor 2 - 127;R01 - Rolitera 1;35215,79;35217,73;1,9400000000023283;ROLITO EN BOLSAS 2 KG;157;1,9400000000023283;2;314
20;12;2024;2024-12-20;rmanera;Alta Producción de Hielo;1356;C02 - Compresor 2 - 127;R01 - Rolitera 1;35218,44;35221,64;3,1999999999970896;ROLITO EN BOLSAS 14 KG;89;3,1999999999970896;14;1246
20;12;2024;2024-12-20;rmanera;Alta Producción de Hielo;1356;C02 - Compresor 2 - 127;R01 - Rolitera 1;35218,44;35221,64;3,1999999999970896;ROLITO EN BOLSAS 2 KG;264;3,1999999999970896;2;528
21;12;2024;2024-12-21;rmanera;Alta Producción de Hielo;1357;C04 - Compresor 4 - 127;R01 - Rolitera 1;3740,65;3754,67;14,019999999999982;ROLITO EN BOLSAS 14 KG;185;14,019999999999982;14;2590
21;12;2024;2024-12-21;rmanera;Alta Producción de Hielo;1358;C04 - Compresor 4 - 127;R01 - Rolitera 1;0,0;0,0;0,0;ROLITO EN BOLSAS 14 KG;185;5,509999999999991;14;2590
23;12;2024;2024-12-23;rmanera;Alta Producción de Hielo;1359;C04 - Compresor 4 - 127;R01 - Rolitera 1;3762,57;3774,58;12,009999999999764;ROLITO EN BOLSAS 14 KG;84;12,009999999999764;14;1176
23;12;2024;2024-12-23;rmanera;Alta Producción de Hielo;1359;C04 - Compresor 4 - 127;R01 - Rolitera 1;3762,57;3774,58;12,009999999999764;ROLITO EN BOLSAS 2 KG;327;12,009999999999764;2;654
23;12;2024;2024-12-23;rmanera;Alta Producción de Hielo;1359;C04 - Compresor 4 - 127;R01 - Rolitera 1;3762,57;3774,58;12,009999999999764;ROLITO EN BOLSAS 4 KG;61;12,009999999999764;4;244
23;12;2024;2024-12-23;rmanera;Alta Producción de Hielo;1359;C04 - Compresor 4 - 127;R01 - Rolitera 1;3762,57;3774,58;12,009999999999764;ROLITO EN BOLSAS 7 KG;13;12,009999999999764;7;91
24;11;2024;2024-11-24;rmanera;Alta Producción de Hielo;1360;C04 - Compresor 4 - 127;R02 - Rolitera 2;0,0;0,0;0,0;ROLITO EN BOLSAS 14 KG;83;0,0;14;1162
24;11;2024;2024-11-24;rmanera;Alta Producción de Hielo;1360;C04 - Compresor 4 - 127;R02 - Rolitera 2;0,0;0,0;0,0;ROLITO EN BOLSAS 2 KG;556;0,0;2;1112
24;1;2025;2025-01-24;rmanera;Alta Producción de Hielo;1361;C04 - Compresor 4 - 127;R01 - Rolitera 1;3774,58;3782,35;7,769999999999982;ROLITO EN BOLSAS 14 KG;65;7,769999999999982;14;910
24;1;2025;2025-01-24;rmanera;Alta Producción de Hielo;1361;C04 - Compresor 4 - 127;R01 - Rolitera 1;3774,58;3782,35;7,769999999999982;ROLITO EN BOLSAS 2 KG;2;7,769999999999982;2;4
24;1;2025;2025-01-24;rmanera;Alta Producción de Hielo;1361;C04 - Compresor 4 - 127;R01 - Rolitera 1;3774,58;3782,35;7,769999999999982;ROLITO EN BOLSAS 4 KG;1;7,769999999999982;4;4
24;1;2025;2025-01-24;rmanera;Alta Producción de Hielo;1361;C04 - Compresor 4 - 127;R01 - Rolitera 1;3774,58;3782,35;7,769999999999982;ROLITO EN BOLSAS 7 KG;270;7,769999999999982;7;1890
24;12;2024;2024-12-24;rmanera;Alta Producción de Hielo;1362;C04 - Compresor 4 - 127;R02 - Rolitera 2;0,0;0,0;0,0;ROLITO EN BOLSAS 14 KG;30;0,0;14;420
24;12;2024;2024-12-24;rmanera;Alta Producción de Hielo;1362;C04 - Compresor 4 - 127;R02 - Rolitera 2;0,0;0,0;0,0;ROLITO EN BOLSAS 2 KG;443;0,0;2;886
26;12;2024;2024-12-26;rmanera;Alta Producción de Hielo;1363;C02 - Compresor 2 - 127;R01 - Rolitera 1;3521,64;35727,42;32205,78;ROLITO EN BOLSAS 14 KG;2;4,279999999998836;14;28
26;12;2024;2024-12-26;rmanera;Alta Producción de Hielo;1363;C02 - Compresor 2 - 127;R01 - Rolitera 1;3521,64;35727,42;32205,78;ROLITO EN BOLSAS 2 KG;446;4,279999999998836;2;892
26;12;2024;2024-12-26;rmanera;Alta Producción de Hielo;1364;C04 - Compresor 4 - 127;R01 - Rolitera 1;3782,35;3786,82;4,470000000000255;ROLITO EN BOLSAS 14 KG;24;4,470000000000255;14;336
26;12;2024;2024-12-26;rmanera;Alta Producción de Hielo;1364;C04 - Compresor 4 - 127;R01 - Rolitera 1;3782,35;3786,82;4,470000000000255;ROLITO EN BOLSAS 2 KG;239;4,470000000000255;2;478
26;12;2024;2024-12-26;rmanera;Alta Producción de Hielo;1365;C04 - Compresor 4 - 127;R02 - Rolitera 2;0,0;0,0;0,0;ROLITO EN BOLSAS 14 KG;12;0,0;14;168
26;12;2024;2024-12-26;rmanera;Alta Producción de Hielo;1365;C04 - Compresor 4 - 127;R02 - Rolitera 2;0,0;0,0;0,0;ROLITO EN BOLSAS 2 KG;289;0,0;2;578
27;12;2024;2024-12-27;rmanera;Alta Producción de Hielo;1366;C04 - Compresor 4 - 127;R01 - Rolitera 1;3786,82;3795,44;8,61999999999989;ROLITO EN BOLSAS 14 KG;28;8,61999999999989;14;392
27;12;2024;2024-12-27;rmanera;Alta Producción de Hielo;1366;C04 - Compresor 4 - 127;R01 - Rolitera 1;3786,82;3795,44;8,61999999999989;ROLITO EN BOLSAS 2 KG;564;8,61999999999989;2;1128
27;12;2024;2024-12-27;rmanera;Alta Producción de Hielo;1366;C04 - Compresor 4 - 127;R01 - Rolitera 1;3786,82;3795,44;8,61999999999989;ROLITO EN BOLSAS 7 KG;3;8,61999999999989;7;21
27;12;2024;2024-12-27;rmanera;Alta Producción de Hielo;1367;C04 - Compresor 4 - 127;R02 - Rolitera 2;0,0;0,0;0,0;ROLITO EN BOLSAS 14 KG;23;0,0;14;322
27;12;2024;2024-12-27;rmanera;Alta Producción de Hielo;1367;C04 - Compresor 4 - 127;R02 - Rolitera 2;0,0;0,0;0,0;ROLITO EN BOLSAS 2 KG;547;0,0;2;1094
27;12;2024;2024-12-27;rmanera;Alta Producción de Hielo;1368;C02 - Compresor 2 - 127;R01 - Rolitera 1;35232,0;35235,15;3,150000000001455;ROLITO EN BOLSAS 2 KG;247;3,150000000001455;2;494
28;12;2024;2024-12-28;rmanera;Alta Producción de Hielo;1369;C04 - Compresor 4 - 127;R01 - Rolitera 1;5795,44;5807,31;11,8700000000008;ROLITO EN BOLSAS 14 KG;38;11,8700000000008;14;532
28;12;2024;2024-12-28;rmanera;Alta Producción de Hielo;1369;C04 - Compresor 4 - 127;R01 - Rolitera 1;5795,44;5807,31;11,8700000000008;ROLITO EN BOLSAS 2 KG;704;11,8700000000008;2;1408
28;12;2024;2024-12-28;rmanera;Alta Producción de Hielo;1370;C04 - Compresor 4 - 127;R02 - Rolitera 2;0,0;0,0;0,0;ROLITO EN BOLSAS 14 KG;12;0,0;14;168
28;12;2024;2024-12-28;rmanera;Alta Producción de Hielo;1370;C04 - Compresor 4 - 127;R02 - Rolitera 2;0,0;0,0;0,0;ROLITO EN BOLSAS 2 KG;734;0,0;2;1468
30;12;2024;2024-12-30;rmanera;Alta Producción de Hielo;1371;C04 - Compresor 4 - 127;R01 - Rolitera 1;3807,31;3819,04;11,730000000000018;ROLITO EN BOLSAS 14 KG;26;11,730000000000018;14;364
30;12;2024;2024-12-30;rmanera;Alta Producción de Hielo;1371;C04 - Compresor 4 - 127;R01 - Rolitera 1;3807,31;3819,04;11,730000000000018;ROLITO EN BOLSAS 2 KG;755;11,730000000000018;2;1510
30;12;2024;2024-12-30;rmanera;Alta Producción de Hielo;1372;C04 - Compresor 4 - 127;R02 - Rolitera 2;0,0;0,0;0,0;ROLITO EN BOLSAS 14 KG;2;0,0;14;28
30;12;2024;2024-12-30;rmanera;Alta Producción de Hielo;1372;C04 - Compresor 4 - 127;R02 - Rolitera 2;0,0;0,0;0,0;ROLITO EN BOLSAS 2 KG;866;0,0;2;1732
31;12;2024;2024-12-31;rmanera;Alta Producción de Hielo;1373;C04 - Compresor 4 - 127;R01 - Rolitera 1;3819,04;3823,04;4,0;ROLITO EN BOLSAS 14 KG;44;4,0;14;616
31;12;2024;2024-12-31;rmanera;Alta Producción de Hielo;1373;C04 - Compresor 4 - 127;R01 - Rolitera 1;3819,04;3823,04;4,0;ROLITO EN BOLSAS 2 KG;51;4,0;2;102
31;12;2024;2024-12-31;rmanera;Alta Producción de Hielo;1374;C04 - Compresor 4 - 127;R02 - Rolitera 2;0,0;0,0;0,0;ROLITO EN BOLSAS 2 KG;293;0,0;2;586
31;12;2024;2024-12-31;rmanera;Alta Producción de Hielo;1375;C02 - Compresor 2 - 127;R01 - Rolitera 1;35241,23;35249,28;8,049999999995634;ROLITO EN BOLSAS 2 KG;354;8,049999999995634;2;708
2;1;2025;2025-01-02;rmanera;Alta Producción de Hielo;1376;C02 - Compresor 2 - 127;R01 - Rolitera 1;35249,28;35253,34;4,059999999997672;ROLITO EN BOLSAS 2 KG;262;4,059999999997672;2;524
2;1;2025;2025-01-02;rmanera;Alta Producción de Hielo;1377;C02 - Compresor 2 - 127;R01 - Rolitera 1;35253,34;35257,35;4,010000000002037;ROLITO EN BOLSAS 2 KG;315;4,010000000002037;2;630
2;1;2025;2025-01-02;rmanera;Alta Producción de Hielo;1378;C04 - Compresor 4 - 127;R01 - Rolitera 1;3823,04;3830,77;7,730000000000018;ROLITO EN BOLSAS 14 KG;4;7,730000000000018;14;56
2;1;2025;2025-01-02;rmanera;Alta Producción de Hielo;1378;C04 - Compresor 4 - 127;R01 - Rolitera 1;3823,04;3830,77;7,730000000000018;ROLITO EN BOLSAS 2 KG;555;7,730000000000018;2;1110
2;1;2025;2025-01-02;rmanera;Alta Producción de Hielo;1378;C04 - Compresor 4 - 127;R01 - Rolitera 1;3823,04;3830,77;7,730000000000018;ROLITO EN BOLSAS 4 KG;1;7,730000000000018;4;4
2;1;2025;2025-01-02;rmanera;Alta Producción de Hielo;1378;C04 - Compresor 4 - 127;R01 - Rolitera 1;3823,04;3830,77;7,730000000000018;ROLITO EN BOLSAS 7 KG;1;7,730000000000018;7;7
2;1;2025;2025-01-02;rmanera;Alta Producción de Hielo;1379;C04 - Compresor 4 - 127;R02 - Rolitera 2;0,0;0,0;0,0;ROLITO EN BOLSAS 14 KG;6;0,0;14;84
2;1;2025;2025-01-02;rmanera;Alta Producción de Hielo;1379;C04 - Compresor 4 - 127;R02 - Rolitera 2;0,0;0,0;0,0;ROLITO EN BOLSAS 2 KG;530;0,0;2;1060
3;1;2025;2025-01-03;rmanera;Alta Producción de Hielo;1380;C04 - Compresor 4 - 127;R01 - Rolitera 1;3830,77;3842,12;11,349999999999909;ROLITO EN BOLSAS 14 KG;24;11,349999999999909;14;336
3;1;2025;2025-01-03;rmanera;Alta Producción de Hielo;1380;C04 - Compresor 4 - 127;R01 - Rolitera 1;3830,77;3842,12;11,349999999999909;ROLITO EN BOLSAS 2 KG;759;11,349999999999909;2;1518
3;1;2025;2025-01-03;rmanera;Alta Producción de Hielo;1380;C04 - Compresor 4 - 127;R01 - Rolitera 1;3830,77;3842,12;11,349999999999909;ROLITO EN BOLSAS 4 KG;1;11,349999999999909;4;4
3;1;2025;2025-01-03;rmanera;Alta Producción de Hielo;1380;C04 - Compresor 4 - 127;R01 - Rolitera 1;3830,77;3842,12;11,349999999999909;ROLITO EN BOLSAS 7 KG;1;11,349999999999909;7;7
3;1;2025;2025-01-03;rmanera;Alta Producción de Hielo;1381;C04 - Compresor 4 - 127;R02 - Rolitera 2;0,0;0,0;0,0;ROLITO EN BOLSAS 2 KG;770;0,0;2;1540
4;1;2025;2025-01-04;rmanera;Alta Producción de Hielo;1382;C04 - Compresor 4 - 127;R01 - Rolitera 1;3842,12;3853,78;11,66000000000031;ROLITO EN BOLSAS 14 KG;25;11,66000000000031;14;350
4;1;2025;2025-01-04;rmanera;Alta Producción de Hielo;1382;C04 - Compresor 4 - 127;R01 - Rolitera 1;3842,12;3853,78;11,66000000000031;ROLITO EN BOLSAS 2 KG;622;11,66000000000031;2;1244
4;1;2025;2025-01-04;rmanera;Alta Producción de Hielo;1382;C04 - Compresor 4 - 127;R01 - Rolitera 1;3842,12;3853,78;11,66000000000031;ROLITO EN BOLSAS 4 KG;1;11,66000000000031;4;4
4;1;2025;2025-01-04;rmanera;Alta Producción de Hielo;1382;C04 - Compresor 4 - 127;R01 - Rolitera 1;3842,12;3853,78;11,66000000000031;ROLITO EN BOLSAS 7 KG;18;11,66000000000031;7;126
4;1;2025;2025-01-04;rmanera;Alta Producción de Hielo;1383;C04 - Compresor 4 - 127;R02 - Rolitera 2;0,0;0,0;0,0;ROLITO EN BOLSAS 14 KG;25;0,0;14;350
4;1;2025;2025-01-04;rmanera;Alta Producción de Hielo;1383;C04 - Compresor 4 - 127;R02 - Rolitera 2;0,0;0,0;0,0;ROLITO EN BOLSAS 2 KG;622;0,0;2;1244
4;1;2025;2025-01-04;rmanera;Alta Producción de Hielo;1383;C04 - Compresor 4 - 127;R02 - Rolitera 2;0,0;0,0;0,0;ROLITO EN BOLSAS 4 KG;2;0,0;4;8
4;1;2025;2025-01-04;rmanera;Alta Producción de Hielo;1383;C04 - Compresor 4 - 127;R02 - Rolitera 2;0,0;0,0;0,0;ROLITO EN BOLSAS 7 KG;18;0,0;7;126
6;1;2025;2025-01-06;rmanera;Alta Producción de Hielo;1384;C02 - Compresor 2 - 127;R01 - Rolitera 1;35257,75;35261,86;4,110000000000582;ROLITO EN BOLSAS 14 KG;57;4,110000000000582;14;798
6;1;2025;2025-01-06;rmanera;Alta Producción de Hielo;1385;C04 - Compresor 4 - 127;R01 - Rolitera 1;3853,78;3864,82;11,039999999999964;ROLITO EN BOLSAS 14 KG;9;11,039999999999964;14;126
6;1;2025;2025-01-06;rmanera;Alta Producción de Hielo;1385;C04 - Compresor 4 - 127;R01 - Rolitera 1;3853,78;3864,82;11,039999999999964;ROLITO EN BOLSAS 2 KG;786;11,039999999999964;2;1572
6;1;2025;2025-01-06;rmanera;Alta Producción de Hielo;1385;C04 - Compresor 4 - 127;R01 - Rolitera 1;3853,78;3864,82;11,039999999999964;ROLITO EN BOLSAS 7 KG;2;11,039999999999964;7;14
6;1;2025;2025-01-06;rmanera;Alta Producción de Hielo;1386;C04 - Compresor 4 - 127;R02 - Rolitera 2;0,0;0,0;0,0;ROLITO EN BOLSAS 2 KG;878;0,0;2;1756
11;1;2025;2025-01-11;rmanera;Alta Producción de Hielo;1387;C02 - Compresor 2 - 127;R01 - Rolitera 1;35292,0;35294,32;2,319999999999709;ROLITO EN BOLSAS 14 KG;44;2,319999999999709;14;616
7;1;2025;2025-01-07;rmanera;Alta Producción de Hielo;1388;C02 - Compresor 2 - 127;R01 - Rolitera 1;35261,86;35265,83;3,970000000001164;ROLITO EN BOLSAS 14 KG;37;3,970000000001164;14;518
7;1;2025;2025-01-07;rmanera;Alta Producción de Hielo;1388;C02 - Compresor 2 - 127;R01 - Rolitera 1;35261,86;35265,83;3,970000000001164;ROLITO EN BOLSAS 7 KG;36;3,970000000001164;7;252
7;1;2025;2025-01-07;rmanera;Alta Producción de Hielo;1389;C04 - Compresor 4 - 127;R01 - Rolitera 1;3864,84;3876,19;11,349999999999909;ROLITO EN BOLSAS 14 KG;83;11,349999999999909;14;1162
7;1;2025;2025-01-07;rmanera;Alta Producción de Hielo;1389;C04 - Compresor 4 - 127;R01 - Rolitera 1;3864,84;3876,19;11,349999999999909;ROLITO EN BOLSAS 2 KG;474;11,349999999999909;2;948
7;1;2025;2025-01-07;rmanera;Alta Producción de Hielo;1389;C04 - Compresor 4 - 127;R01 - Rolitera 1;3864,84;3876,19;11,349999999999909;ROLITO EN BOLSAS 7 KG;1;11,349999999999909;7;7
7;1;2025;2025-01-07;rmanera;Alta Producción de Hielo;1390;C04 - Compresor 4 - 127;R02 - Rolitera 2;0,0;0,0;0,0;ROLITO EN BOLSAS 14 KG;9;0,0;14;126
7;1;2025;2025-01-07;rmanera;Alta Producción de Hielo;1390;C04 - Compresor 4 - 127;R02 - Rolitera 2;0,0;0,0;0,0;ROLITO EN BOLSAS 2 KG;821;0,0;2;1642
8;1;2025;2025-01-08;rmanera;Alta Producción de Hielo;1391;C04 - Compresor 4 - 127;R01 - Rolitera 1;3876,19;3887,51;11,320000000000164;ROLITO EN BOLSAS 14 KG;46;11,320000000000164;14;644
8;1;2025;2025-01-08;rmanera;Alta Producción de Hielo;1391;C04 - Compresor 4 - 127;R01 - Rolitera 1;3876,19;3887,51;11,320000000000164;ROLITO EN BOLSAS 2 KG;629;11,320000000000164;2;1258
8;1;2025;2025-01-08;rmanera;Alta Producción de Hielo;1392;C04 - Compresor 4 - 127;R02 - Rolitera 2;0,0;0,0;0,0;ROLITO EN BOLSAS 14 KG;31;0,0;14;434
8;1;2025;2025-01-08;rmanera;Alta Producción de Hielo;1392;C04 - Compresor 4 - 127;R02 - Rolitera 2;0,0;0,0;0,0;ROLITO EN BOLSAS 2 KG;708;0,0;2;1416
8;1;2025;2025-01-08;rmanera;Alta Producción de Hielo;1393;C02 - Compresor 2 - 127;R01 - Rolitera 1;35263,57;35269,67;6,099999999998545;ROLITO EN BOLSAS 14 KG;55;6,099999999998545;14;770
9;1;2025;2025-01-09;rmanera;Alta Producción de Hielo;1394;C04 - Compresor 4 - 127;R01 - Rolitera 1;3889,12;3896,66;7,539999999999964;ROLITO EN BOLSAS 14 KG;18;7,539999999999964;14;252
9;1;2025;2025-01-09;rmanera;Alta Producción de Hielo;1394;C04 - Compresor 4 - 127;R01 - Rolitera 1;3889,12;3896,66;7,539999999999964;ROLITO EN BOLSAS 2 KG;320;7,539999999999964;2;640
9;1;2025;2025-01-09;rmanera;Alta Producción de Hielo;1395;C04 - Compresor 4 - 127;R02 - Rolitera 2;0,0;0,0;0,0;ROLITO EN BOLSAS 14 KG;18;0,0;14;252
9;1;2025;2025-01-09;rmanera;Alta Producción de Hielo;1395;C04 - Compresor 4 - 127;R02 - Rolitera 2;0,0;0,0;0,0;ROLITO EN BOLSAS 2 KG;481;0,0;2;962
9;1;2025;2025-01-09;rmanera;Alta Producción de Hielo;1396;C04 - Compresor 4 - 127;R01 - Rolitera 1;3887,51;3889,12;1,6099999999996726;ROLITO EN BOLSAS 14 KG;10;1,6099999999996726;14;140
9;1;2025;2025-01-09;rmanera;Alta Producción de Hielo;1396;C04 - Compresor 4 - 127;R01 - Rolitera 1;3887,51;3889,12;1,6099999999996726;ROLITO EN BOLSAS 2 KG;42;1,6099999999996726;2;84
9;1;2025;2025-01-09;rmanera;Alta Producción de Hielo;1397;C04 - Compresor 4 - 127;R02 - Rolitera 2;0,0;0,0;0,0;ROLITO EN BOLSAS 14 KG;10;0,0;14;140
9;1;2025;2025-01-09;rmanera;Alta Producción de Hielo;1398;C02 - Compresor 2 - 127;R01 - Rolitera 1;35269,68;35271,96;2,279999999998836;ROLITO EN BOLSAS 2 KG;38;2,279999999998836;2;76
10;1;2025;2025-01-10;rmanera;Alta Producción de Hielo;1399;C02 - Compresor 2 - 127;R01 - Rolitera 1;35275,11;35290,26;15,150000000001455;ROLITO EN BOLSAS 14 KG;19;15,150000000001455;14;266
10;1;2025;2025-01-10;rmanera;Alta Producción de Hielo;1399;C02 - Compresor 2 - 127;R01 - Rolitera 1;35275,11;35290,26;15,150000000001455;ROLITO EN BOLSAS 2 KG;1226;15,150000000001455;2;2452
10;1;2025;2025-01-10;rmanera;Alta Producción de Hielo;1400;C02 - Compresor 2 - 127;R01 - Rolitera 1;35223,0;35225,9;2,900000000001455;ROLITO EN BOLSAS 14 KG;51;2,900000000001455;14;714
11;1;2025;2025-01-11;rmanera;Alta Producción de Hielo;1401;C02 - Compresor 2 - 127;R01 - Rolitera 1;35294,32;35306,34;12,019999999996799;ROLITO EN BOLSAS 14 KG;9;12,019999999996799;14;126
11;1;2025;2025-01-11;rmanera;Alta Producción de Hielo;1401;C02 - Compresor 2 - 127;R01 - Rolitera 1;35294,32;35306,34;12,019999999996799;ROLITO EN BOLSAS 2 KG;954;12,019999999996799;2;1908
13;1;2025;2025-01-13;rmanera;Alta Producción de Hielo;1402;C04 - Compresor 4 - 127;R01 - Rolitera 1;3896,66;3907,25;10,590000000000146;ROLITO EN BOLSAS 14 KG;57;10,590000000000146;14;798
13;1;2025;2025-01-13;rmanera;Alta Producción de Hielo;1402;C04 - Compresor 4 - 127;R01 - Rolitera 1;3896,66;3907,25;10,590000000000146;ROLITO EN BOLSAS 2 KG;530;10,590000000000146;2;1060
13;1;2025;2025-01-13;rmanera;Alta Producción de Hielo;1403;C04 - Compresor 4 - 127;R02 - Rolitera 2;0,0;0,0;0,0;ROLITO EN BOLSAS 14 KG;71;0,0;14;994
13;1;2025;2025-01-13;rmanera;Alta Producción de Hielo;1403;C04 - Compresor 4 - 127;R02 - Rolitera 2;0,0;0,0;0,0;ROLITO EN BOLSAS 2 KG;408;0,0;2;816
14;1;2025;2025-01-14;rmanera;Alta Producción de Hielo;1404;C04 - Compresor 4 - 127;R01 - Rolitera 1;3907,25;3911,11;3,8600000000001273;ROLITO EN BOLSAS 14 KG;11;3,8600000000001273;14;154
14;1;2025;2025-01-14;rmanera;Alta Producción de Hielo;1404;C04 - Compresor 4 - 127;R01 - Rolitera 1;3907,25;3911,11;3,8600000000001273;ROLITO EN BOLSAS 2 KG;256;3,8600000000001273;2;512
14;1;2025;2025-01-14;rmanera;Alta Producción de Hielo;1405;C04 - Compresor 4 - 127;R02 - Rolitera 2;0,0;0,0;0,0;ROLITO EN BOLSAS 14 KG;10;0,0;14;140
14;1;2025;2025-01-14;rmanera;Alta Producción de Hielo;1405;C04 - Compresor 4 - 127;R02 - Rolitera 2;0,0;0,0;0,0;ROLITO EN BOLSAS 2 KG;229;0,0;2;458
14;1;2025;2025-01-14;rmanera;Alta Producción de Hielo;1406;C02 - Compresor 2 - 127;R01 - Rolitera 1;35313,75;35325,71;11,959999999999127;ROLITO EN BOLSAS 2 KG;1006;11,959999999999127;2;2012
15;1;2025;2025-01-15;rmanera;Alta Producción de Hielo;1407;C02 - Compresor 2 - 127;R01 - Rolitera 1;35325,71;35337,6;11,889999999999418;ROLITO EN BOLSAS 2 KG;904;11,889999999999418;2;1808
15;1;2025;2025-01-15;rmanera;Alta Producción de Hielo;1408;C02 - Compresor 2 - 127;R02 - Rolitera 2;0,0;0,0;0,0;ROLITO EN BOLSAS 7 KG;17;4,279999999998836;7;119
15;1;2025;2025-01-15;rmanera;Alta Producción de Hielo;1409;C02 - Compresor 2 - 127;R01 - Rolitera 1;35337,6;35341,32;3,720000000001164;ROLITO EN BOLSAS 14 KG;31;3,720000000001164;14;434
15;1;2025;2025-01-15;rmanera;Alta Producción de Hielo;1409;C02 - Compresor 2 - 127;R01 - Rolitera 1;35337,6;35341,32;3,720000000001164;ROLITO EN BOLSAS 2 KG;109;3,720000000001164;2;218
15;1;2025;2025-01-15;rmanera;Alta Producción de Hielo;1410;C04 - Compresor 4 - 127;R01 - Rolitera 1;3911,11;3914,97;3,8599999999996726;ROLITO EN BOLSAS 14 KG;12;3,8599999999996726;14;168
15;1;2025;2025-01-15;rmanera;Alta Producción de Hielo;1410;C04 - Compresor 4 - 127;R01 - Rolitera 1;3911,11;3914,97;3,8599999999996726;ROLITO EN BOLSAS 2 KG;269;3,8599999999996726;2;538
15;1;2025;2025-01-15;rmanera;Alta Producción de Hielo;1411;C04 - Compresor 4 - 127;R02 - Rolitera 2;0,0;0,0;0,0;ROLITO EN BOLSAS 2 KG;297;0,0;2;594
16;1;2025;2025-01-16;rmanera;Alta Producción de Hielo;1412;C04 - Compresor 4 - 127;R01 - Rolitera 1;3914,97;3927,15;12,180000000000291;ROLITO EN BOLSAS 14 KG;58;12,180000000000291;14;812
16;1;2025;2025-01-16;rmanera;Alta Producción de Hielo;1412;C04 - Compresor 4 - 127;R01 - Rolitera 1;3914,97;3927,15;12,180000000000291;ROLITO EN BOLSAS 2 KG;575;12,180000000000291;2;1150
16;1;2025;2025-01-16;rmanera;Alta Producción de Hielo;1413;C04 - Compresor 4 - 127;R02 - Rolitera 2;0,0;0,0;0,0;ROLITO EN BOLSAS 14 KG;22;0,0;14;308
16;1;2025;2025-01-16;rmanera;Alta Producción de Hielo;1413;C04 - Compresor 4 - 127;R02 - Rolitera 2;0,0;0,0;0,0;ROLITO EN BOLSAS 2 KG;794;0,0;2;1588
17;1;2025;2025-01-17;rmanera;Alta Producción de Hielo;1414;C04 - Compresor 4 - 127;R01 - Rolitera 1;3927,15;3934,51;7,360000000000127;ROLITO EN BOLSAS 14 KG;46;7,360000000000127;14;644
17;1;2025;2025-01-17;rmanera;Alta Producción de Hielo;1414;C04 - Compresor 4 - 127;R01 - Rolitera 1;3927,15;3934,51;7,360000000000127;ROLITO EN BOLSAS 2 KG;375;7,360000000000127;2;750
17;1;2025;2025-01-17;rmanera;Alta Producción de Hielo;1415;C04 - Compresor 4 - 127;R02 - Rolitera 2;0,0;0,0;0,0;ROLITO EN BOLSAS 14 KG;13;0,0;14;182
17;1;2025;2025-01-17;rmanera;Alta Producción de Hielo;1415;C04 - Compresor 4 - 127;R02 - Rolitera 2;0,0;0,0;0,0;ROLITO EN BOLSAS 2 KG;460;0,0;2;920
17;1;2025;2025-01-17;rmanera;Alta Producción de Hielo;1416;C02 - Compresor 2 - 127;R01 - Rolitera 1;35341,32;35345,48;4,1600000000034925;ROLITO EN BOLSAS 14 KG;11;4,1600000000034925;14;154
17;1;2025;2025-01-17;rmanera;Alta Producción de Hielo;1416;C02 - Compresor 2 - 127;R01 - Rolitera 1;35341,32;35345,48;4,1600000000034925;ROLITO EN BOLSAS 2 KG;259;4,1600000000034925;2;518
18;1;2025;2025-01-18;rmanera;Alta Producción de Hielo;1417;C04 - Compresor 4 - 127;R01 - Rolitera 1;3947,09;3959,0;11,909999999999854;ROLITO EN BOLSAS 14 KG;38;11,909999999999854;14;532
18;1;2025;2025-01-18;rmanera;Alta Producción de Hielo;1417;C04 - Compresor 4 - 127;R01 - Rolitera 1;3947,09;3959,0;11,909999999999854;ROLITO EN BOLSAS 2 KG;728;11,909999999999854;2;1456
18;1;2025;2025-01-18;rmanera;Alta Producción de Hielo;1418;C04 - Compresor 4 - 127;R02 - Rolitera 2;0,0;0,0;0,0;ROLITO EN BOLSAS 14 KG;6;0,0;14;84
18;1;2025;2025-01-18;rmanera;Alta Producción de Hielo;1418;C04 - Compresor 4 - 127;R02 - Rolitera 2;0,0;0,0;0,0;ROLITO EN BOLSAS 2 KG;760;0,0;2;1520
20;1;2025;2025-01-20;rmanera;Alta Producción de Hielo;1419;C04 - Compresor 4 - 127;R01 - Rolitera 1;3934,51;3947,09;12,579999999999927;ROLITO EN BOLSAS 14 KG;83;12,579999999999927;14;1162
20;1;2025;2025-01-20;rmanera;Alta Producción de Hielo;1419;C04 - Compresor 4 - 127;R01 - Rolitera 1;3934,51;3947,09;12,579999999999927;ROLITO EN BOLSAS 2 KG;467;12,579999999999927;2;934
20;1;2025;2025-01-20;rmanera;Alta Producción de Hielo;1419;C04 - Compresor 4 - 127;R01 - Rolitera 1;3934,51;3947,09;12,579999999999927;ROLITO EN BOLSAS 7 KG;17;12,579999999999927;7;119
20;1;2025;2025-01-20;rmanera;Alta Producción de Hielo;1420;C04 - Compresor 4 - 127;R02 - Rolitera 2;0,0;0,0;0,0;ROLITO EN BOLSAS 14 KG;14;0,0;14;196
20;1;2025;2025-01-20;rmanera;Alta Producción de Hielo;1420;C04 - Compresor 4 - 127;R02 - Rolitera 2;0,0;0,0;0,0;ROLITO EN BOLSAS 2 KG;667;0,0;2;1334
21;1;2025;2025-01-21;rmanera;Alta Producción de Hielo;1421;C04 - Compresor 4 - 127;R01 - Rolitera 1;3959,56;3971,89;12,329999999999927;ROLITO EN BOLSAS 14 KG;33;12,329999999999927;14;462
21;1;2025;2025-01-21;rmanera;Alta Producción de Hielo;1421;C04 - Compresor 4 - 127;R01 - Rolitera 1;3959,56;3971,89;12,329999999999927;ROLITO EN BOLSAS 2 KG;630;12,329999999999927;2;1260
21;1;2025;2025-01-21;rmanera;Alta Producción de Hielo;1421;C04 - Compresor 4 - 127;R01 - Rolitera 1;3959,56;3971,89;12,329999999999927;ROLITO EN BOLSAS 4 KG;32;12,329999999999927;4;128
21;1;2025;2025-01-21;rmanera;Alta Producción de Hielo;1422;C04 - Compresor 4 - 127;R02 - Rolitera 2;0,0;0,0;0,0;MOLIDO EN BOLSA 14 KG;22;0,0;14;308
21;1;2025;2025-01-21;rmanera;Alta Producción de Hielo;1422;C04 - Compresor 4 - 127;R02 - Rolitera 2;0,0;0,0;0,0;ROLITO EN BOLSAS 2 KG;782;0,0;2;1564
22;1;2025;2025-01-22;rmanera;Alta Producción de Hielo;1423;C04 - Compresor 4 - 127;R01 - Rolitera 1;3971,89;3984,67;12,7800000000002;ROLITO EN BOLSAS 14 KG;29;12,7800000000002;14;406
22;1;2025;2025-01-22;rmanera;Alta Producción de Hielo;1423;C04 - Compresor 4 - 127;R01 - Rolitera 1;3971,89;3984,67;12,7800000000002;ROLITO EN BOLSAS 2 KG;640;12,7800000000002;2;1280
22;1;2025;2025-01-22;rmanera;Alta Producción de Hielo;1423;C04 - Compresor 4 - 127;R01 - Rolitera 1;3971,89;3984,67;12,7800000000002;ROLITO EN BOLSAS 7 KG;34;12,7800000000002;7;238
22;1;2025;2025-01-22;rmanera;Alta Producción de Hielo;1424;C04 - Compresor 4 - 127;R02 - Rolitera 2;0,0;0,0;0,0;ROLITO EN BOLSAS 14 KG;55;0,0;14;770
22;1;2025;2025-01-22;rmanera;Alta Producción de Hielo;1424;C04 - Compresor 4 - 127;R02 - Rolitera 2;0,0;0,0;0,0;ROLITO EN BOLSAS 2 KG;652;0,0;2;1304
23;1;2025;2025-01-23;rmanera;Alta Producción de Hielo;1425;C04 - Compresor 4 - 127;R01 - Rolitera 1;3984,67;3996,95;12,279999999999745;ROLITO EN BOLSAS 14 KG;49;12,279999999999745;14;686
23;1;2025;2025-01-23;rmanera;Alta Producción de Hielo;1425;C04 - Compresor 4 - 127;R01 - Rolitera 1;3984,67;3996,95;12,279999999999745;ROLITO EN BOLSAS 2 KG;584;12,279999999999745;2;1168
23;1;2025;2025-01-23;rmanera;Alta Producción de Hielo;1426;C04 - Compresor 4 - 127;R02 - Rolitera 2;0,0;0,0;0,0;ROLITO EN BOLSAS 14 KG;43;0,0;14;602
23;1;2025;2025-01-23;rmanera;Alta Producción de Hielo;1426;C04 - Compresor 4 - 127;R02 - Rolitera 2;0,0;0,0;0,0;ROLITO EN BOLSAS 2 KG;762;0,0;2;1524
24;1;2025;2025-01-24;rmanera;Alta Producción de Hielo;1427;C04 - Compresor 4 - 127;R01 - Rolitera 1;3996,93;4009,35;12,420000000000073;ROLITO EN BOLSAS 14 KG;36;12,420000000000073;14;504
24;1;2025;2025-01-24;rmanera;Alta Producción de Hielo;1427;C04 - Compresor 4 - 127;R01 - Rolitera 1;3996,93;4009,35;12,420000000000073;ROLITO EN BOLSAS 2 KG;683;12,420000000000073;2;1366
24;1;2025;2025-01-24;rmanera;Alta Producción de Hielo;1427;C04 - Compresor 4 - 127;R01 - Rolitera 1;3996,93;4009,35;12,420000000000073;ROLITO EN BOLSAS 4 KG;33;12,420000000000073;4;132
24;1;2025;2025-01-24;rmanera;Alta Producción de Hielo;1428;C04 - Compresor 4 - 127;R02 - Rolitera 2;0,0;0,0;0,0;ROLITO EN BOLSAS 14 KG;11;0,0;14;154
24;1;2025;2025-01-24;rmanera;Alta Producción de Hielo;1428;C04 - Compresor 4 - 127;R02 - Rolitera 2;0,0;0,0;0,0;ROLITO EN BOLSAS 2 KG;660;0,0;2;1320
25;1;2025;2025-01-25;rmanera;Alta Producción de Hielo;1429;C04 - Compresor 4 - 127;R01 - Rolitera 1;4009,35;4018,97;9,61999999999989;ROLITO EN BOLSAS 14 KG;96;9,61999999999989;14;1344
25;1;2025;2025-01-25;rmanera;Alta Producción de Hielo;1429;C04 - Compresor 4 - 127;R01 - Rolitera 1;4009,35;4018,97;9,61999999999989;ROLITO EN BOLSAS 2 KG;209;9,61999999999989;2;418
25;1;2025;2025-01-25;rmanera;Alta Producción de Hielo;1430;C04 - Compresor 4 - 127;R02 - Rolitera 2;0,0;0,0;0,0;ROLITO EN BOLSAS 14 KG;21;0,0;14;294
25;1;2025;2025-01-25;rmanera;Alta Producción de Hielo;1430;C04 - Compresor 4 - 127;R02 - Rolitera 2;0,0;0,0;0,0;ROLITO EN BOLSAS 2 KG;623;0,0;2;1246
25;1;2025;2025-01-25;rmanera;Alta Producción de Hielo;1431;C02 - Compresor 2 - 127;R01 - Rolitera 1;35351,25;35352,91;1,6600000000034925;ROLITO EN BOLSAS 14 KG;8;1,6600000000034925;14;112
25;1;2025;2025-01-25;rmanera;Alta Producción de Hielo;1431;C02 - Compresor 2 - 127;R01 - Rolitera 1;35351,25;35352,91;1,6600000000034925;ROLITO EN BOLSAS 2 KG;103;1,6600000000034925;2;206
27;1;2025;2025-01-27;rmanera;Alta Producción de Hielo;1432;C04 - Compresor 4 - 127;R01 - Rolitera 1;4018,97;4034,46;15,490000000000236;ROLITO EN BOLSAS 14 KG;28;15,490000000000236;14;392
27;1;2025;2025-01-27;rmanera;Alta Producción de Hielo;1432;C04 - Compresor 4 - 127;R01 - Rolitera 1;4018,97;4034,46;15,490000000000236;ROLITO EN BOLSAS 2 KG;1220;15,490000000000236;2;2440
27;1;2025;2025-01-27;rmanera;Alta Producción de Hielo;1432;C04 - Compresor 4 - 127;R01 - Rolitera 1;4018,97;4034,46;15,490000000000236;ROLITO EN BOLSAS 4 KG;66;15,490000000000236;4;264
27;1;2025;2025-01-27;rmanera;Alta Producción de Hielo;1433;C02 - Compresor 2 - 127;R02 - Rolitera 2;0,0;0,0;0,0;ROLITO EN BOLSAS 14 KG;23;4,279999999998836;14;322
28;1;2025;2025-01-28;rmanera;Alta Producción de Hielo;1434;C04 - Compresor 4 - 127;R01 - Rolitera 1;4035,46;4054,3;18,840000000000146;ROLITO EN BOLSAS 14 KG;28;18,840000000000146;14;392
28;1;2025;2025-01-28;rmanera;Alta Producción de Hielo;1434;C04 - Compresor 4 - 127;R01 - Rolitera 1;4035,46;4054,3;18,840000000000146;ROLITO EN BOLSAS 2 KG;1220;18,840000000000146;2;2440
28;1;2025;2025-01-28;rmanera;Alta Producción de Hielo;1434;C04 - Compresor 4 - 127;R01 - Rolitera 1;4035,46;4054,3;18,840000000000146;ROLITO EN BOLSAS 4 KG;66;18,840000000000146;4;264
28;1;2025;2025-01-28;rmanera;Alta Producción de Hielo;1435;C04 - Compresor 4 - 127;R02 - Rolitera 2;0,0;0,0;0,0;ROLITO EN BOLSAS 14 KG;23;0,0;14;322
28;1;2025;2025-01-28;rmanera;Alta Producción de Hielo;1435;C04 - Compresor 4 - 127;R02 - Rolitera 2;0,0;0,0;0,0;ROLITO EN BOLSAS 2 KG;1076;0,0;2;2152
29;1;2025;2025-01-29;rmanera;Alta Producción de Hielo;1436;C04 - Compresor 4 - 127;R01 - Rolitera 1;4054,3;4066,25;11,949999999999818;ROLITO EN BOLSAS 14 KG;59;11,949999999999818;14;826
29;1;2025;2025-01-29;rmanera;Alta Producción de Hielo;1436;C04 - Compresor 4 - 127;R01 - Rolitera 1;4054,3;4066,25;11,949999999999818;ROLITO EN BOLSAS 2 KG;473;11,949999999999818;2;946
29;1;2025;2025-01-29;rmanera;Alta Producción de Hielo;1436;C04 - Compresor 4 - 127;R01 - Rolitera 1;4054,3;4066,25;11,949999999999818;ROLITO EN BOLSAS 7 KG;33;11,949999999999818;7;231
29;1;2025;2025-01-29;rmanera;Alta Producción de Hielo;1437;C04 - Compresor 4 - 127;R02 - Rolitera 2;0,0;0,0;0,0;ROLITO EN BOLSAS 14 KG;10;0,0;14;140
29;1;2025;2025-01-29;rmanera;Alta Producción de Hielo;1437;C04 - Compresor 4 - 127;R02 - Rolitera 2;0,0;0,0;0,0;ROLITO EN BOLSAS 2 KG;889;0,0;2;1778
30;1;2025;2025-01-30;rmanera;Alta Producción de Hielo;1438;C04 - Compresor 4 - 127;R01 - Rolitera 1;4066,25;4081,72;15,4699999999998;ROLITO EN BOLSAS 14 KG;86;15,4699999999998;14;1204
30;1;2025;2025-01-30;rmanera;Alta Producción de Hielo;1438;C04 - Compresor 4 - 127;R01 - Rolitera 1;4066,25;4081,72;15,4699999999998;ROLITO EN BOLSAS 2 KG;492;15,4699999999998;2;984
30;1;2025;2025-01-30;rmanera;Alta Producción de Hielo;1439;C04 - Compresor 4 - 127;R02 - Rolitera 2;0,0;0,0;0,0;ROLITO EN BOLSAS 14 KG;79;0,0;14;1106
30;1;2025;2025-01-30;rmanera;Alta Producción de Hielo;1439;C04 - Compresor 4 - 127;R02 - Rolitera 2;0,0;0,0;0,0;ROLITO EN BOLSAS 2 KG;735;0,0;2;1470
31;1;2025;2025-01-31;rmanera;Alta Producción de Hielo;1440;C04 - Compresor 4 - 127;R01 - Rolitera 1;4081,72;4099,86;18,139999999999873;ROLITO EN BOLSAS 14 KG;18;18,139999999999873;14;252
31;1;2025;2025-01-31;rmanera;Alta Producción de Hielo;1440;C04 - Compresor 4 - 127;R01 - Rolitera 1;4081,72;4099,86;18,139999999999873;ROLITO EN BOLSAS 2 KG;366;18,139999999999873;2;732
31;1;2025;2025-01-31;rmanera;Alta Producción de Hielo;1441;C04 - Compresor 4 - 127;R02 - Rolitera 2;0,0;0,0;0,0;MOLIDO EN BOLSA 14 KG;107;0,0;14;1498
31;1;2025;2025-01-31;rmanera;Alta Producción de Hielo;1441;C04 - Compresor 4 - 127;R02 - Rolitera 2;0,0;0,0;0,0;ROLITO EN BOLSAS 2 KG;771;0,0;2;1542
1;2;2025;2025-02-01;rmanera;Alta Producción de Hielo;1442;C04 - Compresor 4 - 127;R01 - Rolitera 1;4093,86;4105,68;11,820000000000164;ROLITO EN BOLSAS 14 KG;112;11,820000000000164;14;1568
1;2;2025;2025-02-01;rmanera;Alta Producción de Hielo;1442;C04 - Compresor 4 - 127;R01 - Rolitera 1;4093,86;4105,68;11,820000000000164;ROLITO EN BOLSAS 2 KG;242;11,820000000000164;2;484
1;2;2025;2025-02-01;rmanera;Alta Producción de Hielo;1442;C04 - Compresor 4 - 127;R01 - Rolitera 1;4093,86;4105,68;11,820000000000164;ROLITO EN BOLSAS 7 KG;16;11,820000000000164;7;112
7;2;2025;2025-02-07;rmanera;Alta Producción de Hielo;1443;C04 - Compresor 4 - 127;R02 - Rolitera 2;0,0;0,0;0,0;ROLITO EN BOLSAS 14 KG;43;0,0;14;602
7;2;2025;2025-02-07;rmanera;Alta Producción de Hielo;1443;C04 - Compresor 4 - 127;R02 - Rolitera 2;0,0;0,0;0,0;ROLITO EN BOLSAS 2 KG;607;0,0;2;1214
3;2;2025;2025-02-03;rmanera;Alta Producción de Hielo;1444;C02 - Compresor 2 - 127;R01 - Rolitera 1;35360,39;35364,16;3,7700000000040745;ROLITO EN BOLSAS 14 KG;7;3,7700000000040745;14;98
3;2;2025;2025-02-03;rmanera;Alta Producción de Hielo;1444;C02 - Compresor 2 - 127;R01 - Rolitera 1;35360,39;35364,16;3,7700000000040745;ROLITO EN BOLSAS 2 KG;252;3,7700000000040745;2;504
3;2;2025;2025-02-03;rmanera;Alta Producción de Hielo;1445;C04 - Compresor 4 - 127;R01 - Rolitera 1;4105,68;4117,84;12,159999999999854;ROLITO EN BOLSAS 14 KG;45;12,159999999999854;14;630
3;2;2025;2025-02-03;rmanera;Alta Producción de Hielo;1445;C04 - Compresor 4 - 127;R01 - Rolitera 1;4105,68;4117,84;12,159999999999854;ROLITO EN BOLSAS 2 KG;795;12,159999999999854;2;1590
3;2;2025;2025-02-03;rmanera;Alta Producción de Hielo;1446;C04 - Compresor 4 - 127;R02 - Rolitera 2;0,0;0,0;0,0;ROLITO EN BOLSAS 2 KG;529;0,0;2;1058
3;2;2025;2025-02-03;rmanera;Alta Producción de Hielo;1447;C02 - Compresor 2 - 127;R01 - Rolitera 1;35364,16;35367,78;3,6199999999953434;ROLITO EN BOLSAS 14 KG;45;3,6199999999953434;14;630
4;2;2025;2025-02-04;rmanera;Alta Producción de Hielo;1448;C02 - Compresor 2 - 127;R01 - Rolitera 1;35367,78;35371,65;3,8700000000026193;ROLITO EN BOLSAS 2 KG;303;3,8700000000026193;2;606
4;2;2025;2025-02-04;rmanera;Alta Producción de Hielo;1449;C04 - Compresor 4 - 127;R01 - Rolitera 1;4117,84;4129,75;11,909999999999854;ROLITO EN BOLSAS 14 KG;64;11,909999999999854;14;896
4;2;2025;2025-02-04;rmanera;Alta Producción de Hielo;1449;C04 - Compresor 4 - 127;R01 - Rolitera 1;4117,84;4129,75;11,909999999999854;ROLITO EN BOLSAS 2 KG;622;11,909999999999854;2;1244
4;2;2025;2025-02-04;rmanera;Alta Producción de Hielo;1450;C04 - Compresor 4 - 127;R02 - Rolitera 2;0,0;0,0;0,0;ROLITO EN BOLSAS 14 KG;10;0,0;14;140
4;2;2025;2025-02-04;rmanera;Alta Producción de Hielo;1450;C04 - Compresor 4 - 127;R02 - Rolitera 2;0,0;0,0;0,0;ROLITO EN BOLSAS 2 KG;735;0,0;2;1470
4;2;2025;2025-02-04;rmanera;Alta Producción de Hielo;1451;C02 - Compresor 2 - 127;R01 - Rolitera 1;35371,65;35374,68;3,029999999998836;ROLITO EN BOLSAS 14 KG;43;3,029999999998836;14;602
5;2;2025;2025-02-05;rmanera;Alta Producción de Hielo;1452;C02 - Compresor 2 - 127;R01 - Rolitera 1;35374,68;35379,32;4,639999999999418;ROLITO EN BOLSAS 14 KG;9;4,639999999999418;14;126
5;2;2025;2025-02-05;rmanera;Alta Producción de Hielo;1452;C02 - Compresor 2 - 127;R01 - Rolitera 1;35374,68;35379,32;4,639999999999418;ROLITO EN BOLSAS 2 KG;348;4,639999999999418;2;696
5;2;2025;2025-02-05;rmanera;Alta Producción de Hielo;1453;C04 - Compresor 4 - 127;R01 - Rolitera 1;4129,76;4140,0;10,239999999999782;ROLITO EN BOLSAS 14 KG;105;10,239999999999782;14;1470
5;2;2025;2025-02-05;rmanera;Alta Producción de Hielo;1453;C04 - Compresor 4 - 127;R01 - Rolitera 1;4129,76;4140,0;10,239999999999782;ROLITO EN BOLSAS 2 KG;701;10,239999999999782;2;1402
5;2;2025;2025-02-05;rmanera;Alta Producción de Hielo;1454;C04 - Compresor 4 - 127;R02 - Rolitera 2;0,0;0,0;0,0;ROLITO EN BOLSAS 2 KG;569;0,0;2;1138
6;2;2025;2025-02-06;rmanera;Alta Producción de Hielo;1455;C02 - Compresor 2 - 127;R01 - Rolitera 1;3579,32;35381,39;31802,07;ROLITO EN BOLSAS 2 KG;325;4,279999999998836;2;650
6;2;2025;2025-02-06;rmanera;Alta Producción de Hielo;1456;C02 - Compresor 2 - 127;R01 - Rolitera 1;35381,89;35389,19;7,30000000000291;ROLITO EN BOLSAS 14 KG;46;7,30000000000291;14;644
6;2;2025;2025-02-06;rmanera;Alta Producción de Hielo;1457;C04 - Compresor 4 - 127;R01 - Rolitera 1;4141,5;4153,27;11,770000000000437;ROLITO EN BOLSAS 14 KG;56;11,770000000000437;14;784
6;2;2025;2025-02-06;rmanera;Alta Producción de Hielo;1457;C04 - Compresor 4 - 127;R01 - Rolitera 1;4141,5;4153,27;11,770000000000437;ROLITO EN BOLSAS 2 KG;700;11,770000000000437;2;1400
6;2;2025;2025-02-06;rmanera;Alta Producción de Hielo;1458;C04 - Compresor 4 - 127;R02 - Rolitera 2;0,0;0,0;0,0;ROLITO EN BOLSAS 2 KG;573;0,0;2;1146
7;2;2025;2025-02-07;rmanera;Alta Producción de Hielo;1459;C04 - Compresor 4 - 127;R01 - Rolitera 1;4153,27;4164,89;11,61999999999989;ROLITO EN BOLSAS 14 KG;9;11,61999999999989;14;126
7;2;2025;2025-02-07;rmanera;Alta Producción de Hielo;1459;C04 - Compresor 4 - 127;R01 - Rolitera 1;4153,27;4164,89;11,61999999999989;ROLITO EN BOLSAS 2 KG;721;11,61999999999989;2;1442
7;2;2025;2025-02-07;rmanera;Alta Producción de Hielo;1459;C04 - Compresor 4 - 127;R01 - Rolitera 1;4153,27;4164,89;11,61999999999989;ROLITO EN BOLSAS 4 KG;32;11,61999999999989;4;128
7;2;2025;2025-02-07;rmanera;Alta Producción de Hielo;1459;C04 - Compresor 4 - 127;R01 - Rolitera 1;4153,27;4164,89;11,61999999999989;ROLITO EN BOLSAS 7 KG;47;11,61999999999989;7;329
7;2;2025;2025-02-07;rmanera;Alta Producción de Hielo;1460;C04 - Compresor 4 - 127;R02 - Rolitera 2;0,0;0,0;0,0;ROLITO EN BOLSAS 2 KG;852;0,0;2;1704
7;2;2025;2025-02-07;rmanera;Alta Producción de Hielo;1460;C04 - Compresor 4 - 127;R02 - Rolitera 2;0,0;0,0;0,0;ROLITO EN BOLSAS 4 KG;39;0,0;4;156
7;2;2025;2025-02-07;rmanera;Alta Producción de Hielo;1461;C02 - Compresor 2 - 127;R01 - Rolitera 1;35389,19;35592,89;203,6999999999971;ROLITO EN BOLSAS 14 KG;57;4,279999999998836;14;798
8;2;2025;2025-02-08;rmanera;Alta Producción de Hielo;1462;C02 - Compresor 2 - 127;R01 - Rolitera 1;35393,09;35399,25;6,1600000000034925;ROLITO EN BOLSAS 14 KG;9;6,1600000000034925;14;126
8;2;2025;2025-02-08;rmanera;Alta Producción de Hielo;1462;C02 - Compresor 2 - 127;R01 - Rolitera 1;35393,09;35399,25;6,1600000000034925;ROLITO EN BOLSAS 2 KG;491;6,1600000000034925;2;982
8;2;2025;2025-02-08;rmanera;Alta Producción de Hielo;1463;C04 - Compresor 4 - 127;R01 - Rolitera 1;4164,89;4169,63;4,739999999999782;ROLITO EN BOLSAS 14 KG;8;4,739999999999782;14;112
8;2;2025;2025-02-08;rmanera;Alta Producción de Hielo;1463;C04 - Compresor 4 - 127;R01 - Rolitera 1;4164,89;4169,63;4,739999999999782;ROLITO EN BOLSAS 2 KG;261;4,739999999999782;2;522
8;2;2025;2025-02-08;rmanera;Alta Producción de Hielo;1463;C04 - Compresor 4 - 127;R01 - Rolitera 1;4164,89;4169,63;4,739999999999782;ROLITO EN BOLSAS 7 KG;18;4,739999999999782;7;126
8;2;2025;2025-02-08;rmanera;Alta Producción de Hielo;1464;C04 - Compresor 4 - 127;R02 - Rolitera 2;0,0;0,0;0,0;ROLITO EN BOLSAS 2 KG;302;0,0;2;604
9;2;2025;2025-02-09;rmanera;Alta Producción de Hielo;1465;C02 - Compresor 2 - 127;R01 - Rolitera 1;35399,25;35402,69;3,4400000000023283;ROLITO EN BOLSAS 2 KG;264;3,4400000000023283;2;528
10;2;2025;2025-02-10;rmanera;Alta Producción de Hielo;1466;C02 - Compresor 2 - 127;R01 - Rolitera 1;35402,69;35406,31;3,6199999999953434;ROLITO EN BOLSAS 2 KG;305;3,6199999999953434;2;610
10;2;2025;2025-02-10;rmanera;Alta Producción de Hielo;1467;C04 - Compresor 4 - 127;R01 - Rolitera 1;4164,63;4181,76;17,13000000000011;ROLITO EN BOLSAS 14 KG;72;17,13000000000011;14;1008
10;2;2025;2025-02-10;rmanera;Alta Producción de Hielo;1467;C04 - Compresor 4 - 127;R01 - Rolitera 1;4164,63;4181,76;17,13000000000011;ROLITO EN BOLSAS 2 KG;574;17,13000000000011;2;1148
10;2;2025;2025-02-10;rmanera;Alta Producción de Hielo;1468;C04 - Compresor 4 - 127;R02 - Rolitera 2;0,0;0,0;0,0;ROLITO EN BOLSAS 14 KG;23;0,0;14;322
10;2;2025;2025-02-10;rmanera;Alta Producción de Hielo;1468;C04 - Compresor 4 - 127;R02 - Rolitera 2;0,0;0,0;0,0;ROLITO EN BOLSAS 2 KG;765;0,0;2;1530
10;2;2025;2025-02-10;rmanera;Alta Producción de Hielo;1468;C04 - Compresor 4 - 127;R02 - Rolitera 2;0,0;0,0;0,0;ROLITO EN BOLSAS 4 KG;33;0,0;4;132
10;2;2025;2025-02-10;rmanera;Alta Producción de Hielo;1469;C02 - Compresor 2 - 127;R01 - Rolitera 1;35406,6;35409,86;3,2600000000020373;ROLITO EN BOLSAS 2 KG;261;3,2600000000020373;2;522
11;2;2025;2025-02-11;rmanera;Alta Producción de Hielo;1470;C02 - Compresor 2 - 127;R01 - Rolitera 1;35409,85;35413,43;3,5800000000017462;ROLITO EN BOLSAS 14 KG;44;3,5800000000017462;14;616
11;2;2025;2025-02-11;rmanera;Alta Producción de Hielo;1471;C04 - Compresor 4 - 127;R01 - Rolitera 1;4181,76;4193,34;11,579999999999927;ROLITO EN BOLSAS 14 KG;75;11,579999999999927;14;1050
11;2;2025;2025-02-11;rmanera;Alta Producción de Hielo;1471;C04 - Compresor 4 - 127;R01 - Rolitera 1;4181,76;4193,34;11,579999999999927;ROLITO EN BOLSAS 2 KG;565;11,579999999999927;2;1130
11;2;2025;2025-02-11;rmanera;Alta Producción de Hielo;1472;C04 - Compresor 4 - 127;R02 - Rolitera 2;0,0;0,0;0,0;ROLITO EN BOLSAS 2 KG;895;0,0;2;1790
12;2;2025;2025-02-12;rmanera;Alta Producción de Hielo;1473;C02 - Compresor 2 - 127;R01 - Rolitera 1;35416,51;35420,46;3,9499999999970896;ROLITO EN BOLSAS 2 KG;306;3,9499999999970896;2;612
12;2;2025;2025-02-12;rmanera;Alta Producción de Hielo;1474;C02 - Compresor 2 - 127;R01 - Rolitera 1;35414,54;35416,54;2,0;ROLITO EN BOLSAS 2 KG;201;2,0;2;402
12;2;2025;2025-02-12;rmanera;Alta Producción de Hielo;1475;C02 - Compresor 2 - 127;R01 - Rolitera 1;35421,31;35425,0;3,6900000000023283;ROLITO EN BOLSAS 2 KG;265;3,6900000000023283;2;530
13;2;2025;2025-02-13;rmanera;Alta Producción de Hielo;1476;C04 - Compresor 4 - 127;R01 - Rolitera 1;4193,34;4285,11;91,76999999999953;ROLITO EN BOLSAS 14 KG;68;5,509999999999991;14;952
13;2;2025;2025-02-13;rmanera;Alta Producción de Hielo;1476;C04 - Compresor 4 - 127;R01 - Rolitera 1;4193,34;4285,11;91,76999999999953;ROLITO EN BOLSAS 2 KG;441;5,509999999999991;2;882
13;2;2025;2025-02-13;rmanera;Alta Producción de Hielo;1476;C04 - Compresor 4 - 127;R01 - Rolitera 1;4193,34;4285,11;91,76999999999953;ROLITO EN BOLSAS 4 KG;67;5,509999999999991;4;268
13;2;2025;2025-02-13;rmanera;Alta Producción de Hielo;1476;C04 - Compresor 4 - 127;R01 - Rolitera 1;4193,34;4285,11;91,76999999999953;ROLITO EN BOLSAS 7 KG;32;5,509999999999991;7;224
12;2;2025;2025-02-12;rmanera;Alta Producción de Hielo;1477;C04 - Compresor 4 - 127;R02 - Rolitera 2;0,0;0,0;0,0;ROLITO EN BOLSAS 2 KG;1009;0,0;2;2018
13;2;2025;2025-02-13;rmanera;Alta Producción de Hielo;1478;C02 - Compresor 2 - 127;R01 - Rolitera 1;35421,31;35424,03;2,720000000001164;ROLITO EN BOLSAS 14 KG;9;2,720000000001164;14;126
13;2;2025;2025-02-13;rmanera;Alta Producción de Hielo;1479;C02 - Compresor 2 - 127;R01 - Rolitera 1;35424,09;35427,84;3,75;ROLITO EN BOLSAS 2 KG;311;3,75;2;622
13;2;2025;2025-02-13;rmanera;Alta Producción de Hielo;1480;C02 - Compresor 2 - 127;R01 - Rolitera 1;35427,84;35431,25;3,4100000000034925;ROLITO EN BOLSAS 2 KG;41;3,4100000000034925;2;82
13;2;2025;2025-02-13;rmanera;Alta Producción de Hielo;1481;C04 - Compresor 4 - 127;R01 - Rolitera 1;4205,11;4216,69;11,579999999999927;ROLITO EN BOLSAS 2 KG;1047;11,579999999999927;2;2094
13;2;2025;2025-02-13;rmanera;Alta Producción de Hielo;1482;C04 - Compresor 4 - 127;R02 - Rolitera 2;0,0;0,0;0,0;ROLITO EN BOLSAS 2 KG;710;0,0;2;1420
14;2;2025;2025-02-14;rmanera;Alta Producción de Hielo;1483;C04 - Compresor 4 - 127;R01 - Rolitera 1;4216,69;4227,0;10,3100000000004;ROLITO EN BOLSAS 14 KG;9;10,3100000000004;14;126
14;2;2025;2025-02-14;rmanera;Alta Producción de Hielo;1483;C04 - Compresor 4 - 127;R01 - Rolitera 1;4216,69;4227,0;10,3100000000004;ROLITO EN BOLSAS 2 KG;919;10,3100000000004;2;1838
14;2;2025;2025-02-14;rmanera;Alta Producción de Hielo;1483;C04 - Compresor 4 - 127;R01 - Rolitera 1;4216,69;4227,0;10,3100000000004;ROLITO EN BOLSAS 4 KG;1;10,3100000000004;4;4
14;2;2025;2025-02-14;rmanera;Alta Producción de Hielo;1484;C04 - Compresor 4 - 127;R02 - Rolitera 2;0,0;0,0;0,0;ROLITO EN BOLSAS 14 KG;6;0,0;14;84
14;2;2025;2025-02-14;rmanera;Alta Producción de Hielo;1484;C04 - Compresor 4 - 127;R02 - Rolitera 2;0,0;0,0;0,0;ROLITO EN BOLSAS 2 KG;478;0,0;2;956
15;2;2025;2025-02-15;rmanera;Alta Producción de Hielo;1485;C04 - Compresor 4 - 127;R01 - Rolitera 1;4228,55;4239,83;11,279999999999745;ROLITO EN BOLSAS 14 KG;68;11,279999999999745;14;952
15;2;2025;2025-02-15;rmanera;Alta Producción de Hielo;1485;C04 - Compresor 4 - 127;R01 - Rolitera 1;4228,55;4239,83;11,279999999999745;ROLITO EN BOLSAS 2 KG;470;11,279999999999745;2;940
15;2;2025;2025-02-15;rmanera;Alta Producción de Hielo;1485;C04 - Compresor 4 - 127;R01 - Rolitera 1;4228,55;4239,83;11,279999999999745;ROLITO EN BOLSAS 4 KG;33;11,279999999999745;4;132
15;2;2025;2025-02-15;rmanera;Alta Producción de Hielo;1486;C04 - Compresor 4 - 127;R02 - Rolitera 2;0,0;0,0;0,0;ROLITO EN BOLSAS 2 KG;949;0,0;2;1898
16;2;2025;2025-02-16;rmanera;Alta Producción de Hielo;1487;C02 - Compresor 2 - 127;R01 - Rolitera 1;4216,69;4227,0;10,3100000000004;ROLITO EN BOLSAS 14 KG;43;10,3100000000004;14;602
17;2;2025;2025-02-17;rmanera;Alta Producción de Hielo;1488;C04 - Compresor 4 - 127;R01 - Rolitera 1;1239,83;4251,06;3011,2300000000005;ROLITO EN BOLSAS 14 KG;13;5,509999999999991;14;182
17;2;2025;2025-02-17;rmanera;Alta Producción de Hielo;1488;C04 - Compresor 4 - 127;R01 - Rolitera 1;1239,83;4251,06;3011,2300000000005;ROLITO EN BOLSAS 2 KG;854;5,509999999999991;2;1708
17;2;2025;2025-02-17;rmanera;Alta Producción de Hielo;1489;C04 - Compresor 4 - 127;R02 - Rolitera 2;0,0;0,0;0,0;ROLITO EN BOLSAS 2 KG;378;0,0;2;756
18;2;2025;2025-02-18;rmanera;Alta Producción de Hielo;1490;C04 - Compresor 4 - 127;R01 - Rolitera 1;4251,06;4262,41;11,349999999999454;ROLITO EN BOLSAS 14 KG;112;11,349999999999454;14;1568
18;2;2025;2025-02-18;rmanera;Alta Producción de Hielo;1490;C04 - Compresor 4 - 127;R01 - Rolitera 1;4251,06;4262,41;11,349999999999454;ROLITO EN BOLSAS 2 KG;321;11,349999999999454;2;642
18;2;2025;2025-02-18;rmanera;Alta Producción de Hielo;1491;C04 - Compresor 4 - 127;R02 - Rolitera 2;0,0;0,0;0,0;ROLITO EN BOLSAS 2 KG;876;0,0;2;1752
18;2;2025;2025-02-18;rmanera;Alta Producción de Hielo;1491;C04 - Compresor 4 - 127;R02 - Rolitera 2;0,0;0,0;0,0;ROLITO EN BOLSAS 4 KG;81;0,0;4;324
19;2;2025;2025-02-19;rmanera;Alta Producción de Hielo;1492;C04 - Compresor 4 - 127;R01 - Rolitera 1;4262,41;4273,93;11,520000000000437;ROLITO EN BOLSAS 14 KG;84;11,520000000000437;14;1176
19;2;2025;2025-02-19;rmanera;Alta Producción de Hielo;1492;C04 - Compresor 4 - 127;R01 - Rolitera 1;4262,41;4273,93;11,520000000000437;ROLITO EN BOLSAS 2 KG;678;11,520000000000437;2;1356
19;2;2025;2025-02-19;rmanera;Alta Producción de Hielo;1493;C04 - Compresor 4 - 127;R02 - Rolitera 2;0,0;0,0;0,0;ROLITO EN BOLSAS 14 KG;20;0,0;14;280
19;2;2025;2025-02-19;rmanera;Alta Producción de Hielo;1493;C04 - Compresor 4 - 127;R02 - Rolitera 2;0,0;0,0;0,0;ROLITO EN BOLSAS 2 KG;842;0,0;2;1684
20;2;2025;2025-02-20;rmanera;Alta Producción de Hielo;1494;C04 - Compresor 4 - 127;R01 - Rolitera 1;4288,46;4289,12;0,6599999999998545;ROLITO EN BOLSAS 14 KG;9;0,6599999999998545;14;126
20;2;2025;2025-02-20;rmanera;Alta Producción de Hielo;1494;C04 - Compresor 4 - 127;R01 - Rolitera 1;4288,46;4289,12;0,6599999999998545;ROLITO EN BOLSAS 2 KG;308;0,6599999999998545;2;616
20;2;2025;2025-02-20;rmanera;Alta Producción de Hielo;1495;C04 - Compresor 4 - 127;R01 - Rolitera 1;4273,93;4285,24;11,30999999999949;ROLITO EN BOLSAS 14 KG;37;11,30999999999949;14;518
20;2;2025;2025-02-20;rmanera;Alta Producción de Hielo;1495;C04 - Compresor 4 - 127;R01 - Rolitera 1;4273,93;4285,24;11,30999999999949;ROLITO EN BOLSAS 2 KG;699;11,30999999999949;2;1398
20;2;2025;2025-02-20;rmanera;Alta Producción de Hielo;1496;C04 - Compresor 4 - 127;R02 - Rolitera 2;0,0;0,0;0,0;ROLITO EN BOLSAS 14 KG;23;0,0;14;322
20;2;2025;2025-02-20;rmanera;Alta Producción de Hielo;1496;C04 - Compresor 4 - 127;R02 - Rolitera 2;0,0;0,0;0,0;ROLITO EN BOLSAS 2 KG;815;0,0;2;1630
21;2;2025;2025-02-21;rmanera;Alta Producción de Hielo;1497;C02 - Compresor 2 - 127;R01 - Rolitera 1;35434,7;35442,2;7,5;ROLITO EN BOLSAS 14 KG;110;7,5;14;1540
22;2;2025;2025-02-22;rmanera;Alta Producción de Hielo;1498;C02 - Compresor 2 - 127;R01 - Rolitera 1;35442,09;35456,84;14,75;ROLITO EN BOLSAS 14 KG;145;14,75;14;2030
22;2;2025;2025-02-22;rmanera;Alta Producción de Hielo;1498;C02 - Compresor 2 - 127;R01 - Rolitera 1;35442,09;35456,84;14,75;ROLITO EN BOLSAS 2 KG;314;14,75;2;628
22;2;2025;2025-02-22;rmanera;Alta Producción de Hielo;1498;C02 - Compresor 2 - 127;R01 - Rolitera 1;35442,09;35456,84;14,75;ROLITO EN BOLSAS 4 KG;31;14,75;4;124
22;2;2025;2025-02-22;rmanera;Alta Producción de Hielo;1498;C02 - Compresor 2 - 127;R01 - Rolitera 1;35442,09;35456,84;14,75;ROLITO EN BOLSAS 7 KG;17;14,75;7;119
23;2;2025;2025-02-23;rmanera;Alta Producción de Hielo;1499;C02 - Compresor 2 - 127;R01 - Rolitera 1;35456,84;95460,34;60003,5;ROLITO EN BOLSAS 2 KG;219;4,279999999998836;2;438
23;2;2025;2025-02-23;rmanera;Alta Producción de Hielo;1499;C02 - Compresor 2 - 127;R01 - Rolitera 1;35456,84;95460,34;60003,5;ROLITO EN BOLSAS 7 KG;13;4,279999999998836;7;91
24;2;2025;2025-02-24;rmanera;Alta Producción de Hielo;1500;C02 - Compresor 2 - 127;R01 - Rolitera 1;35460,34;35464,24;3,900000000001455;ROLITO EN BOLSAS 2 KG;303;3,900000000001455;2;606
24;2;2025;2025-02-24;rmanera;Alta Producción de Hielo;1501;C04 - Compresor 4 - 127;R01 - Rolitera 1;4289,12;4381,53;92,40999999999985;ROLITO EN BOLSAS 14 KG;19;5,509999999999991;14;266
24;2;2025;2025-02-24;rmanera;Alta Producción de Hielo;1501;C04 - Compresor 4 - 127;R01 - Rolitera 1;4289,12;4381,53;92,40999999999985;ROLITO EN BOLSAS 2 KG;1079;5,509999999999991;2;2158
24;2;2025;2025-02-24;rmanera;Alta Producción de Hielo;1501;C04 - Compresor 4 - 127;R01 - Rolitera 1;4289,12;4381,53;92,40999999999985;ROLITO EN BOLSAS 4 KG;31;5,509999999999991;4;124
25;2;2025;2025-02-25;rmanera;Alta Producción de Hielo;1502;C02 - Compresor 2 - 127;R01 - Rolitera 1;35464,24;35470,33;6,0900000000037835;ROLITO EN BOLSAS 14 KG;19;6,0900000000037835;14;266
25;2;2025;2025-02-25;rmanera;Alta Producción de Hielo;1502;C02 - Compresor 2 - 127;R01 - Rolitera 1;35464,24;35470,33;6,0900000000037835;ROLITO EN BOLSAS 2 KG;413;6,0900000000037835;2;826
25;2;2025;2025-02-25;rmanera;Alta Producción de Hielo;1503;C04 - Compresor 4 - 127;R01 - Rolitera 1;4301,63;4312,17;10,539999999999964;ROLITO EN BOLSAS 14 KG;101;10,539999999999964;14;1414
25;2;2025;2025-02-25;rmanera;Alta Producción de Hielo;1503;C04 - Compresor 4 - 127;R01 - Rolitera 1;4301,63;4312,17;10,539999999999964;ROLITO EN BOLSAS 2 KG;268;10,539999999999964;2;536
25;2;2025;2025-02-25;rmanera;Alta Producción de Hielo;1503;C04 - Compresor 4 - 127;R01 - Rolitera 1;4301,63;4312,17;10,539999999999964;ROLITO EN BOLSAS 4 KG;32;10,539999999999964;4;128
25;3;2025;2025-03-25;rmanera;Alta Producción de Hielo;1504;C04 - Compresor 4 - 127;R02 - Rolitera 2;0,0;0,0;0,0;ROLITO EN BOLSAS 2 KG;609;0,0;2;1218
26;2;2025;2025-02-26;rmanera;Alta Producción de Hielo;1505;C02 - Compresor 2 - 127;R01 - Rolitera 1;35470,99;35474,16;3,1700000000055297;ROLITO EN BOLSAS 2 KG;314;3,1700000000055297;2;628
26;2;2025;2025-02-26;rmanera;Alta Producción de Hielo;1506;C04 - Compresor 4 - 127;R01 - Rolitera 1;4312,17;4323,74;11,569999999999709;ROLITO EN BOLSAS 14 KG;56;11,569999999999709;14;784
26;2;2025;2025-02-26;rmanera;Alta Producción de Hielo;1506;C04 - Compresor 4 - 127;R01 - Rolitera 1;4312,17;4323,74;11,569999999999709;ROLITO EN BOLSAS 2 KG;671;11,569999999999709;2;1342
26;2;2025;2025-02-26;rmanera;Alta Producción de Hielo;1507;C04 - Compresor 4 - 127;R02 - Rolitera 2;0,0;0,0;0,0;ROLITO EN BOLSAS 14 KG;11;0,0;14;154
26;2;2025;2025-02-26;rmanera;Alta Producción de Hielo;1507;C04 - Compresor 4 - 127;R02 - Rolitera 2;0,0;0,0;0,0;ROLITO EN BOLSAS 2 KG;619;0,0;2;1238
27;2;2025;2025-02-27;rmanera;Alta Producción de Hielo;1508;C02 - Compresor 2 - 127;R01 - Rolitera 1;35474,16;35477,18;3,0199999999967986;ROLITO EN BOLSAS 2 KG;306;3,0199999999967986;2;612
27;2;2025;2025-02-27;rmanera;Alta Producción de Hielo;1509;C04 - Compresor 4 - 127;R01 - Rolitera 1;4304,46;4335,2;30,73999999999978;ROLITO EN BOLSAS 14 KG;94;30,73999999999978;14;1316
27;2;2025;2025-02-27;rmanera;Alta Producción de Hielo;1509;C04 - Compresor 4 - 127;R01 - Rolitera 1;4304,46;4335,2;30,73999999999978;ROLITO EN BOLSAS 2 KG;410;30,73999999999978;2;820
27;2;2025;2025-02-27;rmanera;Alta Producción de Hielo;1509;C04 - Compresor 4 - 127;R01 - Rolitera 1;4304,46;4335,2;30,73999999999978;ROLITO EN BOLSAS 7 KG;16;30,73999999999978;7;112
27;2;2025;2025-02-27;rmanera;Alta Producción de Hielo;1510;C04 - Compresor 4 - 127;R02 - Rolitera 2;0,0;0,0;0,0;ROLITO EN BOLSAS 14 KG;11;0,0;14;154
27;2;2025;2025-02-27;rmanera;Alta Producción de Hielo;1510;C04 - Compresor 4 - 127;R02 - Rolitera 2;0,0;0,0;0,0;ROLITO EN BOLSAS 2 KG;595;0,0;2;1190
27;2;2025;2025-02-27;rmanera;Alta Producción de Hielo;1510;C04 - Compresor 4 - 127;R02 - Rolitera 2;0,0;0,0;0,0;ROLITO EN BOLSAS 4 KG;69;0,0;4;276
28;2;2025;2025-02-28;rmanera;Alta Producción de Hielo;1511;C02 - Compresor 2 - 127;R01 - Rolitera 1;35477,98;35481,8;3,819999999999709;ROLITO EN BOLSAS 2 KG;93;3,819999999999709;2;186
28;2;2025;2025-02-28;rmanera;Alta Producción de Hielo;1511;C02 - Compresor 2 - 127;R01 - Rolitera 1;35477,98;35481,8;3,819999999999709;ROLITO EN BOLSAS 4 KG;103;3,819999999999709;4;412
28;2;2025;2025-02-28;rmanera;Alta Producción de Hielo;1511;C02 - Compresor 2 - 127;R01 - Rolitera 1;35477,98;35481,8;3,819999999999709;ROLITO EN BOLSAS 7 KG;17;3,819999999999709;7;119
28;2;2025;2025-02-28;rmanera;Alta Producción de Hielo;1512;C04 - Compresor 4 - 127;R01 - Rolitera 1;4335,2;4346,87;11,670000000000073;ROLITO EN BOLSAS 14 KG;83;11,670000000000073;14;1162
28;2;2025;2025-02-28;rmanera;Alta Producción de Hielo;1512;C04 - Compresor 4 - 127;R01 - Rolitera 1;4335,2;4346,87;11,670000000000073;ROLITO EN BOLSAS 2 KG;353;11,670000000000073;2;706
28;2;2025;2025-02-28;rmanera;Alta Producción de Hielo;1512;C04 - Compresor 4 - 127;R01 - Rolitera 1;4335,2;4346,87;11,670000000000073;ROLITO EN BOLSAS 7 KG;48;11,670000000000073;7;336
28;2;2025;2025-02-28;rmanera;Alta Producción de Hielo;1513;C04 - Compresor 4 - 127;R02 - Rolitera 2;0,0;0,0;0,0;ROLITO EN BOLSAS 2 KG;687;0,0;2;1374
1;3;2025;2025-03-01;rmanera;Alta Producción de Hielo;1514;C04 - Compresor 4 - 127;R01 - Rolitera 1;4346,87;4358,2;11,329999999999927;ROLITO EN BOLSAS 14 KG;54;11,329999999999927;14;756
1;3;2025;2025-03-01;rmanera;Alta Producción de Hielo;1514;C04 - Compresor 4 - 127;R01 - Rolitera 1;4346,87;4358,2;11,329999999999927;ROLITO EN BOLSAS 2 KG;525;11,329999999999927;2;1050
1;3;2025;2025-03-01;rmanera;Alta Producción de Hielo;1515;C04 - Compresor 4 - 127;R02 - Rolitera 2;0,0;0,0;0,0;ROLITO EN BOLSAS 14 KG;32;0,0;14;448
1;3;2025;2025-03-01;rmanera;Alta Producción de Hielo;1515;C04 - Compresor 4 - 127;R02 - Rolitera 2;0,0;0,0;0,0;ROLITO EN BOLSAS 2 KG;741;0,0;2;1482
2;3;2025;2025-03-02;rmanera;Alta Producción de Hielo;1516;C04 - Compresor 4 - 127;R01 - Rolitera 1;35481,8;35485,27;3,469999999993888;ROLITO EN BOLSAS 14 KG;48;3,469999999993888;14;672
3;3;2025;2025-03-03;rmanera;Alta Producción de Hielo;1517;C04 - Compresor 4 - 127;R01 - Rolitera 1;4358,2;4369,53;11,329999999999927;ROLITO EN BOLSAS 14 KG;72;11,329999999999927;14;1008
3;3;2025;2025-03-03;rmanera;Alta Producción de Hielo;1517;C04 - Compresor 4 - 127;R01 - Rolitera 1;4358,2;4369,53;11,329999999999927;ROLITO EN BOLSAS 2 KG;517;11,329999999999927;2;1034
3;3;2025;2025-03-03;rmanera;Alta Producción de Hielo;1518;C04 - Compresor 4 - 127;R02 - Rolitera 2;0,0;0,0;0,0;ROLITO EN BOLSAS 14 KG;10;0,0;14;140
3;3;2025;2025-03-03;rmanera;Alta Producción de Hielo;1518;C04 - Compresor 4 - 127;R02 - Rolitera 2;0,0;0,0;0,0;ROLITO EN BOLSAS 2 KG;448;0,0;2;896
4;3;2025;2025-03-04;rmanera;Alta Producción de Hielo;1519;C04 - Compresor 4 - 127;R01 - Rolitera 1;35485,27;35495,95;10,680000000000291;ROLITO EN BOLSAS 14 KG;2;10,680000000000291;14;28
4;3;2025;2025-03-04;rmanera;Alta Producción de Hielo;1519;C04 - Compresor 4 - 127;R01 - Rolitera 1;35485,27;35495,95;10,680000000000291;ROLITO EN BOLSAS 2 KG;785;10,680000000000291;2;1570
5;3;2025;2025-03-05;rmanera;Alta Producción de Hielo;1520;C04 - Compresor 4 - 127;R01 - Rolitera 1;35495,95;35508,35;12,400000000001455;ROLITO EN BOLSAS 14 KG;34;12,400000000001455;14;476
5;3;2025;2025-03-05;rmanera;Alta Producción de Hielo;1520;C04 - Compresor 4 - 127;R01 - Rolitera 1;35495,95;35508,35;12,400000000001455;ROLITO EN BOLSAS 2 KG;673;12,400000000001455;2;1346
6;3;2025;2025-03-06;rmanera;Alta Producción de Hielo;1521;C04 - Compresor 4 - 127;R01 - Rolitera 1;35508,35;35519,98;11,630000000004657;ROLITO EN BOLSAS 14 KG;26;11,630000000004657;14;364
6;3;2025;2025-03-06;rmanera;Alta Producción de Hielo;1521;C04 - Compresor 4 - 127;R01 - Rolitera 1;35508,35;35519,98;11,630000000004657;ROLITO EN BOLSAS 2 KG;723;11,630000000004657;2;1446
7;3;2025;2025-03-07;rmanera;Alta Producción de Hielo;1522;C04 - Compresor 4 - 127;R01 - Rolitera 1;35519,98;35535,74;15,759999999994761;ROLITO EN BOLSAS 14 KG;69;15,759999999994761;14;966
7;3;2025;2025-03-07;rmanera;Alta Producción de Hielo;1522;C04 - Compresor 4 - 127;R01 - Rolitera 1;35519,98;35535,74;15,759999999994761;ROLITO EN BOLSAS 2 KG;675;15,759999999994761;2;1350
8;3;2025;2025-03-08;rmanera;Alta Producción de Hielo;1523;C04 - Compresor 4 - 127;R01 - Rolitera 1;4369,63;4381,35;11,720000000000255;ROLITO EN BOLSAS 14 KG;130;11,720000000000255;14;1820
8;3;2025;2025-03-08;rmanera;Alta Producción de Hielo;1523;C04 - Compresor 4 - 127;R01 - Rolitera 1;4369,63;4381,35;11,720000000000255;ROLITO EN BOLSAS 2 KG;327;11,720000000000255;2;654
8;3;2025;2025-03-08;rmanera;Alta Producción de Hielo;1524;C04 - Compresor 4 - 127;R02 - Rolitera 2;0,0;0,0;0,0;ROLITO EN BOLSAS 14 KG;11;0,0;14;154
8;3;2025;2025-03-08;rmanera;Alta Producción de Hielo;1524;C04 - Compresor 4 - 127;R02 - Rolitera 2;0,0;0,0;0,0;ROLITO EN BOLSAS 2 KG;404;0,0;2;808
9;3;2025;2025-03-09;rmanera;Alta Producción de Hielo;1525;C04 - Compresor 4 - 127;R01 - Rolitera 1;4381,35;4384,04;2,6899999999996;ROLITO EN BOLSAS 14 KG;9;2,6899999999996;14;126
9;3;2025;2025-03-09;rmanera;Alta Producción de Hielo;1525;C04 - Compresor 4 - 127;R01 - Rolitera 1;4381,35;4384,04;2,6899999999996;ROLITO EN BOLSAS 2 KG;219;2,6899999999996;2;438
10;3;2025;2025-03-10;rmanera;Alta Producción de Hielo;1526;C04 - Compresor 4 - 127;R01 - Rolitera 1;4384,04;4388,81;4,770000000000437;ROLITO EN BOLSAS 14 KG;29;4,770000000000437;14;406
10;3;2025;2025-03-10;rmanera;Alta Producción de Hielo;1526;C04 - Compresor 4 - 127;R01 - Rolitera 1;4384,04;4388,81;4,770000000000437;ROLITO EN BOLSAS 2 KG;276;4,770000000000437;2;552
10;3;2025;2025-03-10;rmanera;Alta Producción de Hielo;1527;C04 - Compresor 4 - 127;R02 - Rolitera 2;0,0;0,0;0,0;ROLITO EN BOLSAS 2 KG;300;0,0;2;600
11;3;2025;2025-03-11;rmanera;Alta Producción de Hielo;1528;C04 - Compresor 4 - 127;R01 - Rolitera 1;4388,81;4392,27;3,4600000000000364;ROLITO EN BOLSAS 2 KG;270;3,4600000000000364;2;540
11;3;2025;2025-03-11;rmanera;Alta Producción de Hielo;1529;C04 - Compresor 4 - 127;R02 - Rolitera 2;0,0;0,0;0,0;ROLITO EN BOLSAS 14 KG;7;0,0;14;98
11;3;2025;2025-03-11;rmanera;Alta Producción de Hielo;1529;C04 - Compresor 4 - 127;R02 - Rolitera 2;0,0;0,0;0,0;ROLITO EN BOLSAS 2 KG;237;0,0;2;474
12;3;2025;2025-03-12;rmanera;Alta Producción de Hielo;1530;C04 - Compresor 4 - 127;R01 - Rolitera 1;4392,27;4403,99;11,719999999999345;ROLITO EN BOLSAS 14 KG;125;11,719999999999345;14;1750
12;3;2025;2025-03-12;rmanera;Alta Producción de Hielo;1530;C04 - Compresor 4 - 127;R01 - Rolitera 1;4392,27;4403,99;11,719999999999345;ROLITO EN BOLSAS 2 KG;444;11,719999999999345;2;888
12;3;2025;2025-03-12;rmanera;Alta Producción de Hielo;1531;C04 - Compresor 4 - 127;R02 - Rolitera 2;0,0;0,0;0,0;ROLITO EN BOLSAS 14 KG;11;0,0;14;154
12;3;2025;2025-03-12;rmanera;Alta Producción de Hielo;1531;C04 - Compresor 4 - 127;R02 - Rolitera 2;0,0;0,0;0,0;ROLITO EN BOLSAS 2 KG;244;0,0;2;488
13;3;2025;2025-03-13;rmanera;Alta Producción de Hielo;1532;C04 - Compresor 4 - 127;R01 - Rolitera 1;4403,99;4415,19;11,199999999999818;ROLITO EN BOLSAS 14 KG;55;11,199999999999818;14;770
13;3;2025;2025-03-13;rmanera;Alta Producción de Hielo;1532;C04 - Compresor 4 - 127;R01 - Rolitera 1;4403,99;4415,19;11,199999999999818;ROLITO EN BOLSAS 2 KG;725;11,199999999999818;2;1450
13;3;2025;2025-03-13;rmanera;Alta Producción de Hielo;1533;C04 - Compresor 4 - 127;R02 - Rolitera 2;0,0;0,0;0,0;ROLITO EN BOLSAS 14 KG;12;0,0;14;168
13;3;2025;2025-03-13;rmanera;Alta Producción de Hielo;1533;C04 - Compresor 4 - 127;R02 - Rolitera 2;0,0;0,0;0,0;ROLITO EN BOLSAS 2 KG;548;0,0;2;1096
14;3;2025;2025-03-14;rmanera;Alta Producción de Hielo;1534;C04 - Compresor 4 - 127;R01 - Rolitera 1;4415,19;4423,06;7,8700000000008;ROLITO EN BOLSAS 14 KG;56;7,8700000000008;14;784
14;3;2025;2025-03-14;rmanera;Alta Producción de Hielo;1534;C04 - Compresor 4 - 127;R01 - Rolitera 1;4415,19;4423,06;7,8700000000008;ROLITO EN BOLSAS 2 KG;382;7,8700000000008;2;764
14;3;2025;2025-03-14;rmanera;Alta Producción de Hielo;1535;C04 - Compresor 4 - 127;R02 - Rolitera 2;0,0;0,0;0,0;ROLITO EN BOLSAS 2 KG;688;0,0;2;1376
15;3;2025;2025-03-15;rmanera;Alta Producción de Hielo;1536;C04 - Compresor 4 - 127;R01 - Rolitera 1;4423,06;4426,7;3,639999999999418;ROLITO EN BOLSAS 14 KG;10;3,639999999999418;14;140
15;3;2025;2025-03-15;rmanera;Alta Producción de Hielo;1536;C04 - Compresor 4 - 127;R01 - Rolitera 1;4423,06;4426,7;3,639999999999418;ROLITO EN BOLSAS 2 KG;245;3,639999999999418;2;490
15;3;2025;2025-03-15;rmanera;Alta Producción de Hielo;1537;C04 - Compresor 4 - 127;R02 - Rolitera 2;0,0;0,0;0,0;ROLITO EN BOLSAS 14 KG;11;0,0;14;154
15;3;2025;2025-03-15;rmanera;Alta Producción de Hielo;1537;C04 - Compresor 4 - 127;R02 - Rolitera 2;0,0;0,0;0,0;ROLITO EN BOLSAS 2 KG;246;0,0;2;492
17;3;2025;2025-03-17;rmanera;Alta Producción de Hielo;1538;C04 - Compresor 4 - 127;R01 - Rolitera 1;4426,7;4430,4;3,699999999999818;ROLITO EN BOLSAS 14 KG;58;3,699999999999818;14;812
17;3;2025;2025-03-17;rmanera;Alta Producción de Hielo;1538;C04 - Compresor 4 - 127;R01 - Rolitera 1;4426,7;4430,4;3,699999999999818;ROLITO EN BOLSAS 2 KG;296;3,699999999999818;2;592
18;3;2025;2025-03-18;rmanera;Alta Producción de Hielo;1539;C04 - Compresor 4 - 127;R01 - Rolitera 1;4432,75;4437,99;5,239999999999782;ROLITO EN BOLSAS 14 KG;49;5,239999999999782;14;686
18;3;2025;2025-03-18;rmanera;Alta Producción de Hielo;1539;C04 - Compresor 4 - 127;R01 - Rolitera 1;4432,75;4437,99;5,239999999999782;ROLITO EN BOLSAS 2 KG;368;5,239999999999782;2;736
18;3;2025;2025-03-18;rmanera;Alta Producción de Hielo;1540;C04 - Compresor 4 - 127;R01 - Rolitera 1;0,0;0,0;0,0;ROLITO EN BOLSAS 4 KG;65;5,509999999999991;4;260
18;3;2025;2025-03-18;rmanera;Alta Producción de Hielo;1541;C04 - Compresor 4 - 127;R02 - Rolitera 2;0,0;0,0;0,0;ROLITO EN BOLSAS 14 KG;11;0,0;14;154
18;3;2025;2025-03-18;rmanera;Alta Producción de Hielo;1541;C04 - Compresor 4 - 127;R02 - Rolitera 2;0,0;0,0;0,0;ROLITO EN BOLSAS 2 KG;462;0,0;2;924
19;3;2025;2025-03-19;rmanera;Alta Producción de Hielo;1542;C04 - Compresor 4 - 127;R01 - Rolitera 1;4437,99;4449,91;11,920000000000073;ROLITO EN BOLSAS 14 KG;35;11,920000000000073;14;490
19;3;2025;2025-03-19;rmanera;Alta Producción de Hielo;1542;C04 - Compresor 4 - 127;R01 - Rolitera 1;4437,99;4449,91;11,920000000000073;ROLITO EN BOLSAS 2 KG;839;11,920000000000073;2;1678
19;3;2025;2025-03-19;rmanera;Alta Producción de Hielo;1543;C04 - Compresor 4 - 127;R02 - Rolitera 2;0,0;0,0;0,0;ROLITO EN BOLSAS 14 KG;12;0,0;14;168
19;3;2025;2025-03-19;rmanera;Alta Producción de Hielo;1543;C04 - Compresor 4 - 127;R02 - Rolitera 2;0,0;0,0;0,0;ROLITO EN BOLSAS 2 KG;543;0,0;2;1086
20;3;2025;2025-03-20;rmanera;Alta Producción de Hielo;1544;C04 - Compresor 4 - 127;R01 - Rolitera 1;4449,91;4461,25;11,340000000000146;MOLIDO EN BOLSA 14 KG;92;11,340000000000146;14;1288
20;3;2025;2025-03-20;rmanera;Alta Producción de Hielo;1544;C04 - Compresor 4 - 127;R01 - Rolitera 1;4449,91;4461,25;11,340000000000146;ROLITO EN BOLSAS 2 KG;558;11,340000000000146;2;1116
29;3;2025;2025-03-29;rmanera;Alta Producción de Hielo;1545;C04 - Compresor 4 - 127;R02 - Rolitera 2;0,0;0,0;0,0;ROLITO EN BOLSAS 14 KG;15;0,0;14;210
29;3;2025;2025-03-29;rmanera;Alta Producción de Hielo;1545;C04 - Compresor 4 - 127;R02 - Rolitera 2;0,0;0,0;0,0;ROLITO EN BOLSAS 2 KG;419;0,0;2;838
21;3;2025;2025-03-21;rmanera;Alta Producción de Hielo;1546;C04 - Compresor 4 - 127;R01 - Rolitera 1;4461,25;4468,89;7,640000000000327;ROLITO EN BOLSAS 14 KG;59;7,640000000000327;14;826
21;3;2025;2025-03-21;rmanera;Alta Producción de Hielo;1546;C04 - Compresor 4 - 127;R01 - Rolitera 1;4461,25;4468,89;7,640000000000327;ROLITO EN BOLSAS 4 KG;194;7,640000000000327;4;776
21;3;2025;2025-03-21;rmanera;Alta Producción de Hielo;1547;C04 - Compresor 4 - 127;R02 - Rolitera 2;0,0;0,0;0,0;ROLITO EN BOLSAS 14 KG;18;0,0;14;252
21;3;2025;2025-03-21;rmanera;Alta Producción de Hielo;1547;C04 - Compresor 4 - 127;R02 - Rolitera 2;0,0;0,0;0,0;ROLITO EN BOLSAS 2 KG;549;0,0;2;1098
22;3;2025;2025-03-22;rmanera;Alta Producción de Hielo;1548;C04 - Compresor 4 - 127;R01 - Rolitera 1;4468,89;4480,18;11,289999999999964;ROLITO EN BOLSAS 14 KG;186;11,289999999999964;14;2604
22;3;2025;2025-03-22;rmanera;Alta Producción de Hielo;1548;C04 - Compresor 4 - 127;R01 - Rolitera 1;4468,89;4480,18;11,289999999999964;ROLITO EN BOLSAS 7 KG;22;11,289999999999964;7;154
8;3;2025;2025-03-08;rmanera;Alta Producción de Hielo;1549;C02 - Compresor 2 - 127;R01 - Rolitera 1;35535,74;35539,63;3,889999999999418;ROLITO EN BOLSAS 14 KG;19;3,889999999999418;14;266
8;3;2025;2025-03-08;rmanera;Alta Producción de Hielo;1549;C02 - Compresor 2 - 127;R01 - Rolitera 1;35535,74;35539,63;3,889999999999418;ROLITO EN BOLSAS 2 KG;206;3,889999999999418;2;412
10;3;2025;2025-03-10;rmanera;Alta Producción de Hielo;1550;C02 - Compresor 2 - 127;R01 - Rolitera 1;35539,63;35550,07;10,440000000002328;ROLITO EN BOLSAS 14 KG;46;10,440000000002328;14;644
10;3;2025;2025-03-10;rmanera;Alta Producción de Hielo;1550;C02 - Compresor 2 - 127;R01 - Rolitera 1;35539,63;35550,07;10,440000000002328;ROLITO EN BOLSAS 2 KG;623;10,440000000002328;2;1246
11;3;2025;2025-03-11;rmanera;Alta Producción de Hielo;1551;C02 - Compresor 2 - 127;R01 - Rolitera 1;35550,07;35561,97;11,900000000001455;ROLITO EN BOLSAS 14 KG;65;11,900000000001455;14;910
11;3;2025;2025-03-11;rmanera;Alta Producción de Hielo;1551;C02 - Compresor 2 - 127;R01 - Rolitera 1;35550,07;35561,97;11,900000000001455;ROLITO EN BOLSAS 2 KG;575;11,900000000001455;2;1150
11;3;2025;2025-03-11;rmanera;Alta Producción de Hielo;1551;C02 - Compresor 2 - 127;R01 - Rolitera 1;35550,07;35561,97;11,900000000001455;ROLITO EN BOLSAS 7 KG;31;11,900000000001455;7;217
12;3;2025;2025-03-12;rmanera;Alta Producción de Hielo;1552;C02 - Compresor 2 - 127;R01 - Rolitera 1;35561,97;35565,78;3,8099999999976717;ROLITO EN BOLSAS 2 KG;316;3,8099999999976717;2;632
15;3;2025;2025-03-15;rmanera;Alta Producción de Hielo;1553;C02 - Compresor 2 - 127;R01 - Rolitera 1;35565,78;35573,19;7,4100000000034925;ROLITO EN BOLSAS 14 KG;28;7,4100000000034925;14;392
15;3;2025;2025-03-15;rmanera;Alta Producción de Hielo;1553;C02 - Compresor 2 - 127;R01 - Rolitera 1;35565,78;35573,19;7,4100000000034925;ROLITO EN BOLSAS 2 KG;450;7,4100000000034925;2;900
17;3;2025;2025-03-17;rmanera;Alta Producción de Hielo;1554;C02 - Compresor 2 - 127;R01 - Rolitera 1;35579,19;35581,48;2,290000000000873;ROLITO EN BOLSAS 2 KG;578;2,290000000000873;2;1156
18;3;2025;2025-03-18;rmanera;Alta Producción de Hielo;1555;C02 - Compresor 2 - 127;R01 - Rolitera 1;35581,48;35583,32;1,8399999999965075;ROLITO EN BOLSAS 2 KG;96;1,8399999999965075;2;192
21;3;2025;2025-03-21;rmanera;Alta Producción de Hielo;1556;C02 - Compresor 2 - 127;R01 - Rolitera 1;35583,32;35587,12;3,8000000000029104;ROLITO EN BOLSAS 14 KG;17;3,8000000000029104;14;238
21;3;2025;2025-03-21;rmanera;Alta Producción de Hielo;1556;C02 - Compresor 2 - 127;R01 - Rolitera 1;35583,32;35587,12;3,8000000000029104;ROLITO EN BOLSAS 2 KG;102;3,8000000000029104;2;204
21;3;2025;2025-03-21;rmanera;Alta Producción de Hielo;1556;C02 - Compresor 2 - 127;R01 - Rolitera 1;35583,32;35587,12;3,8000000000029104;ROLITO EN BOLSAS 4 KG;34;3,8000000000029104;4;136
21;3;2025;2025-03-21;rmanera;Alta Producción de Hielo;1556;C02 - Compresor 2 - 127;R01 - Rolitera 1;35583,32;35587,12;3,8000000000029104;ROLITO EN BOLSAS 7 KG;14;3,8000000000029104;7;98
25;3;2025;2025-03-25;rmanera;Alta Producción de Hielo;1557;C02 - Compresor 2 - 127;R01 - Rolitera 1;35587,12;35594,83;7,709999999999127;ROLITO EN BOLSAS 14 KG;17;7,709999999999127;14;238
25;3;2025;2025-03-25;rmanera;Alta Producción de Hielo;1557;C02 - Compresor 2 - 127;R01 - Rolitera 1;35587,12;35594,83;7,709999999999127;ROLITO EN BOLSAS 2 KG;539;7,709999999999127;2;1078
26;4;2025;2025-04-26;rmanera;Alta Producción de Hielo;1558;C02 - Compresor 2 - 127;R01 - Rolitera 1;35594,83;35602,65;7,819999999999709;ROLITO EN BOLSAS 14 KG;37;7,819999999999709;14;518
26;4;2025;2025-04-26;rmanera;Alta Producción de Hielo;1558;C02 - Compresor 2 - 127;R01 - Rolitera 1;35594,83;35602,65;7,819999999999709;ROLITO EN BOLSAS 2 KG;493;7,819999999999709;2;986
27;3;2025;2025-03-27;rmanera;Alta Producción de Hielo;1559;C02 - Compresor 2 - 127;R01 - Rolitera 1;35602,63;35610,62;7,990000000005239;ROLITO EN BOLSAS 14 KG;55;7,990000000005239;14;770
27;3;2025;2025-03-27;rmanera;Alta Producción de Hielo;1559;C02 - Compresor 2 - 127;R01 - Rolitera 1;35602,63;35610,62;7,990000000005239;ROLITO EN BOLSAS 2 KG;374;7,990000000005239;2;748
28;3;2025;2025-03-28;rmanera;Alta Producción de Hielo;1560;C02 - Compresor 2 - 127;R01 - Rolitera 1;35610,62;35622,15;11,529999999998836;ROLITO EN BOLSAS 14 KG;123;11,529999999998836;14;1722
28;3;2025;2025-03-28;rmanera;Alta Producción de Hielo;1560;C02 - Compresor 2 - 127;R01 - Rolitera 1;35610,62;35622,15;11,529999999998836;ROLITO EN BOLSAS 2 KG;322;11,529999999998836;2;644
29;3;2025;2025-03-29;rmanera;Alta Producción de Hielo;1561;C02 - Compresor 2 - 127;R01 - Rolitera 1;35622,29;35625,87;3,5800000000017462;ROLITO EN BOLSAS 14 KG;56;3,5800000000017462;14;784
31;3;2025;2025-03-31;rmanera;Alta Producción de Hielo;1562;C02 - Compresor 2 - 127;R01 - Rolitera 1;35625,87;35628,43;2,5599999999976717;ROLITO EN BOLSAS 2 KG;270;2,5599999999976717;2;540
31;3;2025;2025-03-31;rmanera;Alta Producción de Hielo;1563;C02 - Compresor 2 - 127;R01 - Rolitera 1;35629,45;35634,75;5,30000000000291;ROLITO EN BOLSAS 14 KG;28;5,30000000000291;14;392
31;3;2025;2025-03-31;rmanera;Alta Producción de Hielo;1563;C02 - Compresor 2 - 127;R01 - Rolitera 1;35629,45;35634,75;5,30000000000291;ROLITO EN BOLSAS 2 KG;323;5,30000000000291;2;646
1;4;2025;2025-04-01;rmanera;Alta Producción de Hielo;1564;C02 - Compresor 2 - 127;R01 - Rolitera 1;35634,75;35646,32;11,569999999999709;ROLITO EN BOLSAS 14 KG;64;11,569999999999709;14;896
1;4;2025;2025-04-01;rmanera;Alta Producción de Hielo;1564;C02 - Compresor 2 - 127;R01 - Rolitera 1;35634,75;35646,32;11,569999999999709;ROLITO EN BOLSAS 2 KG;668;11,569999999999709;2;1336
1;4;2025;2025-04-01;rmanera;Alta Producción de Hielo;1564;C02 - Compresor 2 - 127;R01 - Rolitera 1;35634,75;35646,32;11,569999999999709;ROLITO EN BOLSAS 7 KG;17;11,569999999999709;7;119
2;4;2025;2025-04-02;rmanera;Alta Producción de Hielo;1565;C02 - Compresor 2 - 127;R01 - Rolitera 1;35646,32;35656,93;10,610000000000582;ROLITO EN BOLSAS 14 KG;39;10,610000000000582;14;546
2;4;2025;2025-04-02;rmanera;Alta Producción de Hielo;1565;C02 - Compresor 2 - 127;R01 - Rolitera 1;35646,32;35656,93;10,610000000000582;ROLITO EN BOLSAS 2 KG;836;10,610000000000582;2;1672
3;4;2025;2025-04-03;rmanera;Alta Producción de Hielo;1566;C02 - Compresor 2 - 127;R01 - Rolitera 1;35656,93;35664,9;7,970000000001164;ROLITO EN BOLSAS 14 KG;64;7,970000000001164;14;896
3;4;2025;2025-04-03;rmanera;Alta Producción de Hielo;1566;C02 - Compresor 2 - 127;R01 - Rolitera 1;35656,93;35664,9;7,970000000001164;ROLITO EN BOLSAS 2 KG;369;7,970000000001164;2;738
4;4;2025;2025-04-04;rmanera;Alta Producción de Hielo;1567;C02 - Compresor 2 - 127;R01 - Rolitera 1;35644,9;35672,91;28,010000000002037;ROLITO EN BOLSAS 14 KG;82;28,010000000002037;14;1148
4;4;2025;2025-04-04;rmanera;Alta Producción de Hielo;1567;C02 - Compresor 2 - 127;R01 - Rolitera 1;35644,9;35672,91;28,010000000002037;ROLITO EN BOLSAS 2 KG;276;28,010000000002037;2;552
4;4;2025;2025-04-04;rmanera;Alta Producción de Hielo;1568;C04 - Compresor 4 - 127;R01 - Rolitera 1;4480,18;4483,72;3,5399999999999636;ROLITO EN BOLSAS 14 KG;58;3,5399999999999636;14;812
4;4;2025;2025-04-04;rmanera;Alta Producción de Hielo;1569;C04 - Compresor 4 - 127;R02 - Rolitera 2;0,0;0,0;0,0;ROLITO EN BOLSAS 14 KG;53;0,0;14;742
5;4;2025;2025-04-05;rmanera;Alta Producción de Hielo;1570;C02 - Compresor 2 - 127;R01 - Rolitera 1;35672,61;35681,35;8,739999999997963;ROLITO EN BOLSAS 14 KG;76;8,739999999997963;14;1064
5;4;2025;2025-04-05;rmanera;Alta Producción de Hielo;1570;C02 - Compresor 2 - 127;R01 - Rolitera 1;35672,61;35681,35;8,739999999997963;ROLITO EN BOLSAS 2 KG;268;8,739999999997963;2;536
5;4;2025;2025-04-05;rmanera;Alta Producción de Hielo;1570;C02 - Compresor 2 - 127;R01 - Rolitera 1;35672,61;35681,35;8,739999999997963;ROLITO EN BOLSAS 7 KG;17;8,739999999997963;7;119
7;4;2025;2025-04-07;rmanera;Alta Producción de Hielo;1571;C04 - Compresor 4 - 127;R01 - Rolitera 1;4483,72;4487,17;3,449999999999818;ROLITO EN BOLSAS 14 KG;19;3,449999999999818;14;266
7;4;2025;2025-04-07;rmanera;Alta Producción de Hielo;1571;C04 - Compresor 4 - 127;R01 - Rolitera 1;4483,72;4487,17;3,449999999999818;ROLITO EN BOLSAS 2 KG;219;3,449999999999818;2;438
7;4;2025;2025-04-07;rmanera;Alta Producción de Hielo;1572;C04 - Compresor 4 - 127;R02 - Rolitera 2;0,0;0,0;0,0;ROLITO EN BOLSAS 2 KG;268;0,0;2;536
7;4;2025;2025-04-07;rmanera;Alta Producción de Hielo;1573;C02 - Compresor 2 - 127;R01 - Rolitera 1;35681,03;35684,83;3,8000000000029104;ROLITO EN BOLSAS 14 KG;19;3,8000000000029104;14;266
7;4;2025;2025-04-07;rmanera;Alta Producción de Hielo;1573;C02 - Compresor 2 - 127;R01 - Rolitera 1;35681,03;35684,83;3,8000000000029104;ROLITO EN BOLSAS 2 KG;229;3,8000000000029104;2;458
8;4;2025;2025-04-08;rmanera;Alta Producción de Hielo;1574;C02 - Compresor 2 - 127;R01 - Rolitera 1;35684,83;35688,36;3,529999999998836;ROLITO EN BOLSAS 14 KG;29;3,529999999998836;14;406
8;4;2025;2025-04-08;rmanera;Alta Producción de Hielo;1574;C02 - Compresor 2 - 127;R01 - Rolitera 1;35684,83;35688,36;3,529999999998836;ROLITO EN BOLSAS 2 KG;165;3,529999999998836;2;330
8;4;2025;2025-04-08;rmanera;Alta Producción de Hielo;1575;C02 - Compresor 2 - 127;R01 - Rolitera 1;35688,36;35695,15;6,790000000000873;ROLITO EN BOLSAS 14 KG;59;6,790000000000873;14;826
8;4;2025;2025-04-08;rmanera;Alta Producción de Hielo;1575;C02 - Compresor 2 - 127;R01 - Rolitera 1;35688,36;35695,15;6,790000000000873;ROLITO EN BOLSAS 2 KG;323;6,790000000000873;2;646
9;4;2025;2025-04-09;rmanera;Alta Producción de Hielo;1576;C02 - Compresor 2 - 127;R01 - Rolitera 1;35695,15;35696,43;1,2799999999988358;ROLITO EN BOLSAS 14 KG;19;1,2799999999988358;14;266
9;4;2025;2025-04-09;rmanera;Alta Producción de Hielo;1577;C04 - Compresor 4 - 127;R01 - Rolitera 1;4487,17;4490,74;3,569999999999709;ROLITO EN BOLSAS 14 KG;19;3,569999999999709;14;266
9;4;2025;2025-04-09;rmanera;Alta Producción de Hielo;1577;C04 - Compresor 4 - 127;R01 - Rolitera 1;4487,17;4490,74;3,569999999999709;ROLITO EN BOLSAS 2 KG;219;3,569999999999709;2;438
9;4;2025;2025-04-09;rmanera;Alta Producción de Hielo;1578;C04 - Compresor 4 - 127;R02 - Rolitera 2;0,0;0,0;0,0;ROLITO EN BOLSAS 2 KG;319;0,0;2;638
9;4;2025;2025-04-09;rmanera;Alta Producción de Hielo;1579;C02 - Compresor 2 - 127;R01 - Rolitera 1;35696,43;35700,08;3,650000000001455;ROLITO EN BOLSAS 2 KG;275;3,650000000001455;2;550
9;4;2025;2025-04-09;rmanera;Alta Producción de Hielo;1579;C02 - Compresor 2 - 127;R01 - Rolitera 1;35696,43;35700,08;3,650000000001455;ROLITO EN BOLSAS 7 KG;17;3,650000000001455;7;119
10;4;2025;2025-04-10;rmanera;Alta Producción de Hielo;1580;C02 - Compresor 2 - 127;R01 - Rolitera 1;35700,09;35705,38;5,290000000000873;ROLITO EN BOLSAS 14 KG;64;5,290000000000873;14;896
10;4;2025;2025-04-10;rmanera;Alta Producción de Hielo;1580;C02 - Compresor 2 - 127;R01 - Rolitera 1;35700,09;35705,38;5,290000000000873;ROLITO EN BOLSAS 2 KG;116;5,290000000000873;2;232
10;4;2025;2025-04-10;rmanera;Alta Producción de Hielo;1581;C02 - Compresor 2 - 127;R01 - Rolitera 1;35705,38;35709,77;4,389999999999418;ROLITO EN BOLSAS 14 KG;29;4,389999999999418;14;406
10;4;2025;2025-04-10;rmanera;Alta Producción de Hielo;1581;C02 - Compresor 2 - 127;R01 - Rolitera 1;35705,38;35709,77;4,389999999999418;ROLITO EN BOLSAS 2 KG;223;4,389999999999418;2;446
11;4;2025;2025-04-11;rmanera;Alta Producción de Hielo;1582;C02 - Compresor 2 - 127;R01 - Rolitera 1;35709,77;35718,32;8,55000000000291;ROLITO EN BOLSAS 14 KG;96;8,55000000000291;14;1344
11;4;2025;2025-04-11;rmanera;Alta Producción de Hielo;1582;C02 - Compresor 2 - 127;R01 - Rolitera 1;35709,77;35718,32;8,55000000000291;ROLITO EN BOLSAS 2 KG;221;8,55000000000291;2;442
12;4;2025;2025-04-12;rmanera;Alta Producción de Hielo;1583;C02 - Compresor 2 - 127;R01 - Rolitera 1;35718,32;35727,37;9,05000000000291;ROLITO EN BOLSAS 14 KG;128;9,05000000000291;14;1792
14;4;2025;2025-04-14;rmanera;Alta Producción de Hielo;1584;C02 - Compresor 2 - 127;R01 - Rolitera 1;35727,37;35731,66;4,290000000000873;ROLITO EN BOLSAS 14 KG;70;4,290000000000873;14;980
15;4;2025;2025-04-15;rmanera;Alta Producción de Hielo;1585;C02 - Compresor 2 - 127;R01 - Rolitera 1;35731,66;35735,19;3,529999999998836;ROLITO EN BOLSAS 14 KG;10;3,529999999998836;14;140
15;4;2025;2025-04-15;rmanera;Alta Producción de Hielo;1585;C02 - Compresor 2 - 127;R01 - Rolitera 1;35731,66;35735,19;3,529999999998836;ROLITO EN BOLSAS 2 KG;277;3,529999999998836;2;554
14;4;2025;2025-04-14;rmanera;Alta Producción de Hielo;1586;C04 - Compresor 4 - 127;R01 - Rolitera 1;4490,74;4497,98;7,239999999999782;ROLITO EN BOLSAS 14 KG;68;7,239999999999782;14;952
14;4;2025;2025-04-14;rmanera;Alta Producción de Hielo;1586;C04 - Compresor 4 - 127;R01 - Rolitera 1;4490,74;4497,98;7,239999999999782;ROLITO EN BOLSAS 2 KG;334;7,239999999999782;2;668
14;4;2025;2025-04-14;rmanera;Alta Producción de Hielo;1587;C04 - Compresor 4 - 127;R02 - Rolitera 2;0,0;0,0;0,0;ROLITO EN BOLSAS 2 KG;667;0,0;2;1334
15;4;2025;2025-04-15;rmanera;Alta Producción de Hielo;1588;C02 - Compresor 2 - 127;R01 - Rolitera 1;35735,19;35739,2;4,009999999994761;ROLITO EN BOLSAS 14 KG;9;4,009999999994761;14;126
15;4;2025;2025-04-15;rmanera;Alta Producción de Hielo;1588;C02 - Compresor 2 - 127;R01 - Rolitera 1;35735,19;35739,2;4,009999999994761;ROLITO EN BOLSAS 2 KG;329;4,009999999994761;2;658
16;4;2025;2025-04-16;rmanera;Alta Producción de Hielo;1589;C02 - Compresor 2 - 127;R01 - Rolitera 1;35739,26;35742,78;3,5199999999967986;ROLITO EN BOLSAS 14 KG;29;3,5199999999967986;14;406
16;4;2025;2025-04-16;rmanera;Alta Producción de Hielo;1589;C02 - Compresor 2 - 127;R01 - Rolitera 1;35739,26;35742,78;3,5199999999967986;ROLITO EN BOLSAS 2 KG;170;3,5199999999967986;2;340
16;4;2025;2025-04-16;rmanera;Alta Producción de Hielo;1590;C02 - Compresor 2 - 127;R01 - Rolitera 1;35742,78;35746,3;3,5200000000040745;ROLITO EN BOLSAS 14 KG;9;3,5200000000040745;14;126
16;4;2025;2025-04-16;rmanera;Alta Producción de Hielo;1590;C02 - Compresor 2 - 127;R01 - Rolitera 1;35742,78;35746,3;3,5200000000040745;ROLITO EN BOLSAS 2 KG;207;3,5200000000040745;2;414
16;4;2025;2025-04-16;rmanera;Alta Producción de Hielo;1590;C02 - Compresor 2 - 127;R01 - Rolitera 1;35742,78;35746,3;3,5200000000040745;ROLITO EN BOLSAS 7 KG;17;3,5200000000040745;7;119
17;4;2025;2025-04-17;rmanera;Alta Producción de Hielo;1591;C02 - Compresor 2 - 127;R01 - Rolitera 1;35746,3;35750,07;3,7699999999967986;ROLITO EN BOLSAS 14 KG;12;3,7699999999967986;14;168
17;4;2025;2025-04-17;rmanera;Alta Producción de Hielo;1591;C02 - Compresor 2 - 127;R01 - Rolitera 1;35746,3;35750,07;3,7699999999967986;ROLITO EN BOLSAS 2 KG;283;3,7699999999967986;2;566
17;4;2025;2025-04-17;rmanera;Alta Producción de Hielo;1592;C02 - Compresor 2 - 127;R01 - Rolitera 1;35750,14;35756,21;6,069999999999709;ROLITO EN BOLSAS 2 KG;272;6,069999999999709;2;544
21;4;2025;2025-04-21;rmanera;Alta Producción de Hielo;1593;C02 - Compresor 2 - 127;R01 - Rolitera 1;35750,07;35760,0;9,930000000000291;ROLITO EN BOLSAS 14 KG;89;9,930000000000291;14;1246
21;4;2025;2025-04-21;rmanera;Alta Producción de Hielo;1593;C02 - Compresor 2 - 127;R01 - Rolitera 1;35750,07;35760,0;9,930000000000291;ROLITO EN BOLSAS 2 KG;370;9,930000000000291;2;740
19;4;2025;2025-04-19;rmanera;Alta Producción de Hielo;1594;C02 - Compresor 2 - 127;R01 - Rolitera 1;35765,64;35776,85;11,209999999999127;ROLITO EN BOLSAS 14 KG;37;11,209999999999127;14;518
19;4;2025;2025-04-19;rmanera;Alta Producción de Hielo;1594;C02 - Compresor 2 - 127;R01 - Rolitera 1;35765,64;35776,85;11,209999999999127;ROLITO EN BOLSAS 2 KG;864;11,209999999999127;2;1728
21;4;2025;2025-04-21;rmanera;Alta Producción de Hielo;1595;C04 - Compresor 4 - 127;R01 - Rolitera 1;4497,98;4501,8;3,8200000000006185;ROLITO EN BOLSAS 14 KG;39;3,8200000000006185;14;546
21;4;2025;2025-04-21;rmanera;Alta Producción de Hielo;1595;C04 - Compresor 4 - 127;R01 - Rolitera 1;4497,98;4501,8;3,8200000000006185;ROLITO EN BOLSAS 2 KG;168;3,8200000000006185;2;336
21;4;2025;2025-04-21;rmanera;Alta Producción de Hielo;1596;C04 - Compresor 4 - 127;R02 - Rolitera 2;0,0;0,0;0,0;ROLITO EN BOLSAS 2 KG;187;0,0;2;374
21;4;2025;2025-04-21;rmanera;Alta Producción de Hielo;1597;C02 - Compresor 2 - 127;R01 - Rolitera 1;35776,85;35780,34;3,4899999999979627;ROLITO EN BOLSAS 14 KG;9;3,4899999999979627;14;126
21;4;2025;2025-04-21;rmanera;Alta Producción de Hielo;1597;C02 - Compresor 2 - 127;R01 - Rolitera 1;35776,85;35780,34;3,4899999999979627;ROLITO EN BOLSAS 2 KG;282;3,4899999999979627;2;564
22;4;2025;2025-04-22;rmanera;Alta Producción de Hielo;1598;C02 - Compresor 2 - 127;R01 - Rolitera 1;35780,34;35784,14;3,8000000000029104;ROLITO EN BOLSAS 14 KG;13;3,8000000000029104;14;182
22;4;2025;2025-04-22;rmanera;Alta Producción de Hielo;1598;C02 - Compresor 2 - 127;R01 - Rolitera 1;35780,34;35784,14;3,8000000000029104;ROLITO EN BOLSAS 2 KG;167;3,8000000000029104;2;334
22;4;2025;2025-04-22;rmanera;Alta Producción de Hielo;1598;C02 - Compresor 2 - 127;R01 - Rolitera 1;35780,34;35784,14;3,8000000000029104;ROLITO EN BOLSAS 4 KG;70;3,8000000000029104;4;280
22;4;2025;2025-04-22;rmanera;Alta Producción de Hielo;1599;C02 - Compresor 2 - 127;R01 - Rolitera 1;35784,15;35791,29;7,139999999999418;ROLITO EN BOLSAS 14 KG;38;7,139999999999418;14;532
22;4;2025;2025-04-22;rmanera;Alta Producción de Hielo;1599;C02 - Compresor 2 - 127;R01 - Rolitera 1;35784,15;35791,29;7,139999999999418;ROLITO EN BOLSAS 2 KG;395;7,139999999999418;2;790
22;4;2025;2025-04-22;rmanera;Alta Producción de Hielo;1599;C02 - Compresor 2 - 127;R01 - Rolitera 1;35784,15;35791,29;7,139999999999418;ROLITO EN BOLSAS 4 KG;31;7,139999999999418;4;124
23;4;2025;2025-04-23;rmanera;Alta Producción de Hielo;1600;C02 - Compresor 2 - 127;R01 - Rolitera 1;35791,29;35795,01;3,720000000001164;ROLITO EN BOLSAS 14 KG;12;3,720000000001164;14;168
23;4;2025;2025-04-23;rmanera;Alta Producción de Hielo;1600;C02 - Compresor 2 - 127;R01 - Rolitera 1;35791,29;35795,01;3,720000000001164;ROLITO EN BOLSAS 2 KG;283;3,720000000001164;2;566
23;4;2025;2025-04-23;rmanera;Alta Producción de Hielo;1601;C02 - Compresor 2 - 127;R01 - Rolitera 1;35795,01;35798,52;3,5099999999947613;ROLITO EN BOLSAS 2 KG;329;3,5099999999947613;2;658
24;4;2025;2025-04-24;rmanera;Alta Producción de Hielo;1602;C02 - Compresor 2 - 127;R01 - Rolitera 1;35798,52;35802,21;3,6900000000023283;ROLITO EN BOLSAS 14 KG;24;3,6900000000023283;14;336
24;4;2025;2025-04-24;rmanera;Alta Producción de Hielo;1602;C02 - Compresor 2 - 127;R01 - Rolitera 1;35798,52;35802,21;3,6900000000023283;ROLITO EN BOLSAS 2 KG;219;3,6900000000023283;2;438
24;4;2025;2025-04-24;rmanera;Alta Producción de Hielo;1603;C02 - Compresor 2 - 127;R01 - Rolitera 1;35802,21;35809,76;7,55000000000291;ROLITO EN BOLSAS 14 KG;59;7,55000000000291;14;826
24;4;2025;2025-04-24;rmanera;Alta Producción de Hielo;1603;C02 - Compresor 2 - 127;R01 - Rolitera 1;35802,21;35809,76;7,55000000000291;ROLITO EN BOLSAS 2 KG;289;7,55000000000291;2;578
25;4;2025;2025-04-25;rmanera;Alta Producción de Hielo;1604;C02 - Compresor 2 - 127;R01 - Rolitera 1;35809,76;35821,46;11,69999999999709;ROLITO EN BOLSAS 14 KG;40;11,69999999999709;14;560
25;4;2025;2025-04-25;rmanera;Alta Producción de Hielo;1604;C02 - Compresor 2 - 127;R01 - Rolitera 1;35809,76;35821,46;11,69999999999709;ROLITO EN BOLSAS 2 KG;870;11,69999999999709;2;1740
26;4;2025;2025-04-26;rmanera;Alta Producción de Hielo;1605;C02 - Compresor 2 - 127;R01 - Rolitera 1;35821,46;35828,34;6,879999999997381;ROLITO EN BOLSAS 14 KG;72;6,879999999997381;14;1008
26;4;2025;2025-04-26;rmanera;Alta Producción de Hielo;1605;C02 - Compresor 2 - 127;R01 - Rolitera 1;35821,46;35828,34;6,879999999997381;ROLITO EN BOLSAS 2 KG;210;6,879999999997381;2;420
28;4;2025;2025-04-28;rmanera;Alta Producción de Hielo;1606;C02 - Compresor 2 - 127;R01 - Rolitera 1;35828,4;35832,06;3,6599999999962165;ROLITO EN BOLSAS 14 KG;12;3,6599999999962165;14;168
28;4;2025;2025-04-28;rmanera;Alta Producción de Hielo;1606;C02 - Compresor 2 - 127;R01 - Rolitera 1;35828,4;35832,06;3,6599999999962165;ROLITO EN BOLSAS 2 KG;279;3,6599999999962165;2;558
28;4;2025;2025-04-28;rmanera;Alta Producción de Hielo;1607;C02 - Compresor 2 - 127;R01 - Rolitera 1;35832,06;35835,43;3,3700000000026193;ROLITO EN BOLSAS 2 KG;318;3,3700000000026193;2;636
29;4;2025;2025-04-29;rmanera;Alta Producción de Hielo;1608;C02 - Compresor 2 - 127;R01 - Rolitera 1;35835,43;35839,37;3,9400000000023283;ROLITO EN BOLSAS 14 KG;19;3,9400000000023283;14;266
29;4;2025;2025-04-29;rmanera;Alta Producción de Hielo;1608;C02 - Compresor 2 - 127;R01 - Rolitera 1;35835,43;35839,37;3,9400000000023283;ROLITO EN BOLSAS 2 KG;278;3,9400000000023283;2;556
29;4;2025;2025-04-29;rmanera;Alta Producción de Hielo;1609;C04 - Compresor 4 - 127;R01 - Rolitera 1;4501,8;4506,42;4,619999999999891;ROLITO EN BOLSAS 14 KG;32;4,619999999999891;14;448
29;4;2025;2025-04-29;rmanera;Alta Producción de Hielo;1609;C04 - Compresor 4 - 127;R01 - Rolitera 1;4501,8;4506,42;4,619999999999891;ROLITO EN BOLSAS 2 KG;333;4,619999999999891;2;666
30;4;2025;2025-04-30;rmanera;Alta Producción de Hielo;1610;C04 - Compresor 4 - 127;R01 - Rolitera 1;4506,42;4510,0;3,5799999999999272;ROLITO EN BOLSAS 14 KG;38;3,5799999999999272;14;532
30;4;2025;2025-04-30;rmanera;Alta Producción de Hielo;1610;C04 - Compresor 4 - 127;R01 - Rolitera 1;4506,42;4510,0;3,5799999999999272;ROLITO EN BOLSAS 2 KG;222;3,5799999999999272;2;444
30;4;2025;2025-04-30;rmanera;Alta Producción de Hielo;1611;C04 - Compresor 4 - 127;R01 - Rolitera 1;4510,0;4511,81;1,8100000000004002;ROLITO EN BOLSAS 14 KG;37;1,8100000000004002;14;518
2;5;2025;2025-05-02;rmanera;Alta Producción de Hielo;1612;C04 - Compresor 4 - 127;R01 - Rolitera 1;4511,81;4525,59;13,779999999999745;ROLITO EN BOLSAS 14 KG;104;13,779999999999745;14;1456
2;5;2025;2025-05-02;rmanera;Alta Producción de Hielo;1612;C04 - Compresor 4 - 127;R01 - Rolitera 1;4511,81;4525,59;13,779999999999745;ROLITO EN BOLSAS 2 KG;390;13,779999999999745;2;780
2;5;2025;2025-05-02;rmanera;Alta Producción de Hielo;1612;C04 - Compresor 4 - 127;R01 - Rolitera 1;4511,81;4525,59;13,779999999999745;ROLITO EN BOLSAS 7 KG;16;13,779999999999745;7;112
2;5;2025;2025-05-02;rmanera;Alta Producción de Hielo;1613;C04 - Compresor 4 - 127;R02 - Rolitera 2;0,0;0,0;0,0;ROLITO EN BOLSAS 14 KG;20;0,0;14;280
2;5;2025;2025-05-02;rmanera;Alta Producción de Hielo;1613;C04 - Compresor 4 - 127;R02 - Rolitera 2;0,0;0,0;0,0;ROLITO EN BOLSAS 2 KG;616;0,0;2;1232
3;5;2025;2025-05-03;rmanera;Alta Producción de Hielo;1614;C04 - Compresor 4 - 127;R01 - Rolitera 1;4525,57;4536,06;10,490000000000691;ROLITO EN BOLSAS 14 KG;66;10,490000000000691;14;924
3;5;2025;2025-05-03;rmanera;Alta Producción de Hielo;1614;C04 - Compresor 4 - 127;R01 - Rolitera 1;4525,57;4536,06;10,490000000000691;ROLITO EN BOLSAS 2 KG;843;10,490000000000691;2;1686
5;5;2025;2025-05-05;rmanera;Alta Producción de Hielo;1615;C04 - Compresor 4 - 127;R01 - Rolitera 1;4536,06;4547,63;11,569999999999709;ROLITO EN BOLSAS 14 KG;152;11,569999999999709;14;2128
5;5;2025;2025-05-05;rmanera;Alta Producción de Hielo;1615;C04 - Compresor 4 - 127;R01 - Rolitera 1;4536,06;4547,63;11,569999999999709;ROLITO EN BOLSAS 2 KG;492;11,569999999999709;2;984
6;5;2025;2025-05-06;rmanera;Alta Producción de Hielo;1616;C04 - Compresor 4 - 127;R01 - Rolitera 1;4547,63;4551,24;3,6099999999996726;ROLITO EN BOLSAS 14 KG;10;3,6099999999996726;14;140
6;5;2025;2025-05-06;rmanera;Alta Producción de Hielo;1616;C04 - Compresor 4 - 127;R01 - Rolitera 1;4547,63;4551,24;3,6099999999996726;ROLITO EN BOLSAS 2 KG;268;3,6099999999996726;2;536
6;5;2025;2025-05-06;rmanera;Alta Producción de Hielo;1616;C04 - Compresor 4 - 127;R01 - Rolitera 1;4547,63;4551,24;3,6099999999996726;ROLITO EN BOLSAS 4 KG;33;3,6099999999996726;4;132
6;5;2025;2025-05-06;rmanera;Alta Producción de Hielo;1617;C04 - Compresor 4 - 127;R01 - Rolitera 1;4551,24;4556,99;5,75;ROLITO EN BOLSAS 14 KG;57;5,75;14;798
6;5;2025;2025-05-06;rmanera;Alta Producción de Hielo;1617;C04 - Compresor 4 - 127;R01 - Rolitera 1;4551,24;4556,99;5,75;ROLITO EN BOLSAS 2 KG;368;5,75;2;736
7;5;2025;2025-05-07;rmanera;Alta Producción de Hielo;1618;C04 - Compresor 4 - 127;R01 - Rolitera 1;4556,99;4560,62;3,630000000000109;ROLITO EN BOLSAS 2 KG;427;3,630000000000109;2;854
7;5;2025;2025-05-07;rmanera;Alta Producción de Hielo;1619;C04 - Compresor 4 - 127;R01 - Rolitera 1;4560,62;4564,06;3,4400000000005093;ROLITO EN BOLSAS 14 KG;9;3,4400000000005093;14;126
7;5;2025;2025-05-07;rmanera;Alta Producción de Hielo;1619;C04 - Compresor 4 - 127;R01 - Rolitera 1;4560,62;4564,06;3,4400000000005093;ROLITO EN BOLSAS 2 KG;310;3,4400000000005093;2;620
7;5;2025;2025-05-07;rmanera;Alta Producción de Hielo;1619;C04 - Compresor 4 - 127;R01 - Rolitera 1;4560,62;4564,06;3,4400000000005093;ROLITO EN BOLSAS 4 KG;33;3,4400000000005093;4;132
8;5;2025;2025-05-08;rmanera;Alta Producción de Hielo;1620;C04 - Compresor 4 - 127;R01 - Rolitera 1;4564,06;4565,07;1,0099999999993088;ROLITO EN BOLSAS 14 KG;13;1,0099999999993088;14;182
8;5;2025;2025-05-08;rmanera;Alta Producción de Hielo;1620;C04 - Compresor 4 - 127;R01 - Rolitera 1;4564,06;4565,07;1,0099999999993088;ROLITO EN BOLSAS 2 KG;105;1,0099999999993088;2;210
15;5;2025;2025-05-15;rmanera;Alta Producción de Hielo;1621;C02 - Compresor 2 - 127;R01 - Rolitera 1;35839,37;35841,27;1,8999999999941792;ROLITO EN BOLSAS 14 KG;25;1,8999999999941792;14;350
8;5;2025;2025-05-08;rmanera;Alta Producción de Hielo;1622;C04 - Compresor 4 - 127;R01 - Rolitera 1;4565,73;4569,29;3,5600000000004;ROLITO EN BOLSAS 14 KG;10;3,5600000000004;14;140
8;5;2025;2025-05-08;rmanera;Alta Producción de Hielo;1622;C04 - Compresor 4 - 127;R01 - Rolitera 1;4565,73;4569,29;3,5600000000004;ROLITO EN BOLSAS 2 KG;378;3,5600000000004;2;756
9;5;2025;2025-05-09;rmanera;Alta Producción de Hielo;1623;C02 - Compresor 2 - 127;R01 - Rolitera 1;35841,27;35842,82;1,5500000000029104;ROLITO EN BOLSAS 14 KG;21;1,5500000000029104;14;294
9;5;2025;2025-05-09;rmanera;Alta Producción de Hielo;1624;C04 - Compresor 4 - 127;R01 - Rolitera 1;4569,28;4579,48;10,199999999999818;ROLITO EN BOLSAS 14 KG;115;10,199999999999818;14;1610
9;5;2025;2025-05-09;rmanera;Alta Producción de Hielo;1624;C04 - Compresor 4 - 127;R01 - Rolitera 1;4569,28;4579,48;10,199999999999818;ROLITO EN BOLSAS 2 KG;540;10,199999999999818;2;1080
9;5;2025;2025-05-09;rmanera;Alta Producción de Hielo;1624;C04 - Compresor 4 - 127;R01 - Rolitera 1;4569,28;4579,48;10,199999999999818;ROLITO EN BOLSAS 7 KG;17;10,199999999999818;7;119
10;5;2025;2025-05-10;rmanera;Alta Producción de Hielo;1625;C04 - Compresor 4 - 127;R01 - Rolitera 1;4579,4;458449,0;453869,6;ROLITO EN BOLSAS 14 KG;70;5,509999999999991;14;980
10;5;2025;2025-05-10;rmanera;Alta Producción de Hielo;1625;C04 - Compresor 4 - 127;R01 - Rolitera 1;4579,4;458449,0;453869,6;ROLITO EN BOLSAS 2 KG;162;5,509999999999991;2;324
12;5;2025;2025-05-12;rmanera;Alta Producción de Hielo;1626;C04 - Compresor 4 - 127;R01 - Rolitera 1;4584,49;4594,69;10,199999999999818;ROLITO EN BOLSAS 14 KG;114;10,199999999999818;14;1596
12;5;2025;2025-05-12;rmanera;Alta Producción de Hielo;1626;C04 - Compresor 4 - 127;R01 - Rolitera 1;4584,49;4594,69;10,199999999999818;ROLITO EN BOLSAS 2 KG;589;10,199999999999818;2;1178
13;5;2025;2025-05-13;rmanera;Alta Producción de Hielo;1627;C02 - Compresor 2 - 127;R01 - Rolitera 1;35842,82;35846,22;3,400000000001455;ROLITO EN BOLSAS 14 KG;21;3,400000000001455;14;294
13;5;2025;2025-05-13;rmanera;Alta Producción de Hielo;1627;C02 - Compresor 2 - 127;R01 - Rolitera 1;35842,82;35846,22;3,400000000001455;ROLITO EN BOLSAS 2 KG;202;3,400000000001455;2;404
13;5;2025;2025-05-13;rmanera;Alta Producción de Hielo;1628;C04 - Compresor 4 - 127;R01 - Rolitera 1;4594,69;4598,25;3,5600000000004;ROLITO EN BOLSAS 14 KG;9;3,5600000000004;14;126
13;5;2025;2025-05-13;rmanera;Alta Producción de Hielo;1628;C04 - Compresor 4 - 127;R01 - Rolitera 1;4594,69;4598,25;3,5600000000004;ROLITO EN BOLSAS 2 KG;386;3,5600000000004;2;772
13;5;2025;2025-05-13;rmanera;Alta Producción de Hielo;1629;C04 - Compresor 4 - 127;R01 - Rolitera 1;4598,25;4599,63;1,3800000000001091;ROLITO EN BOLSAS 14 KG;28;1,3800000000001091;14;392
14;5;2025;2025-05-14;rmanera;Alta Producción de Hielo;1630;C04 - Compresor 4 - 127;R01 - Rolitera 1;4599,63;4603,21;3,5799999999999272;ROLITO EN BOLSAS 14 KG;9;3,5799999999999272;14;126
14;5;2025;2025-05-14;rmanera;Alta Producción de Hielo;1630;C04 - Compresor 4 - 127;R01 - Rolitera 1;4599,63;4603,21;3,5799999999999272;ROLITO EN BOLSAS 2 KG;325;3,5799999999999272;2;650
14;5;2025;2025-05-14;rmanera;Alta Producción de Hielo;1630;C04 - Compresor 4 - 127;R01 - Rolitera 1;4599,63;4603,21;3,5799999999999272;ROLITO EN BOLSAS 4 KG;33;3,5799999999999272;4;132
14;5;2025;2025-05-14;rmanera;Alta Producción de Hielo;1631;C04 - Compresor 4 - 127;R01 - Rolitera 1;4603,21;4606,81;3,600000000000364;ROLITO EN BOLSAS 14 KG;21;3,600000000000364;14;294
14;5;2025;2025-05-14;rmanera;Alta Producción de Hielo;1631;C04 - Compresor 4 - 127;R01 - Rolitera 1;4603,21;4606,81;3,600000000000364;ROLITO EN BOLSAS 2 KG;261;3,600000000000364;2;522
14;5;2025;2025-05-14;rmanera;Alta Producción de Hielo;1631;C04 - Compresor 4 - 127;R01 - Rolitera 1;4603,21;4606,81;3,600000000000364;ROLITO EN BOLSAS 7 KG;17;3,600000000000364;7;119
15;5;2025;2025-05-15;rmanera;Alta Producción de Hielo;1632;C04 - Compresor 4 - 127;R01 - Rolitera 1;4606,81;4610,41;3,5999999999994543;ROLITO EN BOLSAS 2 KG;431;3,5999999999994543;2;862
15;5;2025;2025-05-15;rmanera;Alta Producción de Hielo;1633;C02 - Compresor 2 - 127;R01 - Rolitera 1;35846,22;35854,25;8,029999999998836;ROLITO EN BOLSAS 14 KG;67;8,029999999998836;14;938
15;5;2025;2025-05-15;rmanera;Alta Producción de Hielo;1633;C02 - Compresor 2 - 127;R01 - Rolitera 1;35846,22;35854,25;8,029999999998836;ROLITO EN BOLSAS 2 KG;260;8,029999999998836;2;520
16;5;2025;2025-05-16;rmanera;Alta Producción de Hielo;1634;C04 - Compresor 4 - 127;R01 - Rolitera 1;4610,41;4613,99;3,5799999999999272;ROLITO EN BOLSAS 14 KG;19;3,5799999999999272;14;266
16;5;2025;2025-05-16;rmanera;Alta Producción de Hielo;1634;C04 - Compresor 4 - 127;R01 - Rolitera 1;4610,41;4613,99;3,5799999999999272;ROLITO EN BOLSAS 2 KG;318;3,5799999999999272;2;636
16;5;2025;2025-05-16;rmanera;Alta Producción de Hielo;1635;C04 - Compresor 4 - 127;R01 - Rolitera 1;4613,99;4618,23;4,239999999999782;ROLITO EN BOLSAS 14 KG;68;4,239999999999782;14;952
16;5;2025;2025-05-16;rmanera;Alta Producción de Hielo;1635;C04 - Compresor 4 - 127;R01 - Rolitera 1;4613,99;4618,23;4,239999999999782;ROLITO EN BOLSAS 2 KG;103;4,239999999999782;2;206
17;5;2025;2025-05-17;rmanera;Alta Producción de Hielo;1636;C02 - Compresor 2 - 127;R01 - Rolitera 1;35854,26;35865,66;11,400000000001455;ROLITO EN BOLSAS 14 KG;70;11,400000000001455;14;980
17;5;2025;2025-05-17;rmanera;Alta Producción de Hielo;1636;C02 - Compresor 2 - 127;R01 - Rolitera 1;35854,26;35865,66;11,400000000001455;ROLITO EN BOLSAS 2 KG;537;11,400000000001455;2;1074
17;5;2025;2025-05-17;rmanera;Alta Producción de Hielo;1636;C02 - Compresor 2 - 127;R01 - Rolitera 1;35854,26;35865,66;11,400000000001455;ROLITO EN BOLSAS 4 KG;23;11,400000000001455;4;92
19;5;2025;2025-05-19;rmanera;Alta Producción de Hielo;1637;C04 - Compresor 4 - 127;R01 - Rolitera 1;4618,23;4629,66;11,430000000000291;ROLITO EN BOLSAS 14 KG;142;11,430000000000291;14;1988
19;5;2025;2025-05-19;rmanera;Alta Producción de Hielo;1637;C04 - Compresor 4 - 127;R01 - Rolitera 1;4618,23;4629,66;11,430000000000291;ROLITO EN BOLSAS 2 KG;545;11,430000000000291;2;1090
19;5;2025;2025-05-19;rmanera;Alta Producción de Hielo;1637;C04 - Compresor 4 - 127;R01 - Rolitera 1;4618,23;4629,66;11,430000000000291;ROLITO EN BOLSAS 7 KG;18;11,430000000000291;7;126
20;5;2025;2025-05-20;rmanera;Alta Producción de Hielo;1638;C04 - Compresor 4 - 127;R01 - Rolitera 1;4629,66;4633,25;3,5900000000001455;ROLITO EN BOLSAS 2 KG;437;3,5900000000001455;2;874
20;5;2025;2025-05-20;rmanera;Alta Producción de Hielo;1639;C04 - Compresor 4 - 127;R01 - Rolitera 1;4633,25;4636,37;3,119999999999891;ROLITO EN BOLSAS 14 KG;67;3,119999999999891;14;938
21;5;2025;2025-05-21;rmanera;Alta Producción de Hielo;1640;C04 - Compresor 4 - 127;R01 - Rolitera 1;4636,37;4639,98;3,6099999999996726;ROLITO EN BOLSAS 2 KG;435;3,6099999999996726;2;870
21;5;2025;2025-05-21;rmanera;Alta Producción de Hielo;1641;C04 - Compresor 4 - 127;R01 - Rolitera 1;4639,98;4642,65;2,6700000000000728;ROLITO EN BOLSAS 14 KG;19;2,6700000000000728;14;266
21;5;2025;2025-05-21;rmanera;Alta Producción de Hielo;1641;C04 - Compresor 4 - 127;R01 - Rolitera 1;4639,98;4642,65;2,6700000000000728;ROLITO EN BOLSAS 2 KG;222;2,6700000000000728;2;444
22;5;2025;2025-05-22;rmanera;Alta Producción de Hielo;1642;C04 - Compresor 4 - 127;R01 - Rolitera 1;4642,65;4646,28;3,630000000000109;ROLITO EN BOLSAS 14 KG;19;3,630000000000109;14;266
22;5;2025;2025-05-22;rmanera;Alta Producción de Hielo;1642;C04 - Compresor 4 - 127;R01 - Rolitera 1;4642,65;4646,28;3,630000000000109;ROLITO EN BOLSAS 2 KG;265;3,630000000000109;2;530
22;5;2025;2025-05-22;rmanera;Alta Producción de Hielo;1642;C04 - Compresor 4 - 127;R01 - Rolitera 1;4642,65;4646,28;3,630000000000109;ROLITO EN BOLSAS 4 KG;33;3,630000000000109;4;132
22;5;2025;2025-05-22;rmanera;Alta Producción de Hielo;1643;C04 - Compresor 4 - 127;R01 - Rolitera 1;4646,66;4652,94;6,279999999999745;ROLITO EN BOLSAS 14 KG;89;6,279999999999745;14;1246
22;5;2025;2025-05-22;rmanera;Alta Producción de Hielo;1643;C04 - Compresor 4 - 127;R01 - Rolitera 1;4646,66;4652,94;6,279999999999745;ROLITO EN BOLSAS 2 KG;221;6,279999999999745;2;442
22;5;2025;2025-05-22;rmanera;Alta Producción de Hielo;1643;C04 - Compresor 4 - 127;R01 - Rolitera 1;4646,66;4652,94;6,279999999999745;ROLITO EN BOLSAS 7 KG;17;6,279999999999745;7;119
23;5;2025;2025-05-23;rmanera;Alta Producción de Hielo;1644;C04 - Compresor 4 - 127;R01 - Rolitera 1;4652,94;4660,58;7,640000000000327;ROLITO EN BOLSAS 14 KG;19;7,640000000000327;14;266
23;5;2025;2025-05-23;rmanera;Alta Producción de Hielo;1644;C04 - Compresor 4 - 127;R01 - Rolitera 1;4652,94;4660,58;7,640000000000327;ROLITO EN BOLSAS 2 KG;807;7,640000000000327;2;1614
23;5;2025;2025-05-23;rmanera;Alta Producción de Hielo;1645;C02 - Compresor 2 - 127;R01 - Rolitera 1;35865,66;35869,45;3,789999999993597;ROLITO EN BOLSAS 14 KG;46;3,789999999993597;14;644
23;5;2025;2025-05-23;rmanera;Alta Producción de Hielo;1645;C02 - Compresor 2 - 127;R01 - Rolitera 1;35865,66;35869,45;3,789999999993597;ROLITO EN BOLSAS 2 KG;52;3,789999999993597;2;104
23;5;2025;2025-05-23;rmanera;Alta Producción de Hielo;1645;C02 - Compresor 2 - 127;R01 - Rolitera 1;35865,66;35869,45;3,789999999993597;ROLITO EN BOLSAS 7 KG;17;3,789999999993597;7;119
24;5;2025;2025-05-24;rmanera;Alta Producción de Hielo;1646;C02 - Compresor 2 - 127;R01 - Rolitera 1;35869,45;35878,84;9,389999999999418;ROLITO EN BOLSAS 14 KG;142;9,389999999999418;14;1988
24;5;2025;2025-05-24;rmanera;Alta Producción de Hielo;1646;C02 - Compresor 2 - 127;R01 - Rolitera 1;35869,45;35878,84;9,389999999999418;ROLITO EN BOLSAS 2 KG;55;9,389999999999418;2;110
24;5;2025;2025-05-24;rmanera;Alta Producción de Hielo;1646;C02 - Compresor 2 - 127;R01 - Rolitera 1;35869,45;35878,84;9,389999999999418;ROLITO EN BOLSAS 4 KG;34;9,389999999999418;4;136
26;5;2025;2025-05-26;rmanera;Alta Producción de Hielo;1647;C04 - Compresor 4 - 127;R01 - Rolitera 1;4660,58;4662,88;2,300000000000182;ROLITO EN BOLSAS 14 KG;18;2,300000000000182;14;252
26;5;2025;2025-05-26;rmanera;Alta Producción de Hielo;1647;C04 - Compresor 4 - 127;R01 - Rolitera 1;4660,58;4662,88;2,300000000000182;ROLITO EN BOLSAS 2 KG;161;2,300000000000182;2;322
26;5;2025;2025-05-26;rmanera;Alta Producción de Hielo;1648;C04 - Compresor 4 - 127;R01 - Rolitera 1;4662,99;4666,52;3,530000000000655;ROLITO EN BOLSAS 14 KG;19;3,530000000000655;14;266
26;5;2025;2025-05-26;rmanera;Alta Producción de Hielo;1648;C04 - Compresor 4 - 127;R01 - Rolitera 1;4662,99;4666,52;3,530000000000655;ROLITO EN BOLSAS 2 KG;213;3,530000000000655;2;426
26;5;2025;2025-05-26;rmanera;Alta Producción de Hielo;1648;C04 - Compresor 4 - 127;R01 - Rolitera 1;4662,99;4666,52;3,530000000000655;ROLITO EN BOLSAS 7 KG;16;3,530000000000655;7;112
27;5;2025;2025-05-27;rmanera;Alta Producción de Hielo;1649;C04 - Compresor 4 - 127;R01 - Rolitera 1;4666,52;4670,14;3,619999999999891;ROLITO EN BOLSAS 14 KG;19;3,619999999999891;14;266
27;5;2025;2025-05-27;rmanera;Alta Producción de Hielo;1649;C04 - Compresor 4 - 127;R01 - Rolitera 1;4666,52;4670,14;3,619999999999891;ROLITO EN BOLSAS 2 KG;323;3,619999999999891;2;646
27;5;2025;2025-05-27;rmanera;Alta Producción de Hielo;1650;C04 - Compresor 4 - 127;R01 - Rolitera 1;4670,14;4675,07;4,9299999999993815;ROLITO EN BOLSAS 14 KG;28;4,9299999999993815;14;392
27;5;2025;2025-05-27;rmanera;Alta Producción de Hielo;1650;C04 - Compresor 4 - 127;R01 - Rolitera 1;4670,14;4675,07;4,9299999999993815;ROLITO EN BOLSAS 2 KG;437;4,9299999999993815;2;874
28;5;2025;2025-05-28;rmanera;Alta Producción de Hielo;1651;C04 - Compresor 4 - 127;R01 - Rolitera 1;4675,07;4678,69;3,619999999999891;ROLITO EN BOLSAS 14 KG;10;3,619999999999891;14;140
28;5;2025;2025-05-28;rmanera;Alta Producción de Hielo;1651;C04 - Compresor 4 - 127;R01 - Rolitera 1;4675,07;4678,69;3,619999999999891;ROLITO EN BOLSAS 2 KG;378;3,619999999999891;2;756
28;5;2025;2025-05-28;rmanera;Alta Producción de Hielo;1652;C04 - Compresor 4 - 127;R01 - Rolitera 1;4678,69;4680,5;1,8100000000004002;ROLITO EN BOLSAS 14 KG;37;1,8100000000004002;14;518
28;5;2025;2025-05-28;rmanera;Alta Producción de Hielo;1653;C04 - Compresor 4 - 127;R01 - Rolitera 1;4680,5;4684,09;3,5900000000001455;ROLITO EN BOLSAS 14 KG;9;3,5900000000001455;14;126
28;5;2025;2025-05-28;rmanera;Alta Producción de Hielo;1653;C04 - Compresor 4 - 127;R01 - Rolitera 1;4680,5;4684,09;3,5900000000001455;ROLITO EN BOLSAS 2 KG;390;3,5900000000001455;2;780
29;5;2025;2025-05-29;rmanera;Alta Producción de Hielo;1654;C04 - Compresor 4 - 127;R01 - Rolitera 1;4684,09;4687,63;3,5399999999999636;ROLITO EN BOLSAS 14 KG;49;3,5399999999999636;14;686
29;5;2025;2025-05-29;rmanera;Alta Producción de Hielo;1654;C04 - Compresor 4 - 127;R01 - Rolitera 1;4684,09;4687,63;3,5399999999999636;ROLITO EN BOLSAS 2 KG;166;3,5399999999999636;2;332
29;5;2025;2025-05-29;rmanera;Alta Producción de Hielo;1655;C04 - Compresor 4 - 127;R01 - Rolitera 1;4687,63;4694,32;6,6899999999996;ROLITO EN BOLSAS 14 KG;94;6,6899999999996;14;1316
29;5;2025;2025-05-29;rmanera;Alta Producción de Hielo;1655;C04 - Compresor 4 - 127;R01 - Rolitera 1;4687,63;4694,32;6,6899999999996;ROLITO EN BOLSAS 2 KG;271;6,6899999999996;2;542
30;5;2025;2025-05-30;rmanera;Alta Producción de Hielo;1656;C02 - Compresor 2 - 127;R01 - Rolitera 1;35878,84;35881,64;2,8000000000029104;ROLITO EN BOLSAS 14 KG;41;2,8000000000029104;14;574
30;5;2025;2025-05-30;rmanera;Alta Producción de Hielo;1657;C04 - Compresor 4 - 127;R01 - Rolitera 1;4695,24;4703,12;7,880000000000109;ROLITO EN BOLSAS 14 KG;76;7,880000000000109;14;1064
30;5;2025;2025-05-30;rmanera;Alta Producción de Hielo;1657;C04 - Compresor 4 - 127;R01 - Rolitera 1;4695,24;4703,12;7,880000000000109;ROLITO EN BOLSAS 2 KG;439;7,880000000000109;2;878
30;5;2025;2025-05-30;rmanera;Alta Producción de Hielo;1657;C04 - Compresor 4 - 127;R01 - Rolitera 1;4695,24;4703,12;7,880000000000109;ROLITO EN BOLSAS 7 KG;33;7,880000000000109;7;231
5;6;2025;2025-06-05;rmanera;Alta Producción de Hielo;1658;C02 - Compresor 2 - 127;R01 - Rolitera 1;35881,71;35885,5;3,790000000000873;ROLITO EN BOLSAS 14 KG;47;3,790000000000873;14;658
5;6;2025;2025-06-05;rmanera;Alta Producción de Hielo;1658;C02 - Compresor 2 - 127;R01 - Rolitera 1;35881,71;35885,5;3,790000000000873;ROLITO EN BOLSAS 2 KG;109;3,790000000000873;2;218
5;6;2025;2025-06-05;rmanera;Alta Producción de Hielo;1659;C04 - Compresor 4 - 127;R01 - Rolitera 1;4703,75;4703,84;0,09000000000014552;ROLITO EN BOLSAS 14 KG;9;0,09000000000014552;14;126
6;6;2025;2025-06-06;rmanera;Alta Producción de Hielo;1660;C04 - Compresor 4 - 127;R01 - Rolitera 1;3588,5;3589,05;0,5500000000001819;ROLITO EN BOLSAS 14 KG;69;0,5500000000001819;14;966
6;6;2025;2025-06-06;rmanera;Alta Producción de Hielo;1660;C04 - Compresor 4 - 127;R01 - Rolitera 1;3588,5;3589,05;0,5500000000001819;ROLITO EN BOLSAS 2 KG;322;0,5500000000001819;2;644
7;6;2025;2025-06-07;rmanera;Alta Producción de Hielo;1661;C02 - Compresor 2 - 127;R01 - Rolitera 1;35842,05;38895,3;3053,25;ROLITO EN BOLSAS 2 KG;208;4,279999999998836;2;416
7;6;2025;2025-06-07;rmanera;Alta Producción de Hielo;1662;C04 - Compresor 4 - 127;R01 - Rolitera 1;35895,3;35899,09;3,789999999993597;ROLITO EN BOLSAS 14 KG;29;3,789999999993597;14;406
7;6;2025;2025-06-07;rmanera;Alta Producción de Hielo;1662;C04 - Compresor 4 - 127;R01 - Rolitera 1;35895,3;35899,09;3,789999999993597;ROLITO EN BOLSAS 2 KG;217;3,789999999993597;2;434
9;6;2025;2025-06-09;rmanera;Alta Producción de Hielo;1663;C02 - Compresor 2 - 127;R01 - Rolitera 1;35899,09;35902,44;3,3500000000058208;ROLITO EN BOLSAS 2 KG;326;3,3500000000058208;2;652
9;6;2025;2025-06-09;rmanera;Alta Producción de Hielo;1664;C02 - Compresor 2 - 127;R01 - Rolitera 1;35402,44;35405,85;3,4099999999962165;ROLITO EN BOLSAS 14 KG;28;3,4099999999962165;14;392
9;6;2025;2025-06-09;rmanera;Alta Producción de Hielo;1664;C02 - Compresor 2 - 127;R01 - Rolitera 1;35402,44;35405,85;3,4099999999962165;ROLITO EN BOLSAS 2 KG;166;3,4099999999962165;2;332
10;6;2025;2025-06-10;rmanera;Alta Producción de Hielo;1665;C04 - Compresor 4 - 127;R01 - Rolitera 1;4703,84;4707,43;3,5900000000001455;ROLITO EN BOLSAS 2 KG;433;3,5900000000001455;2;866
10;6;2025;2025-06-10;rmanera;Alta Producción de Hielo;1666;C02 - Compresor 2 - 127;R01 - Rolitera 1;35905,85;35909,96;4,110000000000582;ROLITO EN BOLSAS 14 KG;27;4,110000000000582;14;378
10;6;2025;2025-06-10;rmanera;Alta Producción de Hielo;1666;C02 - Compresor 2 - 127;R01 - Rolitera 1;35905,85;35909,96;4,110000000000582;ROLITO EN BOLSAS 2 KG;251;4,110000000000582;2;502
11;6;2025;2025-06-11;rmanera;Alta Producción de Hielo;1667;C02 - Compresor 2 - 127;R01 - Rolitera 1;35909,96;35921,25;11,290000000000873;ROLITO EN BOLSAS 14 KG;90;11,290000000000873;14;1260
11;6;2025;2025-06-11;rmanera;Alta Producción de Hielo;1667;C02 - Compresor 2 - 127;R01 - Rolitera 1;35909,96;35921,25;11,290000000000873;ROLITO EN BOLSAS 2 KG;481;11,290000000000873;2;962
11;6;2025;2025-06-11;rmanera;Alta Producción de Hielo;1667;C02 - Compresor 2 - 127;R01 - Rolitera 1;35909,96;35921,25;11,290000000000873;ROLITO EN BOLSAS 4 KG;70;11,290000000000873;4;280
11;6;2025;2025-06-11;rmanera;Alta Producción de Hielo;1667;C02 - Compresor 2 - 127;R01 - Rolitera 1;35909,96;35921,25;11,290000000000873;ROLITO EN BOLSAS 7 KG;3;11,290000000000873;7;21
12;6;2025;2025-06-12;rmanera;Alta Producción de Hielo;1668;C02 - Compresor 2 - 127;R01 - Rolitera 1;35921,25;35921,8;0,5500000000029104;ROLITO EN BOLSAS 2 KG;54;0,5500000000029104;2;108
12;6;2025;2025-06-12;rmanera;Alta Producción de Hielo;1669;C04 - Compresor 4 - 127;R01 - Rolitera 1;4707,43;4718,36;10,929999999999382;ROLITO EN BOLSAS 14 KG;102;10,929999999999382;14;1428
12;6;2025;2025-06-12;rmanera;Alta Producción de Hielo;1669;C04 - Compresor 4 - 127;R01 - Rolitera 1;4707,43;4718,36;10,929999999999382;ROLITO EN BOLSAS 2 KG;764;10,929999999999382;2;1528
13;6;2025;2025-06-13;rmanera;Alta Producción de Hielo;1670;C04 - Compresor 4 - 127;R01 - Rolitera 1;4718,36;4721,97;3,610000000000582;ROLITO EN BOLSAS 2 KG;437;3,610000000000582;2;874
13;6;2025;2025-06-13;rmanera;Alta Producción de Hielo;1671;C02 - Compresor 2 - 127;R01 - Rolitera 1;35921,8;35926,91;5,110000000000582;ROLITO EN BOLSAS 14 KG;67;5,110000000000582;14;938
13;6;2025;2025-06-13;rmanera;Alta Producción de Hielo;1671;C02 - Compresor 2 - 127;R01 - Rolitera 1;35921,8;35926,91;5,110000000000582;ROLITO EN BOLSAS 2 KG;108;5,110000000000582;2;216
17;6;2025;2025-06-17;rmanera;Alta Producción de Hielo;1672;C04 - Compresor 4 - 127;R01 - Rolitera 1;4721,97;4732,91;10,9399999999996;ROLITO EN BOLSAS 14 KG;97;10,9399999999996;14;1358
17;6;2025;2025-06-17;rmanera;Alta Producción de Hielo;1672;C04 - Compresor 4 - 127;R01 - Rolitera 1;4721,97;4732,91;10,9399999999996;ROLITO EN BOLSAS 2 KG;751;10,9399999999996;2;1502
18;6;2025;2025-06-18;rmanera;Alta Producción de Hielo;1673;C02 - Compresor 2 - 127;R01 - Rolitera 1;35926,91;35935,77;8,859999999993306;ROLITO EN BOLSAS 14 KG;108;8,859999999993306;14;1512
18;6;2025;2025-06-18;rmanera;Alta Producción de Hielo;1673;C02 - Compresor 2 - 127;R01 - Rolitera 1;35926,91;35935,77;8,859999999993306;ROLITO EN BOLSAS 2 KG;269;8,859999999993306;2;538
18;6;2025;2025-06-18;rmanera;Alta Producción de Hielo;1674;C04 - Compresor 4 - 127;R01 - Rolitera 1;4732,97;4735,62;2,649999999999636;ROLITO EN BOLSAS 14 KG;9;2,649999999999636;14;126
18;6;2025;2025-06-18;rmanera;Alta Producción de Hielo;1674;C04 - Compresor 4 - 127;R01 - Rolitera 1;4732,97;4735,62;2,649999999999636;ROLITO EN BOLSAS 2 KG;271;2,649999999999636;2;542
19;6;2025;2025-06-19;rmanera;Alta Producción de Hielo;1675;C02 - Compresor 2 - 127;R01 - Rolitera 1;35935,77;35939,72;3,9500000000043656;ROLITO EN BOLSAS 14 KG;68;3,9500000000043656;14;952
19;6;2025;2025-06-19;rmanera;Alta Producción de Hielo;1676;C04 - Compresor 4 - 127;R01 - Rolitera 1;4735,62;4739,18;3,5600000000004;ROLITO EN BOLSAS 14 KG;9;3,5600000000004;14;126
19;6;2025;2025-06-19;rmanera;Alta Producción de Hielo;1676;C04 - Compresor 4 - 127;R01 - Rolitera 1;4735,62;4739,18;3,5600000000004;ROLITO EN BOLSAS 2 KG;388;3,5600000000004;2;776
21;6;2025;2025-06-21;rmanera;Alta Producción de Hielo;1677;C02 - Compresor 2 - 127;R01 - Rolitera 1;35935,72;35944,24;8,519999999996799;ROLITO EN BOLSAS 14 KG;47;8,519999999996799;14;658
21;6;2025;2025-06-21;rmanera;Alta Producción de Hielo;1677;C02 - Compresor 2 - 127;R01 - Rolitera 1;35935,72;35944,24;8,519999999996799;ROLITO EN BOLSAS 2 KG;168;8,519999999996799;2;336
23;6;2025;2025-06-23;rmanera;Alta Producción de Hielo;1678;C04 - Compresor 4 - 127;R01 - Rolitera 1;4739,18;4742,84;3,6599999999998545;ROLITO EN BOLSAS 14 KG;10;3,6599999999998545;14;140
23;6;2025;2025-06-23;rmanera;Alta Producción de Hielo;1678;C04 - Compresor 4 - 127;R01 - Rolitera 1;4739,18;4742,84;3,6599999999998545;ROLITO EN BOLSAS 2 KG;385;3,6599999999998545;2;770
23;6;2025;2025-06-23;rmanera;Alta Producción de Hielo;1679;C04 - Compresor 4 - 127;R01 - Rolitera 1;4742,84;4746,42;3,5799999999999272;ROLITO EN BOLSAS 2 KG;452;3,5799999999999272;2;904
24;6;2025;2025-06-24;rmanera;Alta Producción de Hielo;1680;C04 - Compresor 4 - 127;R01 - Rolitera 1;4746,42;4750,84;4,420000000000073;ROLITO EN BOLSAS 14 KG;28;4,420000000000073;14;392
24;6;2025;2025-06-24;rmanera;Alta Producción de Hielo;1680;C04 - Compresor 4 - 127;R01 - Rolitera 1;4746,42;4750,84;4,420000000000073;ROLITO EN BOLSAS 2 KG;396;4,420000000000073;2;792
25;6;2025;2025-06-25;rmanera;Alta Producción de Hielo;1681;C04 - Compresor 4 - 127;R01 - Rolitera 1;4750,84;4754,48;3,639999999999418;ROLITO EN BOLSAS 14 KG;10;3,639999999999418;14;140
25;6;2025;2025-06-25;rmanera;Alta Producción de Hielo;1681;C04 - Compresor 4 - 127;R01 - Rolitera 1;4750,84;4754,48;3,639999999999418;ROLITO EN BOLSAS 2 KG;395;3,639999999999418;2;790
25;6;2025;2025-06-25;rmanera;Alta Producción de Hielo;1682;C04 - Compresor 4 - 127;R01 - Rolitera 1;4754,48;4755,38;0,9000000000005457;ROLITO EN BOLSAS 14 KG;14;0,9000000000005457;14;196
25;6;2025;2025-06-25;rmanera;Alta Producción de Hielo;1683;C04 - Compresor 4 - 127;R01 - Rolitera 1;4755,39;4758,08;2,6899999999996;ROLITO EN BOLSAS 14 KG;28;2,6899999999996;14;392
25;6;2025;2025-06-25;rmanera;Alta Producción de Hielo;1683;C04 - Compresor 4 - 127;R01 - Rolitera 1;4755,39;4758,08;2,6899999999996;ROLITO EN BOLSAS 2 KG;176;2,6899999999996;2;352
26;6;2025;2025-06-26;rmanera;Alta Producción de Hielo;1684;C04 - Compresor 4 - 127;R01 - Rolitera 1;4758,08;4763,42;5,3400000000001455;ROLITO EN BOLSAS 14 KG;58;5,3400000000001455;14;812
26;6;2025;2025-06-26;rmanera;Alta Producción de Hielo;1684;C04 - Compresor 4 - 127;R01 - Rolitera 1;4758,08;4763,42;5,3400000000001455;ROLITO EN BOLSAS 2 KG;277;5,3400000000001455;2;554
26;6;2025;2025-06-26;rmanera;Alta Producción de Hielo;1684;C04 - Compresor 4 - 127;R01 - Rolitera 1;4758,08;4763,42;5,3400000000001455;ROLITO EN BOLSAS 4 KG;36;5,3400000000001455;4;144
27;6;2025;2025-06-27;rmanera;Alta Producción de Hielo;1685;C04 - Compresor 4 - 127;R01 - Rolitera 1;4763,42;4766,45;3,0299999999997453;MOLIDO EN BOLSA 14 KG;78;3,0299999999997453;14;1092
27;6;2025;2025-06-27;rmanera;Alta Producción de Hielo;1686;C04 - Compresor 4 - 127;R01 - Rolitera 1;4766,95;4770,07;3,119999999999891;ROLITO EN BOLSAS 14 KG;10;3,119999999999891;14;140
27;6;2025;2025-06-27;rmanera;Alta Producción de Hielo;1686;C04 - Compresor 4 - 127;R01 - Rolitera 1;4766,95;4770,07;3,119999999999891;ROLITO EN BOLSAS 2 KG;333;3,119999999999891;2;666
30;6;2025;2025-06-30;rmanera;Alta Producción de Hielo;1687;C04 - Compresor 4 - 127;R01 - Rolitera 1;4770,07;4773,96;3,8900000000003274;ROLITO EN BOLSAS 14 KG;29;3,8900000000003274;14;406
30;6;2025;2025-06-30;rmanera;Alta Producción de Hielo;1687;C04 - Compresor 4 - 127;R01 - Rolitera 1;4770,07;4773,96;3,8900000000003274;ROLITO EN BOLSAS 2 KG;333;3,8900000000003274;2;666
1;7;2025;2025-07-01;rmanera;Alta Producción de Hielo;1688;C04 - Compresor 4 - 127;R01 - Rolitera 1;4773,96;4776,72;2,7600000000002183;ROLITO EN BOLSAS 2 KG;329;2,7600000000002183;2;658
2;7;2025;2025-07-02;rmanera;Alta Producción de Hielo;1689;C04 - Compresor 4 - 127;R01 - Rolitera 1;4776,72;4780,2;3,4799999999995634;ROLITO EN BOLSAS 14 KG;19;3,4799999999995634;14;266
2;7;2025;2025-07-02;rmanera;Alta Producción de Hielo;1689;C04 - Compresor 4 - 127;R01 - Rolitera 1;4776,72;4780,2;3,4799999999995634;ROLITO EN BOLSAS 2 KG;324;3,4799999999995634;2;648
2;7;2025;2025-07-02;rmanera;Alta Producción de Hielo;1690;C04 - Compresor 4 - 127;R01 - Rolitera 1;4780,2;4781,47;1,2700000000004366;ROLITO EN BOLSAS 14 KG;30;1,2700000000004366;14;420
3;7;2025;2025-07-03;rmanera;Alta Producción de Hielo;1691;C02 - Compresor 2 - 127;R01 - Rolitera 1;35945,4;35946,32;0,9199999999982538;ROLITO EN BOLSAS 14 KG;10;0,9199999999982538;14;140
3;7;2025;2025-07-03;rmanera;Alta Producción de Hielo;1692;C04 - Compresor 4 - 127;R01 - Rolitera 1;4784,48;4788,27;3,790000000000873;ROLITO EN BOLSAS 14 KG;58;3,790000000000873;14;812
3;7;2025;2025-07-03;rmanera;Alta Producción de Hielo;1692;C04 - Compresor 4 - 127;R01 - Rolitera 1;4784,48;4788,27;3,790000000000873;ROLITO EN BOLSAS 2 KG;162;3,790000000000873;2;324
3;7;2025;2025-07-03;rmanera;Alta Producción de Hielo;1693;C04 - Compresor 4 - 127;R01 - Rolitera 1;4781,47;4784,49;3,019999999999527;ROLITO EN BOLSAS 14 KG;9;3,019999999999527;14;126
3;7;2025;2025-07-03;rmanera;Alta Producción de Hielo;1693;C04 - Compresor 4 - 127;R01 - Rolitera 1;4781,47;4784,49;3,019999999999527;ROLITO EN BOLSAS 2 KG;329;3,019999999999527;2;658
7;7;2025;2025-07-07;rmanera;Alta Producción de Hielo;1694;C04 - Compresor 4 - 127;R01 - Rolitera 1;4788,27;4791,51;3,2399999999997817;ROLITO EN BOLSAS 2 KG;377;3,2399999999997817;2;754
8;7;2025;2025-07-08;rmanera;Alta Producción de Hielo;1695;C04 - Compresor 4 - 127;R01 - Rolitera 1;4791,51;4794,61;3,0999999999994543;ROLITO EN BOLSAS 2 KG;376;3,0999999999994543;2;752
9;7;2025;2025-07-09;rmanera;Alta Producción de Hielo;1696;C02 - Compresor 2 - 127;R01 - Rolitera 1;35946,32;35947,42;1,0999999999985448;ROLITO EN BOLSAS 14 KG;16;1,0999999999985448;14;224
9;7;2025;2025-07-09;rmanera;Alta Producción de Hielo;1697;C04 - Compresor 4 - 127;R01 - Rolitera 1;4794,41;4798,29;3,880000000000109;ROLITO EN BOLSAS 2 KG;368;3,880000000000109;2;736
10;7;2025;2025-07-10;rmanera;Alta Producción de Hielo;1698;C04 - Compresor 4 - 127;R01 - Rolitera 1;4798,29;4802,8;4,510000000000218;ROLITO EN BOLSAS 14 KG;10;4,510000000000218;14;140
10;7;2025;2025-07-10;rmanera;Alta Producción de Hielo;1698;C04 - Compresor 4 - 127;R01 - Rolitera 1;4798,29;4802,8;4,510000000000218;ROLITO EN BOLSAS 2 KG;478;4,510000000000218;2;956
10;7;2025;2025-07-10;rmanera;Alta Producción de Hielo;1699;C02 - Compresor 2 - 127;R01 - Rolitera 1;35947,42;35948,49;1,069999999999709;ROLITO EN BOLSAS 14 KG;4;1,069999999999709;14;56
10;7;2025;2025-07-10;rmanera;Alta Producción de Hielo;1699;C02 - Compresor 2 - 127;R01 - Rolitera 1;35947,42;35948,49;1,069999999999709;ROLITO EN BOLSAS 2 KG;54;1,069999999999709;2;108
11;7;2025;2025-07-11;rmanera;Alta Producción de Hielo;1700;C04 - Compresor 4 - 127;R01 - Rolitera 1;4802,88;4806,53;3,649999999999636;ROLITO EN BOLSAS 2 KG;430;3,649999999999636;2;860
12;7;2025;2025-07-12;rmanera;Alta Producción de Hielo;1701;C04 - Compresor 4 - 127;R01 - Rolitera 1;4806,53;4807,69;1,1599999999998545;ROLITO EN BOLSAS 2 KG;160;1,1599999999998545;2;320
14;7;2025;2025-07-14;rmanera;Alta Producción de Hielo;1702;C04 - Compresor 4 - 127;R01 - Rolitera 1;4807,89;4811,58;3,6899999999996;ROLITO EN BOLSAS 2 KG;427;3,6899999999996;2;854
14;7;2025;2025-07-14;rmanera;Alta Producción de Hielo;1703;C02 - Compresor 2 - 127;R01 - Rolitera 1;35949,65;35950,28;0,6299999999973807;ROLITO EN BOLSAS 14 KG;11;0,6299999999973807;14;154
15;7;2025;2025-07-15;rmanera;Alta Producción de Hielo;1704;C04 - Compresor 4 - 127;R01 - Rolitera 1;4811,58;4815,21;3,630000000000109;ROLITO EN BOLSAS 2 KG;422;3,630000000000109;2;844
15;7;2025;2025-07-15;rmanera;Alta Producción de Hielo;1705;C02 - Compresor 2 - 127;R01 - Rolitera 1;35950,0;35954,7;4,69999999999709;ROLITO EN BOLSAS 14 KG;50;4,69999999999709;14;700
15;7;2025;2025-07-15;rmanera;Alta Producción de Hielo;1705;C02 - Compresor 2 - 127;R01 - Rolitera 1;35950,0;35954,7;4,69999999999709;ROLITO EN BOLSAS 2 KG;55;4,69999999999709;2;110
16;7;2025;2025-07-16;rmanera;Alta Producción de Hielo;1706;C02 - Compresor 2 - 127;R01 - Rolitera 1;35954,71;35956,95;2,2399999999979627;ROLITO EN BOLSAS 2 KG;18;2,2399999999979627;2;36
16;7;2025;2025-07-16;rmanera;Alta Producción de Hielo;1706;C02 - Compresor 2 - 127;R01 - Rolitera 1;35954,71;35956,95;2,2399999999979627;ROLITO EN BOLSAS 4 KG;37;2,2399999999979627;4;148
16;7;2025;2025-07-16;rmanera;Alta Producción de Hielo;1707;C04 - Compresor 4 - 127;R01 - Rolitera 1;4815,21;4818,88;3,6700000000000728;ROLITO EN BOLSAS 2 KG;430;3,6700000000000728;2;860
17;7;2025;2025-07-17;rmanera;Alta Producción de Hielo;1708;C04 - Compresor 4 - 127;R01 - Rolitera 1;418,88;4822,25;4403,37;ROLITO EN BOLSAS 2 KG;385;5,509999999999991;2;770
18;7;2025;2025-07-18;rmanera;Alta Producción de Hielo;1709;C04 - Compresor 4 - 127;R01 - Rolitera 1;35956,95;35959,07;2,1200000000026193;MOLIDO EN BOLSA 14 KG;8;2,1200000000026193;14;112
18;7;2025;2025-07-18;rmanera;Alta Producción de Hielo;1709;C04 - Compresor 4 - 127;R01 - Rolitera 1;35956,95;35959,07;2,1200000000026193;ROLITO EN BOLSAS 14 KG;18;2,1200000000026193;14;252
19;7;2025;2025-07-19;rmanera;Alta Producción de Hielo;1710;C04 - Compresor 4 - 127;R01 - Rolitera 1;4826,1;4829,29;3,1899999999996;ROLITO EN BOLSAS 14 KG;40;3,1899999999996;14;560
19;7;2025;2025-07-19;rmanera;Alta Producción de Hielo;1710;C04 - Compresor 4 - 127;R01 - Rolitera 1;4826,1;4829,29;3,1899999999996;ROLITO EN BOLSAS 2 KG;224;3,1899999999996;2;448
21;7;2025;2025-07-21;rmanera;Alta Producción de Hielo;1711;C04 - Compresor 4 - 127;R01 - Rolitera 1;4830,49;4834,55;4,0600000000004;ROLITO EN BOLSAS 14 KG;10;4,0600000000004;14;140
21;7;2025;2025-07-21;rmanera;Alta Producción de Hielo;1711;C04 - Compresor 4 - 127;R01 - Rolitera 1;4830,49;4834,55;4,0600000000004;ROLITO EN BOLSAS 2 KG;482;4,0600000000004;2;964
18;7;2025;2025-07-18;rmanera;Alta Producción de Hielo;1712;C04 - Compresor 4 - 127;R01 - Rolitera 1;4822,4;4825,92;3,5200000000004366;ROLITO EN BOLSAS 2 KG;435;3,5200000000004366;2;870
22;7;2025;2025-07-22;rmanera;Alta Producción de Hielo;1713;C04 - Compresor 4 - 127;R01 - Rolitera 1;35958,0;35961,35;3,349999999998545;ROLITO EN BOLSAS 14 KG;60;3,349999999998545;14;840
22;7;2025;2025-07-22;rmanera;Alta Producción de Hielo;1713;C04 - Compresor 4 - 127;R01 - Rolitera 1;35958,0;35961,35;3,349999999998545;ROLITO EN BOLSAS 7 KG;16;3,349999999998545;7;112
22;7;2025;2025-07-22;rmanera;Alta Producción de Hielo;1714;C04 - Compresor 4 - 127;R01 - Rolitera 1;4842,0;4843,78;1,7799999999997453;ROLITO EN BOLSAS 14 KG;30;1,7799999999997453;14;420
22;7;2025;2025-07-22;rmanera;Alta Producción de Hielo;1715;C04 - Compresor 4 - 127;R01 - Rolitera 1;4835,44;4839,02;3,5800000000008367;ROLITO EN BOLSAS 2 KG;430;3,5800000000008367;2;860
5;8;2025;2025-08-05;rmanera;Alta Producción de Hielo;1716;C04 - Compresor 4 - 127;R01 - Rolitera 1;4843,74;4847,34;3,600000000000364;ROLITO EN BOLSAS 14 KG;10;3,600000000000364;14;140
5;8;2025;2025-08-05;rmanera;Alta Producción de Hielo;1716;C04 - Compresor 4 - 127;R01 - Rolitera 1;4843,74;4847,34;3,600000000000364;ROLITO EN BOLSAS 2 KG;388;3,600000000000364;2;776
24;7;2025;2025-07-24;rmanera;Alta Producción de Hielo;1717;C04 - Compresor 4 - 127;R01 - Rolitera 1;4847,34;4850,93;3,5900000000001455;ROLITO EN BOLSAS 2 KG;381;3,5900000000001455;2;762
24;7;2025;2025-07-24;rmanera;Alta Producción de Hielo;1717;C04 - Compresor 4 - 127;R01 - Rolitera 1;4847,34;4850,93;3,5900000000001455;ROLITO EN BOLSAS 4 KG;35;3,5900000000001455;4;140
24;7;2025;2025-07-24;rmanera;Alta Producción de Hielo;1718;C02 - Compresor 2 - 127;R01 - Rolitera 1;35961,35;35963,9;2,5500000000029104;ROLITO EN BOLSAS 14 KG;25;2,5500000000029104;14;350
25;7;2025;2025-07-25;rmanera;Alta Producción de Hielo;1719;C02 - Compresor 2 - 127;R01 - Rolitera 1;35963,09;35964,6;1,5100000000020373;ROLITO EN BOLSAS 14 KG;25;1,5100000000020373;14;350
25;7;2025;2025-07-25;rmanera;Alta Producción de Hielo;1719;C02 - Compresor 2 - 127;R01 - Rolitera 1;35963,09;35964,6;1,5100000000020373;ROLITO EN BOLSAS 2 KG;161;1,5100000000020373;2;322
28;7;2025;2025-07-28;rmanera;Alta Producción de Hielo;1720;C02 - Compresor 2 - 127;R01 - Rolitera 1;35964,6;35966,14;1,5400000000008731;ROLITO EN BOLSAS 14 KG;32;1,5400000000008731;14;448
25;7;2025;2025-07-25;rmanera;Alta Producción de Hielo;1721;C04 - Compresor 4 - 127;R01 - Rolitera 1;4850,93;4854,57;3,639999999999418;ROLITO EN BOLSAS 14 KG;9;3,639999999999418;14;126
25;7;2025;2025-07-25;rmanera;Alta Producción de Hielo;1721;C04 - Compresor 4 - 127;R01 - Rolitera 1;4850,93;4854,57;3,639999999999418;ROLITO EN BOLSAS 2 KG;389;3,639999999999418;2;778
26;7;2025;2025-07-26;rmanera;Alta Producción de Hielo;1722;C04 - Compresor 4 - 127;R01 - Rolitera 1;4857,33;4860,92;3,5900000000001455;ROLITO EN BOLSAS 14 KG;35;3,5900000000001455;14;490
26;7;2025;2025-07-26;rmanera;Alta Producción de Hielo;1722;C04 - Compresor 4 - 127;R01 - Rolitera 1;4857,33;4860,92;3,5900000000001455;ROLITO EN BOLSAS 2 KG;276;3,5900000000001455;2;552
28;7;2025;2025-07-28;rmanera;Alta Producción de Hielo;1723;C04 - Compresor 4 - 127;R01 - Rolitera 1;4860,92;4867,29;6,369999999999891;ROLITO EN BOLSAS 14 KG;80;6,369999999999891;14;1120
28;7;2025;2025-07-28;rmanera;Alta Producción de Hielo;1723;C04 - Compresor 4 - 127;R01 - Rolitera 1;4860,92;4867,29;6,369999999999891;ROLITO EN BOLSAS 2 KG;332;6,369999999999891;2;664
29;7;2025;2025-07-29;rmanera;Alta Producción de Hielo;1724;C04 - Compresor 4 - 127;R01 - Rolitera 1;4867,29;4870,9;3,6099999999996726;ROLITO EN BOLSAS 2 KG;391;3,6099999999996726;2;782
29;7;2025;2025-07-29;rmanera;Alta Producción de Hielo;1724;C04 - Compresor 4 - 127;R01 - Rolitera 1;4867,29;4870,9;3,6099999999996726;ROLITO EN BOLSAS 4 KG;4;3,6099999999996726;4;16
29;7;2025;2025-07-29;rmanera;Alta Producción de Hielo;1725;C04 - Compresor 4 - 127;R01 - Rolitera 1;4870,9;4872,26;1,360000000000582;ROLITO EN BOLSAS 14 KG;30;1,360000000000582;14;420
30;7;2025;2025-07-30;rmanera;Alta Producción de Hielo;1726;C04 - Compresor 4 - 127;R01 - Rolitera 1;4872,26;4875,89;3,630000000000109;ROLITO EN BOLSAS 14 KG;10;3,630000000000109;14;140
30;7;2025;2025-07-30;rmanera;Alta Producción de Hielo;1726;C04 - Compresor 4 - 127;R01 - Rolitera 1;4872,26;4875,89;3,630000000000109;ROLITO EN BOLSAS 2 KG;382;3,630000000000109;2;764
30;7;2025;2025-07-30;rmanera;Alta Producción de Hielo;1727;C02 - Compresor 2 - 127;R01 - Rolitera 1;35966,14;35968,44;2,3000000000029104;ROLITO EN BOLSAS 14 KG;18;2,3000000000029104;14;252
30;7;2025;2025-07-30;rmanera;Alta Producción de Hielo;1727;C02 - Compresor 2 - 127;R01 - Rolitera 1;35966,14;35968,44;2,3000000000029104;ROLITO EN BOLSAS 2 KG;122;2,3000000000029104;2;244
31;7;2025;2025-07-31;rmanera;Alta Producción de Hielo;1728;C04 - Compresor 4 - 127;R01 - Rolitera 1;4875,89;4879,53;3,639999999999418;ROLITO EN BOLSAS 14 KG;10;3,639999999999418;14;140
31;7;2025;2025-07-31;rmanera;Alta Producción de Hielo;1728;C04 - Compresor 4 - 127;R01 - Rolitera 1;4875,89;4879,53;3,639999999999418;ROLITO EN BOLSAS 2 KG;382;3,639999999999418;2;764
1;8;2025;2025-08-01;rmanera;Alta Producción de Hielo;1729;C02 - Compresor 2 - 127;R01 - Rolitera 1;35966,14;35972,25;6,110000000000582;ROLITO EN BOLSAS 14 KG;49;6,110000000000582;14;686
1;8;2025;2025-08-01;rmanera;Alta Producción de Hielo;1729;C02 - Compresor 2 - 127;R01 - Rolitera 1;35966,14;35972,25;6,110000000000582;ROLITO EN BOLSAS 2 KG;114;6,110000000000582;2;228
1;8;2025;2025-08-01;rmanera;Alta Producción de Hielo;1730;C04 - Compresor 4 - 127;R01 - Rolitera 1;4879,57;4881,55;1,980000000000473;ROLITO EN BOLSAS 14 KG;22;1,980000000000473;14;308
1;8;2025;2025-08-01;rmanera;Alta Producción de Hielo;1730;C04 - Compresor 4 - 127;R01 - Rolitera 1;4879,57;4881,55;1,980000000000473;ROLITO EN BOLSAS 2 KG;110;1,980000000000473;2;220
2;8;2025;2025-08-02;rmanera;Alta Producción de Hielo;1731;C04 - Compresor 4 - 127;R01 - Rolitera 1;4881,55;4886,11;4,559999999999491;ROLITO EN BOLSAS 14 KG;19;4,559999999999491;14;266
2;8;2025;2025-08-02;rmanera;Alta Producción de Hielo;1731;C04 - Compresor 4 - 127;R01 - Rolitera 1;4881,55;4886,11;4,559999999999491;ROLITO EN BOLSAS 2 KG;434;4,559999999999491;2;868
2;8;2025;2025-08-02;rmanera;Alta Producción de Hielo;1732;C02 - Compresor 2 - 127;R01 - Rolitera 1;35972,73;35980,0;7,269999999996799;ROLITO EN BOLSAS 14 KG;11;7,269999999996799;14;154
2;8;2025;2025-08-02;rmanera;Alta Producción de Hielo;1732;C02 - Compresor 2 - 127;R01 - Rolitera 1;35972,73;35980,0;7,269999999996799;ROLITO EN BOLSAS 2 KG;216;7,269999999996799;2;432
4;8;2025;2025-08-04;rmanera;Alta Producción de Hielo;1733;C04 - Compresor 4 - 127;R01 - Rolitera 1;4886,11;4892,93;6,8200000000006185;ROLITO EN BOLSAS 14 KG;99;6,8200000000006185;14;1386
4;8;2025;2025-08-04;rmanera;Alta Producción de Hielo;1733;C04 - Compresor 4 - 127;R01 - Rolitera 1;4886,11;4892,93;6,8200000000006185;ROLITO EN BOLSAS 2 KG;881;6,8200000000006185;2;1762
5;8;2025;2025-08-05;rmanera;Alta Producción de Hielo;1734;C04 - Compresor 4 - 127;R01 - Rolitera 1;4897,93;4899,8;1,8699999999998909;ROLITO EN BOLSAS 2 KG;212;1,8699999999998909;2;424
5;8;2025;2025-08-05;rmanera;Alta Producción de Hielo;1735;C04 - Compresor 4 - 127;R01 - Rolitera 1;4899,08;4904,81;5,730000000000473;ROLITO EN BOLSAS 14 KG;29;5,730000000000473;14;406
5;8;2025;2025-08-05;rmanera;Alta Producción de Hielo;1735;C04 - Compresor 4 - 127;R01 - Rolitera 1;4899,08;4904,81;5,730000000000473;ROLITO EN BOLSAS 2 KG;448;5,730000000000473;2;896
6;8;2025;2025-08-06;rmanera;Alta Producción de Hielo;1736;C02 - Compresor 2 - 127;R01 - Rolitera 1;4908,46;4912,13;3,6700000000000728;ROLITO EN BOLSAS 14 KG;79;3,6700000000000728;14;1106
6;8;2025;2025-08-06;rmanera;Alta Producción de Hielo;1737;C04 - Compresor 4 - 127;R01 - Rolitera 1;4904,81;4908,46;3,649999999999636;ROLITO EN BOLSAS 14 KG;9;3,649999999999636;14;126
6;8;2025;2025-08-06;rmanera;Alta Producción de Hielo;1737;C04 - Compresor 4 - 127;R01 - Rolitera 1;4904,81;4908,46;3,649999999999636;ROLITO EN BOLSAS 2 KG;389;3,649999999999636;2;778
7;8;2025;2025-08-07;rmanera;Alta Producción de Hielo;1738;C04 - Compresor 4 - 127;R01 - Rolitera 1;35975,51;35976,53;1,0199999999967986;ROLITO EN BOLSAS 14 KG;14;1,0199999999967986;14;196
8;8;2025;2025-08-08;rmanera;Alta Producción de Hielo;1739;C02 - Compresor 2 - 127;R01 - Rolitera 1;35976,53;35977,02;0,48999999999796273;ROLITO EN BOLSAS 14 KG;8;0,48999999999796273;14;112
7;8;2025;2025-08-07;rmanera;Alta Producción de Hielo;1740;C04 - Compresor 4 - 127;R01 - Rolitera 1;4912,13;4916,24;4,109999999999673;ROLITO EN BOLSAS 14 KG;19;4,109999999999673;14;266
7;8;2025;2025-08-07;rmanera;Alta Producción de Hielo;1740;C04 - Compresor 4 - 127;R01 - Rolitera 1;4912,13;4916,24;4,109999999999673;ROLITO EN BOLSAS 2 KG;391;4,109999999999673;2;782
7;8;2025;2025-08-07;rmanera;Alta Producción de Hielo;1741;C04 - Compresor 4 - 127;R01 - Rolitera 1;4916,24;4922,54;6,300000000000182;ROLITO EN BOLSAS 14 KG;130;6,300000000000182;14;1820
8;8;2025;2025-08-08;rmanera;Alta Producción de Hielo;1742;C04 - Compresor 4 - 127;R01 - Rolitera 1;4922,54;4925,75;3,2100000000000364;ROLITO EN BOLSAS 14 KG;10;3,2100000000000364;14;140
8;8;2025;2025-08-08;rmanera;Alta Producción de Hielo;1742;C04 - Compresor 4 - 127;R01 - Rolitera 1;4922,54;4925,75;3,2100000000000364;ROLITO EN BOLSAS 2 KG;336;3,2100000000000364;2;672
8;8;2025;2025-08-08;rmanera;Alta Producción de Hielo;1743;C04 - Compresor 4 - 127;R01 - Rolitera 1;4925,75;4932,42;6,670000000000073;ROLITO EN BOLSAS 14 KG;68;6,670000000000073;14;952
8;8;2025;2025-08-08;rmanera;Alta Producción de Hielo;1743;C04 - Compresor 4 - 127;R01 - Rolitera 1;4925,75;4932,42;6,670000000000073;ROLITO EN BOLSAS 2 KG;173;6,670000000000073;2;346
9;8;2025;2025-08-09;rmanera;Alta Producción de Hielo;1744;C04 - Compresor 4 - 127;R01 - Rolitera 1;4930,42;4933,52;3,100000000000364;ROLITO EN BOLSAS 14 KG;32;3,100000000000364;14;448
9;8;2025;2025-08-09;rmanera;Alta Producción de Hielo;1744;C04 - Compresor 4 - 127;R01 - Rolitera 1;4930,42;4933,52;3,100000000000364;ROLITO EN BOLSAS 2 KG;223;3,100000000000364;2;446
11;8;2025;2025-08-11;rmanera;Alta Producción de Hielo;1745;C04 - Compresor 4 - 127;R01 - Rolitera 1;4933,52;4937,18;3,6599999999998545;ROLITO EN BOLSAS 14 KG;10;3,6599999999998545;14;140
11;8;2025;2025-08-11;rmanera;Alta Producción de Hielo;1745;C04 - Compresor 4 - 127;R01 - Rolitera 1;4933,52;4937,18;3,6599999999998545;ROLITO EN BOLSAS 2 KG;384;3,6599999999998545;2;768
11;8;2025;2025-08-11;rmanera;Alta Producción de Hielo;1746;C04 - Compresor 4 - 127;R01 - Rolitera 1;4937,18;4940,85;3,6700000000000728;ROLITO EN BOLSAS 14 KG;10;3,6700000000000728;14;140
11;8;2025;2025-08-11;rmanera;Alta Producción de Hielo;1746;C04 - Compresor 4 - 127;R01 - Rolitera 1;4937,18;4940,85;3,6700000000000728;ROLITO EN BOLSAS 2 KG;394;3,6700000000000728;2;788
12;8;2025;2025-08-12;rmanera;Alta Producción de Hielo;1747;C04 - Compresor 4 - 127;R01 - Rolitera 1;4940,85;4944,48;3,6299999999991996;ROLITO EN BOLSAS 2 KG;439;3,6299999999991996;2;878
12;8;2025;2025-08-12;rmanera;Alta Producción de Hielo;1748;C04 - Compresor 4 - 127;R01 - Rolitera 1;4944,48;4947,3;2,8200000000006185;ROLITO EN BOLSAS 14 KG;53;2,8200000000006185;14;742
12;8;2025;2025-08-12;rmanera;Alta Producción de Hielo;1748;C04 - Compresor 4 - 127;R01 - Rolitera 1;4944,48;4947,3;2,8200000000006185;ROLITO EN BOLSAS 2 KG;54;2,8200000000006185;2;108
13;8;2025;2025-08-13;rmanera;Alta Producción de Hielo;1749;C04 - Compresor 4 - 127;R01 - Rolitera 1;4947,3;4950,93;3,630000000000109;ROLITO EN BOLSAS 2 KG;448;3,630000000000109;2;896
13;8;2025;2025-08-13;rmanera;Alta Producción de Hielo;1750;C04 - Compresor 4 - 127;R01 - Rolitera 1;4950,93;4954,6;3,6700000000000728;ROLITO EN BOLSAS 14 KG;395;3,6700000000000728;14;5530
13;8;2025;2025-08-13;rmanera;Alta Producción de Hielo;1750;C04 - Compresor 4 - 127;R01 - Rolitera 1;4950,93;4954,6;3,6700000000000728;ROLITO EN BOLSAS 2 KG;10;3,6700000000000728;2;20
14;8;2025;2025-08-14;rmanera;Alta Producción de Hielo;1751;C04 - Compresor 4 - 127;R01 - Rolitera 1;4954,6;4960,99;6,389999999999418;ROLITO EN BOLSAS 14 KG;60;6,389999999999418;14;840
14;8;2025;2025-08-14;rmanera;Alta Producción de Hielo;1751;C04 - Compresor 4 - 127;R01 - Rolitera 1;4954,6;4960,99;6,389999999999418;ROLITO EN BOLSAS 2 KG;457;6,389999999999418;2;914
14;8;2025;2025-08-14;rmanera;Alta Producción de Hielo;1752;C04 - Compresor 4 - 127;R01 - Rolitera 1;4960,99;4965,95;4,960000000000036;ROLITO EN BOLSAS 14 KG;113;4,960000000000036;14;1582
15;8;2025;2025-08-15;rmanera;Alta Producción de Hielo;1753;C04 - Compresor 4 - 127;R01 - Rolitera 1;4965,95;4969,59;3,6400000000003274;ROLITO EN BOLSAS 2 KG;453;3,6400000000003274;2;906
19;8;2025;2025-08-19;rmanera;Alta Producción de Hielo;1754;C02 - Compresor 2 - 127;R01 - Rolitera 1;35977,52;35980,2;2,680000000000291;ROLITO EN BOLSAS 14 KG;40;2,680000000000291;14;560
18;8;2025;2025-08-18;rmanera;Alta Producción de Hielo;1755;C04 - Compresor 4 - 127;R01 - Rolitera 1;4969,59;4975,52;5,930000000000291;ROLITO EN BOLSAS 14 KG;30;5,930000000000291;14;420
18;8;2025;2025-08-18;rmanera;Alta Producción de Hielo;1755;C04 - Compresor 4 - 127;R01 - Rolitera 1;4969,59;4975,52;5,930000000000291;ROLITO EN BOLSAS 2 KG;382;5,930000000000291;2;764
18;8;2025;2025-08-18;rmanera;Alta Producción de Hielo;1755;C04 - Compresor 4 - 127;R01 - Rolitera 1;4969,59;4975,52;5,930000000000291;ROLITO EN BOLSAS 7 KG;35;5,930000000000291;7;245
18;8;2025;2025-08-18;rmanera;Alta Producción de Hielo;1756;C04 - Compresor 4 - 127;R01 - Rolitera 1;4975,52;4979,18;3,6599999999998545;ROLITO EN BOLSAS 14 KG;9;3,6599999999998545;14;126
18;8;2025;2025-08-18;rmanera;Alta Producción de Hielo;1756;C04 - Compresor 4 - 127;R01 - Rolitera 1;4975,52;4979,18;3,6599999999998545;ROLITO EN BOLSAS 2 KG;389;3,6599999999998545;2;778
19;8;2025;2025-08-19;rmanera;Alta Producción de Hielo;1757;C04 - Compresor 4 - 127;R01 - Rolitera 1;4979,18;4982,86;3,6799999999993815;ROLITO EN BOLSAS 14 KG;50;3,6799999999993815;14;700
19;8;2025;2025-08-19;rmanera;Alta Producción de Hielo;1757;C04 - Compresor 4 - 127;R01 - Rolitera 1;4979,18;4982,86;3,6799999999993815;ROLITO EN BOLSAS 2 KG;169;3,6799999999993815;2;338
19;8;2025;2025-08-19;rmanera;Alta Producción de Hielo;1758;C04 - Compresor 4 - 127;R01 - Rolitera 1;4982,86;4988,31;5,450000000000728;ROLITO EN BOLSAS 14 KG;40;5,450000000000728;14;560
19;8;2025;2025-08-19;rmanera;Alta Producción de Hielo;1758;C04 - Compresor 4 - 127;R01 - Rolitera 1;4982,86;4988,31;5,450000000000728;ROLITO EN BOLSAS 2 KG;446;5,450000000000728;2;892
20;8;2025;2025-08-20;rmanera;Alta Producción de Hielo;1759;C04 - Compresor 4 - 127;R01 - Rolitera 1;4988,31;4991,95;3,639999999999418;ROLITO EN BOLSAS 14 KG;10;3,639999999999418;14;140
20;8;2025;2025-08-20;rmanera;Alta Producción de Hielo;1759;C04 - Compresor 4 - 127;R01 - Rolitera 1;4988,31;4991,95;3,639999999999418;ROLITO EN BOLSAS 2 KG;388;3,639999999999418;2;776
20;8;2025;2025-08-20;rmanera;Alta Producción de Hielo;1760;C04 - Compresor 4 - 127;R01 - Rolitera 1;4991,95;4996,95;5,0;ROLITO EN BOLSAS 14 KG;50;5,0;14;700
20;8;2025;2025-08-20;rmanera;Alta Producción de Hielo;1760;C04 - Compresor 4 - 127;R01 - Rolitera 1;4991,95;4996,95;5,0;ROLITO EN BOLSAS 2 KG;280;5,0;2;560
21;8;2025;2025-08-21;rmanera;Alta Producción de Hielo;1761;C04 - Compresor 4 - 127;R01 - Rolitera 1;4996,95;5000,6;3,6500000000005457;ROLITO EN BOLSAS 14 KG;10;3,6500000000005457;14;140
21;8;2025;2025-08-21;rmanera;Alta Producción de Hielo;1761;C04 - Compresor 4 - 127;R01 - Rolitera 1;4996,95;5000,6;3,6500000000005457;ROLITO EN BOLSAS 2 KG;391;3,6500000000005457;2;782
21;8;2025;2025-08-21;rmanera;Alta Producción de Hielo;1762;C04 - Compresor 4 - 127;R01 - Rolitera 1;5000,6;5000,93;0,32999999999992724;ROLITO EN BOLSAS 14 KG;100;0,32999999999992724;14;1400
21;8;2025;2025-08-21;rmanera;Alta Producción de Hielo;1762;C04 - Compresor 4 - 127;R01 - Rolitera 1;5000,6;5000,93;0,32999999999992724;ROLITO EN BOLSAS 2 KG;222;0,32999999999992724;2;444
22;8;2025;2025-08-22;rmanera;Alta Producción de Hielo;1763;C04 - Compresor 4 - 127;R01 - Rolitera 1;5000,93;5009,77;8,840000000000146;ROLITO EN BOLSAS 2 KG;334;8,840000000000146;2;668
22;8;2025;2025-08-22;rmanera;Alta Producción de Hielo;1764;C02 - Compresor 2 - 127;R01 - Rolitera 1;35980,28;35982,03;1,75;ROLITO EN BOLSAS 14 KG;22;1,75;14;308
22;8;2025;2025-08-22;rmanera;Alta Producción de Hielo;1765;C02 - Compresor 2 - 127;R01 - Rolitera 1;35982,03;35982,72;0,6900000000023283;ROLITO EN BOLSAS 14 KG;14;0,6900000000023283;14;196
22;8;2025;2025-08-22;rmanera;Alta Producción de Hielo;1766;C04 - Compresor 4 - 127;R01 - Rolitera 1;5009,77;5013,19;3,4199999999991633;ROLITO EN BOLSAS 14 KG;50;3,4199999999991633;14;700
22;8;2025;2025-08-22;rmanera;Alta Producción de Hielo;1766;C04 - Compresor 4 - 127;R01 - Rolitera 1;5009,77;5013,19;3,4199999999991633;ROLITO EN BOLSAS 2 KG;58;3,4199999999991633;2;116
22;8;2025;2025-08-22;rmanera;Alta Producción de Hielo;1766;C04 - Compresor 4 - 127;R01 - Rolitera 1;5009,77;5013,19;3,4199999999991633;ROLITO EN BOLSAS 4 KG;35;3,4199999999991633;4;140
25;8;2025;2025-08-25;rmanera;Alta Producción de Hielo;1767;C04 - Compresor 4 - 127;R01 - Rolitera 1;5013,19;5016,48;3,2899999999999636;ROLITO EN BOLSAS 14 KG;40;3,2899999999999636;14;560
25;8;2025;2025-08-25;rmanera;Alta Producción de Hielo;1767;C04 - Compresor 4 - 127;R01 - Rolitera 1;5013,19;5016,48;3,2899999999999636;ROLITO EN BOLSAS 2 KG;162;3,2899999999999636;2;324
25;8;2025;2025-08-25;rmanera;Alta Producción de Hielo;1768;C04 - Compresor 4 - 127;R01 - Rolitera 1;5016,48;5020,14;3,660000000000764;ROLITO EN BOLSAS 14 KG;20;3,660000000000764;14;280
25;8;2025;2025-08-25;rmanera;Alta Producción de Hielo;1768;C04 - Compresor 4 - 127;R01 - Rolitera 1;5016,48;5020,14;3,660000000000764;ROLITO EN BOLSAS 2 KG;332;3,660000000000764;2;664
26;8;2025;2025-08-26;rmanera;Alta Producción de Hielo;1769;C04 - Compresor 4 - 127;R01 - Rolitera 1;5020,14;5023,8;3,6599999999998545;ROLITO EN BOLSAS 2 KG;451;3,6599999999998545;2;902
26;8;2025;2025-08-26;rmanera;Alta Producción de Hielo;1770;C04 - Compresor 4 - 127;R01 - Rolitera 1;5023,8;5028,79;4,989999999999782;ROLITO EN BOLSAS 14 KG;31;4,989999999999782;14;434
26;8;2025;2025-08-26;rmanera;Alta Producción de Hielo;1770;C04 - Compresor 4 - 127;R01 - Rolitera 1;5023,8;5028,79;4,989999999999782;ROLITO EN BOLSAS 2 KG;445;4,989999999999782;2;890
27;8;2025;2025-08-27;rmanera;Alta Producción de Hielo;1771;C04 - Compresor 4 - 127;R01 - Rolitera 1;5028,79;5032,44;3,649999999999636;ROLITO EN BOLSAS 14 KG;21;3,649999999999636;14;294
27;8;2025;2025-08-27;rmanera;Alta Producción de Hielo;1771;C04 - Compresor 4 - 127;R01 - Rolitera 1;5028,79;5032,44;3,649999999999636;ROLITO EN BOLSAS 2 KG;337;3,649999999999636;2;674
27;8;2025;2025-08-27;rmanera;Alta Producción de Hielo;1772;C04 - Compresor 4 - 127;R01 - Rolitera 1;5032,44;5036,11;3,6700000000000728;ROLITO EN BOLSAS 14 KG;80;3,6700000000000728;14;1120
28;8;2025;2025-08-28;rmanera;Alta Producción de Hielo;1773;C04 - Compresor 4 - 127;R01 - Rolitera 1;5036,11;5039,77;3,660000000000764;ROLITO EN BOLSAS 14 KG;38;3,660000000000764;14;532
28;8;2025;2025-08-28;rmanera;Alta Producción de Hielo;1773;C04 - Compresor 4 - 127;R01 - Rolitera 1;5036,11;5039,77;3,660000000000764;ROLITO EN BOLSAS 2 KG;225;3,660000000000764;2;450
28;8;2025;2025-08-28;rmanera;Alta Producción de Hielo;1774;C04 - Compresor 4 - 127;R01 - Rolitera 1;5039,77;5043,34;3,569999999999709;ROLITO EN BOLSAS 14 KG;35;3,569999999999709;14;490
28;8;2025;2025-08-28;rmanera;Alta Producción de Hielo;1774;C04 - Compresor 4 - 127;R01 - Rolitera 1;5039,77;5043,34;3,569999999999709;ROLITO EN BOLSAS 2 KG;228;3,569999999999709;2;456
29;8;2025;2025-08-29;rmanera;Alta Producción de Hielo;1775;C04 - Compresor 4 - 127;R01 - Rolitera 1;5043,34;5047,48;4,139999999999418;ROLITO EN BOLSAS 2 KG;442;4,139999999999418;2;884
29;8;2025;2025-08-29;rmanera;Alta Producción de Hielo;1776;C04 - Compresor 4 - 127;R01 - Rolitera 1;5047,48;5053,08;5,600000000000364;ROLITO EN BOLSAS 14 KG;109;5,600000000000364;14;1526
29;8;2025;2025-08-29;rmanera;Alta Producción de Hielo;1776;C04 - Compresor 4 - 127;R01 - Rolitera 1;5047,48;5053,08;5,600000000000364;ROLITO EN BOLSAS 2 KG;111;5,600000000000364;2;222
29;8;2025;2025-08-29;rmanera;Alta Producción de Hielo;1777;C02 - Compresor 2 - 127;R01 - Rolitera 1;35982,72;35983,75;1,0299999999988358;ROLITO EN BOLSAS 14 KG;13;1,0299999999988358;14;182
30;8;2025;2025-08-30;rmanera;Alta Producción de Hielo;1778;C02 - Compresor 2 - 127;R01 - Rolitera 1;35983,75;35991,12;7,370000000002619;ROLITO EN BOLSAS 14 KG;29;7,370000000002619;14;406
30;8;2025;2025-08-30;rmanera;Alta Producción de Hielo;1778;C02 - Compresor 2 - 127;R01 - Rolitera 1;35983,75;35991,12;7,370000000002619;ROLITO EN BOLSAS 2 KG;395;7,370000000002619;2;790
1;9;2025;2025-09-01;rmanera;Alta Producción de Hielo;1779;C04 - Compresor 4 - 127;R01 - Rolitera 1;5053,8;5063,18;9,38000000000011;ROLITO EN BOLSAS 14 KG;20;9,38000000000011;14;280
1;9;2025;2025-09-01;rmanera;Alta Producción de Hielo;1779;C04 - Compresor 4 - 127;R01 - Rolitera 1;5053,8;5063,18;9,38000000000011;ROLITO EN BOLSAS 2 KG;1245;9,38000000000011;2;2490
2;9;2025;2025-09-02;rmanera;Alta Producción de Hielo;1780;C04 - Compresor 4 - 127;R01 - Rolitera 1;5065,18;5077,0;11,819999999999709;ROLITO EN BOLSAS 14 KG;70;11,819999999999709;14;980
2;9;2025;2025-09-02;rmanera;Alta Producción de Hielo;1780;C04 - Compresor 4 - 127;R01 - Rolitera 1;5065,18;5077,0;11,819999999999709;ROLITO EN BOLSAS 2 KG;1068;11,819999999999709;2;2136
3;9;2025;2025-09-03;rmanera;Alta Producción de Hielo;1781;C04 - Compresor 4 - 127;R01 - Rolitera 1;5077,0;5080,66;3,6599999999998545;ROLITO EN BOLSAS 14 KG;10;3,6599999999998545;14;140
3;9;2025;2025-09-03;rmanera;Alta Producción de Hielo;1781;C04 - Compresor 4 - 127;R01 - Rolitera 1;5077,0;5080,66;3,6599999999998545;ROLITO EN BOLSAS 2 KG;400;3,6599999999998545;2;800
3;9;2025;2025-09-03;rmanera;Alta Producción de Hielo;1782;C04 - Compresor 4 - 127;R01 - Rolitera 1;5080,66;5086,11;5,449999999999818;ROLITO EN BOLSAS 14 KG;20;5,449999999999818;14;280
3;9;2025;2025-09-03;rmanera;Alta Producción de Hielo;1782;C04 - Compresor 4 - 127;R01 - Rolitera 1;5080,66;5086,11;5,449999999999818;ROLITO EN BOLSAS 2 KG;289;5,449999999999818;2;578
3;9;2025;2025-09-03;rmanera;Alta Producción de Hielo;1782;C04 - Compresor 4 - 127;R01 - Rolitera 1;5080,66;5086,11;5,449999999999818;ROLITO EN BOLSAS 4 KG;68;5,449999999999818;4;272
3;9;2025;2025-09-03;rmanera;Alta Producción de Hielo;1782;C04 - Compresor 4 - 127;R01 - Rolitera 1;5080,66;5086,11;5,449999999999818;ROLITO EN BOLSAS 7 KG;54;5,449999999999818;7;378
4;9;2025;2025-09-04;rmanera;Alta Producción de Hielo;1783;C04 - Compresor 4 - 127;R01 - Rolitera 1;5086,11;5090,5;4,390000000000327;ROLITO EN BOLSAS 14 KG;14;4,390000000000327;14;196
4;9;2025;2025-09-04;rmanera;Alta Producción de Hielo;1783;C04 - Compresor 4 - 127;R01 - Rolitera 1;5086,11;5090,5;4,390000000000327;ROLITO EN BOLSAS 2 KG;341;4,390000000000327;2;682
4;9;2025;2025-09-04;rmanera;Alta Producción de Hielo;1784;C02 - Compresor 2 - 127;R01 - Rolitera 1;35991,12;35992,0;0,8799999999973807;ROLITO EN BOLSAS 14 KG;11;0,8799999999973807;14;154
9;9;2025;2025-09-09;rmanera;Alta Producción de Hielo;1785;C04 - Compresor 4 - 127;R01 - Rolitera 1;5090,5;5102,13;11,63000000000011;ROLITO EN BOLSAS 14 KG;219;11,63000000000011;14;3066
9;9;2025;2025-09-09;rmanera;Alta Producción de Hielo;1785;C04 - Compresor 4 - 127;R01 - Rolitera 1;5090,5;5102,13;11,63000000000011;ROLITO EN BOLSAS 2 KG;498;11,63000000000011;2;996
10;9;2025;2025-09-10;rmanera;Alta Producción de Hielo;1786;C04 - Compresor 4 - 127;R01 - Rolitera 1;5102,13;5105,67;3,5399999999999636;ROLITO EN BOLSAS 14 KG;20;3,5399999999999636;14;280
10;9;2025;2025-09-10;rmanera;Alta Producción de Hielo;1786;C04 - Compresor 4 - 127;R01 - Rolitera 1;5102,13;5105,67;3,5399999999999636;ROLITO EN BOLSAS 2 KG;163;3,5399999999999636;2;326
10;9;2025;2025-09-10;rmanera;Alta Producción de Hielo;1786;C04 - Compresor 4 - 127;R01 - Rolitera 1;5102,13;5105,67;3,5399999999999636;ROLITO EN BOLSAS 7 KG;18;3,5399999999999636;7;126
10;9;2025;2025-09-10;rmanera;Alta Producción de Hielo;1787;C04 - Compresor 4 - 127;R02 - Rolitera 2;0,0;0,0;0,0;ROLITO EN BOLSAS 14 KG;37;0,0;14;518
10;9;2025;2025-09-10;rmanera;Alta Producción de Hielo;1788;C04 - Compresor 4 - 127;R01 - Rolitera 1;5105,67;5106,14;0,47000000000025466;ROLITO EN BOLSAS 14 KG;10;0,47000000000025466;14;140
11;9;2025;2025-09-11;rmanera;Alta Producción de Hielo;1789;C04 - Compresor 4 - 127;R01 - Rolitera 1;5106,14;5113,18;7,039999999999964;ROLITO EN BOLSAS 14 KG;40;7,039999999999964;14;560
11;9;2025;2025-09-11;rmanera;Alta Producción de Hielo;1789;C04 - Compresor 4 - 127;R01 - Rolitera 1;5106,14;5113,18;7,039999999999964;ROLITO EN BOLSAS 2 KG;547;7,039999999999964;2;1094
11;9;2025;2025-09-11;rmanera;Alta Producción de Hielo;1790;C04 - Compresor 4 - 127;R02 - Rolitera 2;0,0;0,0;0,0;ROLITO EN BOLSAS 14 KG;23;0,0;14;322
11;9;2025;2025-09-11;rmanera;Alta Producción de Hielo;1791;C04 - Compresor 4 - 127;R01 - Rolitera 1;5113,18;5114,53;1,3499999999994543;ROLITO EN BOLSAS 14 KG;21;1,3499999999994543;14;294
11;9;2025;2025-09-11;rmanera;Alta Producción de Hielo;1791;C04 - Compresor 4 - 127;R01 - Rolitera 1;5113,18;5114,53;1,3499999999994543;ROLITO EN BOLSAS 2 KG;58;1,3499999999994543;2;116
11;9;2025;2025-09-11;rmanera;Alta Producción de Hielo;1792;C02 - Compresor 2 - 127;R01 - Rolitera 1;35992,0;35992,72;0,7200000000011642;ROLITO EN BOLSAS 14 KG;11;0,7200000000011642;14;154
12;9;2025;2025-09-12;rmanera;Alta Producción de Hielo;1793;C04 - Compresor 4 - 127;R01 - Rolitera 1;5114,53;5121,95;7,420000000000073;ROLITO EN BOLSAS 14 KG;85;7,420000000000073;14;1190
12;9;2025;2025-09-12;rmanera;Alta Producción de Hielo;1793;C04 - Compresor 4 - 127;R01 - Rolitera 1;5114,53;5121,95;7,420000000000073;ROLITO EN BOLSAS 2 KG;378;7,420000000000073;2;756
15;9;2025;2025-09-15;rmanera;Alta Producción de Hielo;1794;C04 - Compresor 4 - 127;R01 - Rolitera 1;5121,95;5132,41;10,460000000000036;ROLITO EN BOLSAS 14 KG;120;10,460000000000036;14;1680
15;9;2025;2025-09-15;rmanera;Alta Producción de Hielo;1794;C04 - Compresor 4 - 127;R01 - Rolitera 1;5121,95;5132,41;10,460000000000036;ROLITO EN BOLSAS 2 KG;502;10,460000000000036;2;1004
15;9;2025;2025-09-15;rmanera;Alta Producción de Hielo;1795;C04 - Compresor 4 - 127;R02 - Rolitera 2;0,0;0,0;0,0;ROLITO EN BOLSAS 14 KG;12;0,0;14;168
15;9;2025;2025-09-15;rmanera;Alta Producción de Hielo;1795;C04 - Compresor 4 - 127;R02 - Rolitera 2;0,0;0,0;0,0;ROLITO EN BOLSAS 2 KG;56;0,0;2;112
16;9;2025;2025-09-16;rmanera;Alta Producción de Hielo;1796;C04 - Compresor 4 - 127;R01 - Rolitera 1;5132,41;5141,55;9,140000000000327;ROLITO EN BOLSAS 14 KG;56;9,140000000000327;14;784
16;9;2025;2025-09-16;rmanera;Alta Producción de Hielo;1796;C04 - Compresor 4 - 127;R01 - Rolitera 1;5132,41;5141,55;9,140000000000327;ROLITO EN BOLSAS 2 KG;726;9,140000000000327;2;1452
18;9;2025;2025-09-18;rmanera;Alta Producción de Hielo;1797;C04 - Compresor 4 - 127;R01 - Rolitera 1;5141,55;5148,38;6,829999999999927;ROLITO EN BOLSAS 14 KG;38;6,829999999999927;14;532
18;9;2025;2025-09-18;rmanera;Alta Producción de Hielo;1797;C04 - Compresor 4 - 127;R01 - Rolitera 1;5141,55;5148,38;6,829999999999927;ROLITO EN BOLSAS 2 KG;497;6,829999999999927;2;994
18;9;2025;2025-09-18;rmanera;Alta Producción de Hielo;1798;C04 - Compresor 4 - 127;R02 - Rolitera 2;0,0;0,0;0,0;ROLITO EN BOLSAS 2 KG;185;0,0;2;370
19;9;2025;2025-09-19;rmanera;Alta Producción de Hielo;1799;C04 - Compresor 4 - 127;R01 - Rolitera 1;5148,38;5152,5;4,119999999999891;ROLITO EN BOLSAS 14 KG;10;4,119999999999891;14;140
19;9;2025;2025-09-19;rmanera;Alta Producción de Hielo;1799;C04 - Compresor 4 - 127;R01 - Rolitera 1;5148,38;5152,5;4,119999999999891;ROLITO EN BOLSAS 2 KG;442;4,119999999999891;2;884
19;9;2025;2025-09-19;rmanera;Alta Producción de Hielo;1800;C04 - Compresor 4 - 127;R01 - Rolitera 1;35992,72;35996,34;3,6199999999953434;ROLITO EN BOLSAS 14 KG;60;3,6199999999953434;14;840
20;9;2025;2025-09-20;rmanera;Alta Producción de Hielo;1801;C04 - Compresor 4 - 127;R01 - Rolitera 1;5155,27;5161,24;5,969999999999345;ROLITO EN BOLSAS 2 KG;673;5,969999999999345;2;1346
20;9;2025;2025-09-20;rmanera;Alta Producción de Hielo;1802;C04 - Compresor 4 - 127;R01 - Rolitera 1;5161,24;5163,99;2,75;ROLITO EN BOLSAS 14 KG;10;2,75;14;140
20;9;2025;2025-09-20;rmanera;Alta Producción de Hielo;1802;C04 - Compresor 4 - 127;R01 - Rolitera 1;5161,24;5163,99;2,75;ROLITO EN BOLSAS 2 KG;278;2,75;2;556
22;9;2025;2025-09-22;rmanera;Alta Producción de Hielo;1803;C02 - Compresor 2 - 127;R01 - Rolitera 1;35996,34;35997,61;1,2700000000040745;ROLITO EN BOLSAS 14 KG;17;1,2700000000040745;14;238
22;9;2025;2025-09-22;rmanera;Alta Producción de Hielo;1803;C02 - Compresor 2 - 127;R01 - Rolitera 1;35996,34;35997,61;1,2700000000040745;ROLITO EN BOLSAS 2 KG;55;1,2700000000040745;2;110
22;9;2025;2025-09-22;rmanera;Alta Producción de Hielo;1804;C04 - Compresor 4 - 127;R01 - Rolitera 1;5163,99;5166,96;2,9700000000002547;ROLITO EN BOLSAS 2 KG;337;2,9700000000002547;2;674
22;9;2025;2025-09-22;rmanera;Alta Producción de Hielo;1805;C04 - Compresor 4 - 127;R01 - Rolitera 1;5166,96;5170,63;3,6700000000000728;ROLITO EN BOLSAS 14 KG;20;3,6700000000000728;14;280
22;9;2025;2025-09-22;rmanera;Alta Producción de Hielo;1805;C04 - Compresor 4 - 127;R01 - Rolitera 1;5166,96;5170,63;3,6700000000000728;ROLITO EN BOLSAS 2 KG;349;3,6700000000000728;2;698
23;9;2025;2025-09-23;rmanera;Alta Producción de Hielo;1806;C04 - Compresor 4 - 127;R01 - Rolitera 1;5170,63;5176,57;5,9399999999996;ROLITO EN BOLSAS 14 KG;79;5,9399999999996;14;1106
23;9;2025;2025-09-23;rmanera;Alta Producción de Hielo;1806;C04 - Compresor 4 - 127;R01 - Rolitera 1;5170,63;5176,57;5,9399999999996;ROLITO EN BOLSAS 2 KG;272;5,9399999999996;2;544
23;9;2025;2025-09-23;rmanera;Alta Producción de Hielo;1807;C02 - Compresor 2 - 127;R01 - Rolitera 1;35997,61;35998,07;0,4599999999991269;ROLITO EN BOLSAS 14 KG;8;0,4599999999991269;14;112
23;9;2025;2025-09-23;rmanera;Alta Producción de Hielo;1808;C04 - Compresor 4 - 127;R01 - Rolitera 1;5176,57;5180,64;4,0700000000006185;ROLITO EN BOLSAS 14 KG;10;4,0700000000006185;14;140
23;9;2025;2025-09-23;rmanera;Alta Producción de Hielo;1808;C04 - Compresor 4 - 127;R01 - Rolitera 1;5176,57;5180,64;4,0700000000006185;ROLITO EN BOLSAS 2 KG;335;4,0700000000006185;2;670
24;9;2025;2025-09-24;rmanera;Alta Producción de Hielo;1809;C04 - Compresor 4 - 127;R01 - Rolitera 1;5180,81;5184,46;3,649999999999636;ROLITO EN BOLSAS 14 KG;31;3,649999999999636;14;434
24;9;2025;2025-09-24;rmanera;Alta Producción de Hielo;1809;C04 - Compresor 4 - 127;R01 - Rolitera 1;5180,81;5184,46;3,649999999999636;ROLITO EN BOLSAS 2 KG;213;3,649999999999636;2;426
25;9;2025;2025-09-25;rmanera;Alta Producción de Hielo;1810;C04 - Compresor 4 - 127;R01 - Rolitera 1;5184,46;5194,2;9,739999999999782;ROLITO EN BOLSAS 14 KG;104;9,739999999999782;14;1456
25;9;2025;2025-09-25;rmanera;Alta Producción de Hielo;1810;C04 - Compresor 4 - 127;R01 - Rolitera 1;5184,46;5194,2;9,739999999999782;ROLITO EN BOLSAS 2 KG;549;9,739999999999782;2;1098
26;9;2025;2025-09-26;rmanera;Alta Producción de Hielo;1811;C04 - Compresor 4 - 127;R01 - Rolitera 1;5194,2;5202,5;8,300000000000182;ROLITO EN BOLSAS 14 KG;38;8,300000000000182;14;532
26;9;2025;2025-09-26;rmanera;Alta Producción de Hielo;1811;C04 - Compresor 4 - 127;R01 - Rolitera 1;5194,2;5202,5;8,300000000000182;ROLITO EN BOLSAS 2 KG;721;8,300000000000182;2;1442
29;9;2025;2025-09-29;mreinero;Alta Producción de Hielo;1812;C04 - Compresor 4 - 127;R01 - Rolitera 1;5201,87;5212,94;11,069999999999709;ROLITO EN BOLSAS 14 KG;88;11,069999999999709;14;1232
29;9;2025;2025-09-29;mreinero;Alta Producción de Hielo;1812;C04 - Compresor 4 - 127;R01 - Rolitera 1;5201,87;5212,94;11,069999999999709;ROLITO EN BOLSAS 2 KG;599;11,069999999999709;2;1198
29;9;2025;2025-09-29;mreinero;Alta Producción de Hielo;1813;C04 - Compresor 4 - 127;R02 - Rolitera 2;0,0;0,0;0,0;ROLITO EN BOLSAS 14 KG;87;0,0;14;1218
29;9;2025;2025-09-29;mreinero;Alta Producción de Hielo;1813;C04 - Compresor 4 - 127;R02 - Rolitera 2;0,0;0,0;0,0;ROLITO EN BOLSAS 2 KG;327;0,0;2;654
29;9;2025;2025-09-29;mreinero;Alta Producción de Hielo;1813;C04 - Compresor 4 - 127;R02 - Rolitera 2;0,0;0,0;0,0;ROLITO EN BOLSAS 4 KG;84;0,0;4;336
30;9;2025;2025-09-30;rmanera;Alta Producción de Hielo;1814;C02 - Compresor 2 - 127;R01 - Rolitera 1;36001,88;36005,4;3,5200000000040745;ROLITO EN BOLSAS 14 KG;10;3,5200000000040745;14;140
30;9;2025;2025-09-30;rmanera;Alta Producción de Hielo;1814;C02 - Compresor 2 - 127;R01 - Rolitera 1;36001,88;36005,4;3,5200000000040745;ROLITO EN BOLSAS 2 KG;320;3,5200000000040745;2;640
30;9;2025;2025-09-30;rmanera;Alta Producción de Hielo;1815;C04 - Compresor 4 - 127;R01 - Rolitera 1;5212,94;5216,3;3,360000000000582;ROLITO EN BOLSAS 2 KG;397;3,360000000000582;2;794
6;10;2025;2025-10-06;rmanera;Alta Producción de Hielo;1816;C04 - Compresor 4 - 127;R01 - Rolitera 1;5216,3;5224,93;8,63000000000011;ROLITO EN BOLSAS 14 KG;52;8,63000000000011;14;728
6;10;2025;2025-10-06;rmanera;Alta Producción de Hielo;1816;C04 - Compresor 4 - 127;R01 - Rolitera 1;5216,3;5224,93;8,63000000000011;ROLITO EN BOLSAS 2 KG;609;8,63000000000011;2;1218
1;10;2025;2025-10-01;rmanera;Alta Producción de Hielo;1817;C04 - Compresor 4 - 127;R02 - Rolitera 2;0,0;0,0;0,0;ROLITO EN BOLSAS 2 KG;260;0,0;2;520
1;10;2025;2025-10-01;rmanera;Alta Producción de Hielo;1818;C04 - Compresor 4 - 127;R01 - Rolitera 1;5224,93;5225,83;0,8999999999996362;ROLITO EN BOLSAS 2 KG;111;0,8999999999996362;2;222
2;10;2025;2025-10-02;rmanera;Alta Producción de Hielo;1819;C04 - Compresor 4 - 127;R01 - Rolitera 1;5225,83;5237,52;11,69000000000051;ROLITO EN BOLSAS 14 KG;67;11,69000000000051;14;938
2;10;2025;2025-10-02;rmanera;Alta Producción de Hielo;1819;C04 - Compresor 4 - 127;R01 - Rolitera 1;5225,83;5237,52;11,69000000000051;ROLITO EN BOLSAS 2 KG;1013;11,69000000000051;2;2026
2;10;2025;2025-10-02;rmanera;Alta Producción de Hielo;1820;C04 - Compresor 4 - 127;R02 - Rolitera 2;0,0;0,0;0,0;ROLITO EN BOLSAS 14 KG;11;0,0;14;154
3;10;2025;2025-10-03;rmanera;Alta Producción de Hielo;1821;C04 - Compresor 4 - 127;R01 - Rolitera 1;5237,52;5249,59;12,069999999999709;ROLITO EN BOLSAS 14 KG;162;12,069999999999709;14;2268
3;10;2025;2025-10-03;rmanera;Alta Producción de Hielo;1821;C04 - Compresor 4 - 127;R01 - Rolitera 1;5237,52;5249,59;12,069999999999709;ROLITO EN BOLSAS 2 KG;374;12,069999999999709;2;748
3;10;2025;2025-10-03;rmanera;Alta Producción de Hielo;1822;C04 - Compresor 4 - 127;R02 - Rolitera 2;0,0;0,0;0,0;ROLITO EN BOLSAS 14 KG;31;0,0;14;434
3;10;2025;2025-10-03;rmanera;Alta Producción de Hielo;1822;C04 - Compresor 4 - 127;R02 - Rolitera 2;0,0;0,0;0,0;ROLITO EN BOLSAS 2 KG;250;0,0;2;500
4;10;2025;2025-10-04;rmanera;Alta Producción de Hielo;1823;C04 - Compresor 4 - 127;R01 - Rolitera 1;5249,59;5253,76;4,170000000000073;ROLITO EN BOLSAS 14 KG;28;4,170000000000073;14;392
4;10;2025;2025-10-04;rmanera;Alta Producción de Hielo;1823;C04 - Compresor 4 - 127;R01 - Rolitera 1;5249,59;5253,76;4,170000000000073;ROLITO EN BOLSAS 2 KG;321;4,170000000000073;2;642
4;10;2025;2025-10-04;rmanera;Alta Producción de Hielo;1824;C04 - Compresor 4 - 127;R02 - Rolitera 2;0,0;0,0;0,0;ROLITO EN BOLSAS 14 KG;22;0,0;14;308
4;10;2025;2025-10-04;rmanera;Alta Producción de Hielo;1825;C04 - Compresor 4 - 127;R01 - Rolitera 1;5253,76;5258,59;4,829999999999927;ROLITO EN BOLSAS 2 KG;432;4,829999999999927;2;864
4;10;2025;2025-10-04;rmanera;Alta Producción de Hielo;1826;C04 - Compresor 4 - 127;R02 - Rolitera 2;0,0;0,0;0,0;ROLITO EN BOLSAS 2 KG;198;0,0;2;396
5;10;2025;2025-10-05;rmanera;Alta Producción de Hielo;1827;C04 - Compresor 4 - 127;R01 - Rolitera 1;5258,59;5262,9;4,309999999999491;ROLITO EN BOLSAS 14 KG;89;4,309999999999491;14;1246
6;10;2025;2025-10-06;rmanera;Alta Producción de Hielo;1828;C04 - Compresor 4 - 127;R01 - Rolitera 1;5262,9;5274,61;11,710000000000036;ROLITO EN BOLSAS 14 KG;45;11,710000000000036;14;630
6;10;2025;2025-10-06;rmanera;Alta Producción de Hielo;1828;C04 - Compresor 4 - 127;R01 - Rolitera 1;5262,9;5274,61;11,710000000000036;ROLITO EN BOLSAS 2 KG;864;11,710000000000036;2;1728
6;10;2025;2025-10-06;rmanera;Alta Producción de Hielo;1828;C04 - Compresor 4 - 127;R01 - Rolitera 1;5262,9;5274,61;11,710000000000036;ROLITO EN BOLSAS 4 KG;67;11,710000000000036;4;268
6;10;2025;2025-10-06;rmanera;Alta Producción de Hielo;1829;C04 - Compresor 4 - 127;R02 - Rolitera 2;0,0;0,0;0,0;ROLITO EN BOLSAS 2 KG;531;0,0;2;1062
7;10;2025;2025-10-07;rmanera;Alta Producción de Hielo;1830;C04 - Compresor 4 - 127;R01 - Rolitera 1;5274,61;5285,97;11,360000000000582;ROLITO EN BOLSAS 14 KG;31;11,360000000000582;14;434
7;10;2025;2025-10-07;rmanera;Alta Producción de Hielo;1830;C04 - Compresor 4 - 127;R01 - Rolitera 1;5274,61;5285,97;11,360000000000582;ROLITO EN BOLSAS 2 KG;1020;11,360000000000582;2;2040
7;10;2025;2025-10-07;rmanera;Alta Producción de Hielo;1830;C04 - Compresor 4 - 127;R01 - Rolitera 1;5274,61;5285,97;11,360000000000582;ROLITO EN BOLSAS 7 KG;17;11,360000000000582;7;119
7;10;2025;2025-10-07;rmanera;Alta Producción de Hielo;1831;C04 - Compresor 4 - 127;R02 - Rolitera 2;0,0;0,0;0,0;ROLITO EN BOLSAS 14 KG;34;0,0;14;476
7;10;2025;2025-10-07;rmanera;Alta Producción de Hielo;1831;C04 - Compresor 4 - 127;R02 - Rolitera 2;0,0;0,0;0,0;ROLITO EN BOLSAS 2 KG;461;0,0;2;922
8;10;2025;2025-10-08;rmanera;Alta Producción de Hielo;1832;C04 - Compresor 4 - 127;R01 - Rolitera 1;5285,97;5297,99;12,019999999999527;ROLITO EN BOLSAS 14 KG;131;12,019999999999527;14;1834
8;10;2025;2025-10-08;rmanera;Alta Producción de Hielo;1832;C04 - Compresor 4 - 127;R01 - Rolitera 1;5285,97;5297,99;12,019999999999527;ROLITO EN BOLSAS 2 KG;556;12,019999999999527;2;1112
8;10;2025;2025-10-08;rmanera;Alta Producción de Hielo;1832;C04 - Compresor 4 - 127;R01 - Rolitera 1;5285,97;5297,99;12,019999999999527;ROLITO EN BOLSAS 4 KG;33;12,019999999999527;4;132
8;10;2025;2025-10-08;rmanera;Alta Producción de Hielo;1833;C04 - Compresor 4 - 127;R02 - Rolitera 2;0,0;0,0;0,0;ROLITO EN BOLSAS 14 KG;12;0,0;14;168
8;10;2025;2025-10-08;rmanera;Alta Producción de Hielo;1833;C04 - Compresor 4 - 127;R02 - Rolitera 2;0,0;0,0;0,0;ROLITO EN BOLSAS 2 KG;470;0,0;2;940
9;10;2025;2025-10-09;rmanera;Alta Producción de Hielo;1834;C04 - Compresor 4 - 127;R01 - Rolitera 1;5297,99;5309,35;11,360000000000582;ROLITO EN BOLSAS 14 KG;81;11,360000000000582;14;1134
9;10;2025;2025-10-09;rmanera;Alta Producción de Hielo;1834;C04 - Compresor 4 - 127;R01 - Rolitera 1;5297,99;5309,35;11,360000000000582;ROLITO EN BOLSAS 2 KG;651;11,360000000000582;2;1302
9;10;2025;2025-10-09;rmanera;Alta Producción de Hielo;1834;C04 - Compresor 4 - 127;R01 - Rolitera 1;5297,99;5309,35;11,360000000000582;ROLITO EN BOLSAS 4 KG;69;11,360000000000582;4;276
9;10;2025;2025-10-09;rmanera;Alta Producción de Hielo;1835;C04 - Compresor 4 - 127;R02 - Rolitera 2;0,0;0,0;0,0;ROLITO EN BOLSAS 14 KG;12;0,0;14;168
9;10;2025;2025-10-09;rmanera;Alta Producción de Hielo;1835;C04 - Compresor 4 - 127;R02 - Rolitera 2;0,0;0,0;0,0;ROLITO EN BOLSAS 2 KG;580;0,0;2;1160
10;10;2025;2025-10-10;rmanera;Alta Producción de Hielo;1836;C04 - Compresor 4 - 127;R01 - Rolitera 1;5309,35;5313,15;3,7999999999992724;ROLITO EN BOLSAS 14 KG;9;3,7999999999992724;14;126
10;10;2025;2025-10-10;rmanera;Alta Producción de Hielo;1836;C04 - Compresor 4 - 127;R01 - Rolitera 1;5309,35;5313,15;3,7999999999992724;ROLITO EN BOLSAS 2 KG;384;3,7999999999992724;2;768
10;10;2025;2025-10-10;rmanera;Alta Producción de Hielo;1837;C04 - Compresor 4 - 127;R01 - Rolitera 1;3515,5;5316,9;1801,3999999999996;ROLITO EN BOLSAS 14 KG;20;5,509999999999991;14;280
10;10;2025;2025-10-10;rmanera;Alta Producción de Hielo;1837;C04 - Compresor 4 - 127;R01 - Rolitera 1;3515,5;5316,9;1801,3999999999996;ROLITO EN BOLSAS 2 KG;324;5,509999999999991;2;648
11;10;2025;2025-10-11;rmanera;Alta Producción de Hielo;1838;C04 - Compresor 4 - 127;R01 - Rolitera 1;5316,9;5321,7;4,800000000000182;ROLITO EN BOLSAS 14 KG;38;4,800000000000182;14;532
11;10;2025;2025-10-11;rmanera;Alta Producción de Hielo;1838;C04 - Compresor 4 - 127;R01 - Rolitera 1;5316,9;5321,7;4,800000000000182;ROLITO EN BOLSAS 2 KG;327;4,800000000000182;2;654
12;10;2025;2025-10-12;rmanera;Alta Producción de Hielo;1839;C04 - Compresor 4 - 127;R01 - Rolitera 1;5321,73;5328,34;6,610000000000582;ROLITO EN BOLSAS 14 KG;50;6,610000000000582;14;700
12;10;2025;2025-10-12;rmanera;Alta Producción de Hielo;1839;C04 - Compresor 4 - 127;R01 - Rolitera 1;5321,73;5328,34;6,610000000000582;ROLITO EN BOLSAS 2 KG;505;6,610000000000582;2;1010
13;10;2025;2025-10-13;rmanera;Alta Producción de Hielo;1840;C04 - Compresor 4 - 127;R01 - Rolitera 1;5328,31;5340,53;12,219999999999345;ROLITO EN BOLSAS 14 KG;110;12,219999999999345;14;1540
13;10;2025;2025-10-13;rmanera;Alta Producción de Hielo;1840;C04 - Compresor 4 - 127;R01 - Rolitera 1;5328,31;5340,53;12,219999999999345;ROLITO EN BOLSAS 2 KG;638;12,219999999999345;2;1276
13;10;2025;2025-10-13;rmanera;Alta Producción de Hielo;1840;C04 - Compresor 4 - 127;R01 - Rolitera 1;5328,31;5340,53;12,219999999999345;ROLITO EN BOLSAS 7 KG;17;12,219999999999345;7;119
13;10;2025;2025-10-13;rmanera;Alta Producción de Hielo;1841;C04 - Compresor 4 - 127;R02 - Rolitera 2;0,0;0,0;0,0;ROLITO EN BOLSAS 14 KG;12;0,0;14;168
13;10;2025;2025-10-13;rmanera;Alta Producción de Hielo;1841;C04 - Compresor 4 - 127;R02 - Rolitera 2;0,0;0,0;0,0;ROLITO EN BOLSAS 2 KG;577;0,0;2;1154
14;10;2025;2025-10-14;mreinero;Alta Producción de Hielo;1842;C04 - Compresor 4 - 127;R01 - Rolitera 1;0,0;0,0;0,0;ROLITO EN BOLSAS 14 KG;105;5,509999999999991;14;1470
14;10;2025;2025-10-14;mreinero;Alta Producción de Hielo;1842;C04 - Compresor 4 - 127;R01 - Rolitera 1;0,0;0,0;0,0;ROLITO EN BOLSAS 2 KG;464;5,509999999999991;2;928
14;10;2025;2025-10-14;mreinero;Alta Producción de Hielo;1842;C04 - Compresor 4 - 127;R01 - Rolitera 1;0,0;0,0;0,0;ROLITO EN BOLSAS 4 KG;66;5,509999999999991;4;264
14;10;2025;2025-10-14;mreinero;Alta Producción de Hielo;1842;C04 - Compresor 4 - 127;R01 - Rolitera 1;0,0;0,0;0,0;ROLITO EN BOLSAS 7 KG;16;5,509999999999991;7;112
14;10;2025;2025-10-14;mreinero;Alta Producción de Hielo;1843;C04 - Compresor 4 - 127;R02 - Rolitera 2;0,0;0,0;0,0;ROLITO EN BOLSAS 14 KG;13;0,0;14;182
14;10;2025;2025-10-14;mreinero;Alta Producción de Hielo;1843;C04 - Compresor 4 - 127;R02 - Rolitera 2;0,0;0,0;0,0;ROLITO EN BOLSAS 2 KG;567;0,0;2;1134
15;10;2025;2025-10-15;rmanera;Alta Producción de Hielo;1844;C04 - Compresor 4 - 127;R01 - Rolitera 1;5352,32;5364,09;11,770000000000437;ROLITO EN BOLSAS 14 KG;116;11,770000000000437;14;1624
15;10;2025;2025-10-15;rmanera;Alta Producción de Hielo;1844;C04 - Compresor 4 - 127;R01 - Rolitera 1;5352,32;5364,09;11,770000000000437;ROLITO EN BOLSAS 2 KG;663;11,770000000000437;2;1326
15;10;2025;2025-10-15;rmanera;Alta Producción de Hielo;1845;C04 - Compresor 4 - 127;R02 - Rolitera 2;0,0;0,0;0,0;ROLITO EN BOLSAS 2 KG;533;0,0;2;1066
16;10;2025;2025-10-16;rmanera;Alta Producción de Hielo;1846;C04 - Compresor 4 - 127;R01 - Rolitera 1;5364,09;5375,83;11,739999999999782;ROLITO EN BOLSAS 14 KG;122;11,739999999999782;14;1708
16;10;2025;2025-10-16;rmanera;Alta Producción de Hielo;1846;C04 - Compresor 4 - 127;R01 - Rolitera 1;5364,09;5375,83;11,739999999999782;ROLITO EN BOLSAS 2 KG;429;11,739999999999782;2;858
16;10;2025;2025-10-16;rmanera;Alta Producción de Hielo;1847;C04 - Compresor 4 - 127;R02 - Rolitera 2;0,0;0,0;0,0;ROLITO EN BOLSAS 14 KG;24;0,0;14;336
16;10;2025;2025-10-16;rmanera;Alta Producción de Hielo;1847;C04 - Compresor 4 - 127;R02 - Rolitera 2;0,0;0,0;0,0;ROLITO EN BOLSAS 2 KG;871;0,0;2;1742
17;10;2025;2025-10-17;rmanera;Alta Producción de Hielo;1848;C04 - Compresor 4 - 127;R01 - Rolitera 1;5375,83;5387,59;11,760000000000218;ROLITO EN BOLSAS 14 KG;120;11,760000000000218;14;1680
17;10;2025;2025-10-17;rmanera;Alta Producción de Hielo;1848;C04 - Compresor 4 - 127;R01 - Rolitera 1;5375,83;5387,59;11,760000000000218;ROLITO EN BOLSAS 2 KG;657;11,760000000000218;2;1314
17;10;2025;2025-10-17;rmanera;Alta Producción de Hielo;1849;C04 - Compresor 4 - 127;R02 - Rolitera 2;0,0;0,0;0,0;ROLITO EN BOLSAS 14 KG;12;0,0;14;168
17;10;2025;2025-10-17;rmanera;Alta Producción de Hielo;1849;C04 - Compresor 4 - 127;R02 - Rolitera 2;0,0;0,0;0,0;ROLITO EN BOLSAS 2 KG;246;0,0;2;492
18;10;2025;2025-10-18;rmanera;Alta Producción de Hielo;1850;C04 - Compresor 4 - 127;R01 - Rolitera 1;5387,59;5399,13;11,539999999999964;ROLITO EN BOLSAS 14 KG;103;11,539999999999964;14;1442
18;10;2025;2025-10-18;rmanera;Alta Producción de Hielo;1850;C04 - Compresor 4 - 127;R01 - Rolitera 1;5387,59;5399,13;11,539999999999964;ROLITO EN BOLSAS 2 KG;714;11,539999999999964;2;1428
19;10;2025;2025-10-19;rmanera;Alta Producción de Hielo;1851;C04 - Compresor 4 - 127;R01 - Rolitera 1;5399,13;5403,73;4,599999999999454;ROLITO EN BOLSAS 14 KG;41;4,599999999999454;14;574
19;10;2025;2025-10-19;rmanera;Alta Producción de Hielo;1851;C04 - Compresor 4 - 127;R01 - Rolitera 1;5399,13;5403,73;4,599999999999454;ROLITO EN BOLSAS 2 KG;344;4,599999999999454;2;688
21;10;2025;2025-10-21;rmanera;Alta Producción de Hielo;1852;C04 - Compresor 4 - 127;R01 - Rolitera 1;5415,62;5427,43;11,8100000000004;ROLITO EN BOLSAS 14 KG;118;11,8100000000004;14;1652
21;10;2025;2025-10-21;rmanera;Alta Producción de Hielo;1852;C04 - Compresor 4 - 127;R01 - Rolitera 1;5415,62;5427,43;11,8100000000004;ROLITO EN BOLSAS 2 KG;547;11,8100000000004;2;1094
21;10;2025;2025-10-21;rmanera;Alta Producción de Hielo;1852;C04 - Compresor 4 - 127;R01 - Rolitera 1;5415,62;5427,43;11,8100000000004;ROLITO EN BOLSAS 4 KG;34;11,8100000000004;4;136
21;10;2025;2025-10-21;rmanera;Alta Producción de Hielo;1853;C04 - Compresor 4 - 127;R02 - Rolitera 2;0,0;0,0;0,0;ROLITO EN BOLSAS 14 KG;12;0,0;14;168
21;10;2025;2025-10-21;rmanera;Alta Producción de Hielo;1853;C04 - Compresor 4 - 127;R02 - Rolitera 2;0,0;0,0;0,0;ROLITO EN BOLSAS 2 KG;497;0,0;2;994
20;10;2025;2025-10-20;rmanera;Alta Producción de Hielo;1854;C04 - Compresor 4 - 127;R01 - Rolitera 1;5403,73;5415,62;11,890000000000327;ROLITO EN BOLSAS 14 KG;117;11,890000000000327;14;1638
20;10;2025;2025-10-20;rmanera;Alta Producción de Hielo;1854;C04 - Compresor 4 - 127;R01 - Rolitera 1;5403,73;5415,62;11,890000000000327;ROLITO EN BOLSAS 2 KG;491;11,890000000000327;2;982
20;10;2025;2025-10-20;rmanera;Alta Producción de Hielo;1855;C04 - Compresor 4 - 127;R02 - Rolitera 2;0,0;0,0;0,0;ROLITO EN BOLSAS 14 KG;24;0,0;14;336
20;10;2025;2025-10-20;rmanera;Alta Producción de Hielo;1855;C04 - Compresor 4 - 127;R02 - Rolitera 2;0,0;0,0;0,0;ROLITO EN BOLSAS 2 KG;882;0,0;2;1764
22;10;2025;2025-10-22;rmanera;Alta Producción de Hielo;1856;C04 - Compresor 4 - 127;R01 - Rolitera 1;5427,43;5438,98;11,549999999999272;ROLITO EN BOLSAS 14 KG;40;11,549999999999272;14;560
22;10;2025;2025-10-22;rmanera;Alta Producción de Hielo;1856;C04 - Compresor 4 - 127;R01 - Rolitera 1;5427,43;5438,98;11,549999999999272;ROLITO EN BOLSAS 2 KG;805;11,549999999999272;2;1610
22;10;2025;2025-10-22;rmanera;Alta Producción de Hielo;1856;C04 - Compresor 4 - 127;R01 - Rolitera 1;5427,43;5438,98;11,549999999999272;ROLITO EN BOLSAS 7 KG;46;11,549999999999272;7;322
22;10;2025;2025-10-22;rmanera;Alta Producción de Hielo;1857;C04 - Compresor 4 - 127;R02 - Rolitera 2;0,0;0,0;0,0;ROLITO EN BOLSAS 2 KG;444;0,0;2;888
22;10;2025;2025-10-22;rmanera;Alta Producción de Hielo;1857;C04 - Compresor 4 - 127;R02 - Rolitera 2;0,0;0,0;0,0;ROLITO EN BOLSAS 4 KG;39;0,0;4;156
24;10;2025;2025-10-24;rmanera;Alta Producción de Hielo;1858;C04 - Compresor 4 - 127;R01 - Rolitera 1;5438,98;6450,95;1011,9700000000003;ROLITO EN BOLSAS 14 KG;119;5,509999999999991;14;1666
24;10;2025;2025-10-24;rmanera;Alta Producción de Hielo;1858;C04 - Compresor 4 - 127;R01 - Rolitera 1;5438,98;6450,95;1011,9700000000003;ROLITO EN BOLSAS 2 KG;646;5,509999999999991;2;1292
23;10;2025;2025-10-23;rmanera;Alta Producción de Hielo;1859;C04 - Compresor 4 - 127;R02 - Rolitera 2;0,0;0,0;0,0;ROLITO EN BOLSAS 14 KG;24;0,0;14;336
23;10;2025;2025-10-23;rmanera;Alta Producción de Hielo;1859;C04 - Compresor 4 - 127;R02 - Rolitera 2;0,0;0,0;0,0;ROLITO EN BOLSAS 2 KG;118;0,0;2;236
24;10;2025;2025-10-24;rmanera;Alta Producción de Hielo;1860;C04 - Compresor 4 - 127;R01 - Rolitera 1;5450,95;5453,02;2,0700000000006185;ROLITO EN BOLSAS 14 KG;41;2,0700000000006185;14;574
24;10;2025;2025-10-24;rmanera;Alta Producción de Hielo;1861;C04 - Compresor 4 - 127;R01 - Rolitera 1;5453,02;5464,49;11,469999999999345;ROLITO EN BOLSAS 14 KG;136;11,469999999999345;14;1904
24;10;2025;2025-10-24;rmanera;Alta Producción de Hielo;1861;C04 - Compresor 4 - 127;R01 - Rolitera 1;5453,02;5464,49;11,469999999999345;ROLITO EN BOLSAS 2 KG;424;11,469999999999345;2;848
25;10;2025;2025-10-25;rmanera;Alta Producción de Hielo;1862;C04 - Compresor 4 - 127;R01 - Rolitera 1;5464,49;5468,29;3,800000000000182;ROLITO EN BOLSAS 14 KG;20;3,800000000000182;14;280
25;10;2025;2025-10-25;rmanera;Alta Producción de Hielo;1862;C04 - Compresor 4 - 127;R01 - Rolitera 1;5464,49;5468,29;3,800000000000182;ROLITO EN BOLSAS 2 KG;330;3,800000000000182;2;660
25;10;2025;2025-10-25;rmanera;Alta Producción de Hielo;1863;C04 - Compresor 4 - 127;R01 - Rolitera 1;5468,29;5471,55;3,2600000000002183;ROLITO EN BOLSAS 2 KG;386;3,2600000000002183;2;772
26;10;2025;2025-10-26;rmanera;Alta Producción de Hielo;1864;C04 - Compresor 4 - 127;R01 - Rolitera 1;5471,55;5474,47;2,9200000000000728;ROLITO EN BOLSAS 14 KG;20;2,9200000000000728;14;280
26;10;2025;2025-10-26;rmanera;Alta Producción de Hielo;1864;C04 - Compresor 4 - 127;R01 - Rolitera 1;5471,55;5474,47;2,9200000000000728;ROLITO EN BOLSAS 2 KG;219;2,9200000000000728;2;438
27;10;2025;2025-10-27;rmanera;Alta Producción de Hielo;1865;C04 - Compresor 4 - 127;R01 - Rolitera 1;5474,47;5486,09;11,61999999999989;ROLITO EN BOLSAS 14 KG;79;11,61999999999989;14;1106
27;10;2025;2025-10-27;rmanera;Alta Producción de Hielo;1865;C04 - Compresor 4 - 127;R01 - Rolitera 1;5474,47;5486,09;11,61999999999989;ROLITO EN BOLSAS 2 KG;762;11,61999999999989;2;1524
27;10;2025;2025-10-27;rmanera;Alta Producción de Hielo;1866;C04 - Compresor 4 - 127;R02 - Rolitera 2;0,0;0,0;0,0;ROLITO EN BOLSAS 2 KG;506;0,0;2;1012
28;10;2025;2025-10-28;rmanera;Alta Producción de Hielo;1867;C04 - Compresor 4 - 127;R01 - Rolitera 1;5486,09;5496,77;10,680000000000291;ROLITO EN BOLSAS 14 KG;111;10,680000000000291;14;1554
28;10;2025;2025-10-28;rmanera;Alta Producción de Hielo;1867;C04 - Compresor 4 - 127;R01 - Rolitera 1;5486,09;5496,77;10,680000000000291;ROLITO EN BOLSAS 2 KG;540;10,680000000000291;2;1080
28;10;2025;2025-10-28;rmanera;Alta Producción de Hielo;1868;C04 - Compresor 4 - 127;R02 - Rolitera 2;0,0;0,0;0,0;ROLITO EN BOLSAS 14 KG;39;0,0;14;546
28;10;2025;2025-10-28;rmanera;Alta Producción de Hielo;1868;C04 - Compresor 4 - 127;R02 - Rolitera 2;0,0;0,0;0,0;ROLITO EN BOLSAS 2 KG;441;0,0;2;882
29;10;2025;2025-10-29;rmanera;Alta Producción de Hielo;1869;C04 - Compresor 4 - 127;R01 - Rolitera 1;5496,77;5508,43;11,659999999999854;ROLITO EN BOLSAS 14 KG;150;11,659999999999854;14;2100
29;10;2025;2025-10-29;rmanera;Alta Producción de Hielo;1869;C04 - Compresor 4 - 127;R01 - Rolitera 1;5496,77;5508,43;11,659999999999854;ROLITO EN BOLSAS 2 KG;435;11,659999999999854;2;870
29;10;2025;2025-10-29;rmanera;Alta Producción de Hielo;1870;C04 - Compresor 4 - 127;R02 - Rolitera 2;0,0;0,0;0,0;ROLITO EN BOLSAS 14 KG;12;0,0;14;168
29;10;2025;2025-10-29;rmanera;Alta Producción de Hielo;1870;C04 - Compresor 4 - 127;R02 - Rolitera 2;0,0;0,0;0,0;ROLITO EN BOLSAS 2 KG;459;0,0;2;918
29;10;2025;2025-10-29;rmanera;Alta Producción de Hielo;1870;C04 - Compresor 4 - 127;R02 - Rolitera 2;0,0;0,0;0,0;ROLITO EN BOLSAS 4 KG;43;0,0;4;172
30;10;2025;2025-10-30;rmanera;Alta Producción de Hielo;1871;C04 - Compresor 4 - 127;R01 - Rolitera 1;5508,43;5520,27;11,840000000000146;ROLITO EN BOLSAS 14 KG;31;11,840000000000146;14;434
30;10;2025;2025-10-30;rmanera;Alta Producción de Hielo;1871;C04 - Compresor 4 - 127;R01 - Rolitera 1;5508,43;5520,27;11,840000000000146;ROLITO EN BOLSAS 2 KG;1150;11,840000000000146;2;2300
30;10;2025;2025-10-30;rmanera;Alta Producción de Hielo;1871;C04 - Compresor 4 - 127;R01 - Rolitera 1;5508,43;5520,27;11,840000000000146;ROLITO EN BOLSAS 7 KG;1;11,840000000000146;7;7
30;10;2025;2025-10-30;rmanera;Alta Producción de Hielo;1872;C04 - Compresor 4 - 127;R02 - Rolitera 2;0,0;0,0;0,0;ROLITO EN BOLSAS 2 KG;249;0,0;2;498
30;10;2025;2025-10-30;rmanera;Alta Producción de Hielo;1872;C04 - Compresor 4 - 127;R02 - Rolitera 2;0,0;0,0;0,0;ROLITO EN BOLSAS 4 KG;40;0,0;4;160
31;10;2025;2025-10-31;rmanera;Alta Producción de Hielo;1873;C04 - Compresor 4 - 127;R01 - Rolitera 1;5520,27;5531,86;11,589999999999236;ROLITO EN BOLSAS 14 KG;129;11,589999999999236;14;1806
31;10;2025;2025-10-31;rmanera;Alta Producción de Hielo;1873;C04 - Compresor 4 - 127;R01 - Rolitera 1;5520,27;5531,86;11,589999999999236;ROLITO EN BOLSAS 2 KG;486;11,589999999999236;2;972
31;10;2025;2025-10-31;rmanera;Alta Producción de Hielo;1873;C04 - Compresor 4 - 127;R01 - Rolitera 1;5520,27;5531,86;11,589999999999236;ROLITO EN BOLSAS 7 KG;34;11,589999999999236;7;238
31;10;2025;2025-10-31;rmanera;Alta Producción de Hielo;1874;C04 - Compresor 4 - 127;R02 - Rolitera 2;0,0;0,0;0,0;ROLITO EN BOLSAS 14 KG;12;0,0;14;168
31;10;2025;2025-10-31;rmanera;Alta Producción de Hielo;1874;C04 - Compresor 4 - 127;R02 - Rolitera 2;0,0;0,0;0,0;ROLITO EN BOLSAS 2 KG;257;0,0;2;514
1;11;2025;2025-11-01;rmanera;Alta Producción de Hielo;1875;C04 - Compresor 4 - 127;R01 - Rolitera 1;5531,88;5535,62;3,7399999999997817;ROLITO EN BOLSAS 14 KG;56;3,7399999999997817;14;784
1;11;2025;2025-11-01;rmanera;Alta Producción de Hielo;1875;C04 - Compresor 4 - 127;R01 - Rolitera 1;5531,88;5535,62;3,7399999999997817;ROLITO EN BOLSAS 2 KG;53;3,7399999999997817;2;106
1;11;2025;2025-11-01;rmanera;Alta Producción de Hielo;1876;C04 - Compresor 4 - 127;R02 - Rolitera 2;0,0;0,0;0,0;ROLITO EN BOLSAS 2 KG;247;0,0;2;494
2;11;2025;2025-11-02;rmanera;Alta Producción de Hielo;1877;C04 - Compresor 4 - 127;R01 - Rolitera 1;5538,93;5544,14;5,210000000000036;ROLITO EN BOLSAS 14 KG;39;5,210000000000036;14;546
2;11;2025;2025-11-02;rmanera;Alta Producción de Hielo;1877;C04 - Compresor 4 - 127;R01 - Rolitera 1;5538,93;5544,14;5,210000000000036;ROLITO EN BOLSAS 2 KG;333;5,210000000000036;2;666
1;11;2025;2025-11-01;rmanera;Alta Producción de Hielo;1878;C04 - Compresor 4 - 127;R01 - Rolitera 1;5535,67;5538,93;3,2600000000002183;ROLITO EN BOLSAS 14 KG;48;3,2600000000002183;14;672
1;11;2025;2025-11-01;rmanera;Alta Producción de Hielo;1878;C04 - Compresor 4 - 127;R01 - Rolitera 1;5535,67;5538,93;3,2600000000002183;ROLITO EN BOLSAS 2 KG;50;3,2600000000002183;2;100
1;11;2025;2025-11-01;rmanera;Alta Producción de Hielo;1879;C04 - Compresor 4 - 127;R02 - Rolitera 2;0,0;0,0;0,0;ROLITO EN BOLSAS 2 KG;259;0,0;2;518
3;11;2025;2025-11-03;rmanera;Alta Producción de Hielo;1880;C04 - Compresor 4 - 127;R01 - Rolitera 1;5544,14;5555,91;11,769999999999527;ROLITO EN BOLSAS 14 KG;37;11,769999999999527;14;518
3;11;2025;2025-11-03;rmanera;Alta Producción de Hielo;1880;C04 - Compresor 4 - 127;R01 - Rolitera 1;5544,14;5555,91;11,769999999999527;ROLITO EN BOLSAS 2 KG;820;11,769999999999527;2;1640
3;11;2025;2025-11-03;rmanera;Alta Producción de Hielo;1881;C04 - Compresor 4 - 127;R02 - Rolitera 2;0,0;0,0;0,0;ROLITO EN BOLSAS 14 KG;12;0,0;14;168
3;11;2025;2025-11-03;rmanera;Alta Producción de Hielo;1881;C04 - Compresor 4 - 127;R02 - Rolitera 2;0,0;0,0;0,0;ROLITO EN BOLSAS 2 KG;891;0,0;2;1782
4;11;2025;2025-11-04;rmanera;Alta Producción de Hielo;1882;C04 - Compresor 4 - 127;R01 - Rolitera 1;5555,91;5567,46;11,550000000000182;ROLITO EN BOLSAS 14 KG;58;11,550000000000182;14;812
4;11;2025;2025-11-04;rmanera;Alta Producción de Hielo;1882;C04 - Compresor 4 - 127;R01 - Rolitera 1;5555,91;5567,46;11,550000000000182;ROLITO EN BOLSAS 2 KG;678;11,550000000000182;2;1356
4;11;2025;2025-11-04;rmanera;Alta Producción de Hielo;1882;C04 - Compresor 4 - 127;R01 - Rolitera 1;5555,91;5567,46;11,550000000000182;ROLITO EN BOLSAS 4 KG;34;11,550000000000182;4;136
4;11;2025;2025-11-04;rmanera;Alta Producción de Hielo;1883;C04 - Compresor 4 - 127;R02 - Rolitera 2;0,0;0,0;0,0;ROLITO EN BOLSAS 2 KG;871;0,0;2;1742
5;11;2025;2025-11-05;rmanera;Alta Producción de Hielo;1884;C04 - Compresor 4 - 127;R01 - Rolitera 1;5567,46;5577,45;9,989999999999782;ROLITO EN BOLSAS 14 KG;124;9,989999999999782;14;1736
5;11;2025;2025-11-05;rmanera;Alta Producción de Hielo;1884;C04 - Compresor 4 - 127;R01 - Rolitera 1;5567,46;5577,45;9,989999999999782;ROLITO EN BOLSAS 2 KG;261;9,989999999999782;2;522
5;11;2025;2025-11-05;rmanera;Alta Producción de Hielo;1885;C04 - Compresor 4 - 127;R02 - Rolitera 2;0,0;0,0;0,0;ROLITO EN BOLSAS 14 KG;5;0,0;14;70
5;11;2025;2025-11-05;rmanera;Alta Producción de Hielo;1885;C04 - Compresor 4 - 127;R02 - Rolitera 2;0,0;0,0;0,0;ROLITO EN BOLSAS 2 KG;754;0,0;2;1508
6;11;2025;2025-11-06;rmanera;Alta Producción de Hielo;1886;C04 - Compresor 4 - 127;R01 - Rolitera 1;5577,45;5589,31;11,860000000000582;ROLITO EN BOLSAS 14 KG;54;11,860000000000582;14;756
6;11;2025;2025-11-06;rmanera;Alta Producción de Hielo;1886;C04 - Compresor 4 - 127;R01 - Rolitera 1;5577,45;5589,31;11,860000000000582;ROLITO EN BOLSAS 2 KG;856;11,860000000000582;2;1712
6;11;2025;2025-11-06;rmanera;Alta Producción de Hielo;1887;C04 - Compresor 4 - 127;R02 - Rolitera 2;0,0;0,0;0,0;ROLITO EN BOLSAS 14 KG;6;0,0;14;84
6;11;2025;2025-11-06;rmanera;Alta Producción de Hielo;1887;C04 - Compresor 4 - 127;R02 - Rolitera 2;0,0;0,0;0,0;ROLITO EN BOLSAS 2 KG;927;0,0;2;1854
7;11;2025;2025-11-07;rmanera;Alta Producción de Hielo;1888;C04 - Compresor 4 - 127;R01 - Rolitera 1;5589,31;5600,44;11,1299999999992;ROLITO EN BOLSAS 14 KG;102;11,1299999999992;14;1428
7;11;2025;2025-11-07;rmanera;Alta Producción de Hielo;1888;C04 - Compresor 4 - 127;R01 - Rolitera 1;5589,31;5600,44;11,1299999999992;ROLITO EN BOLSAS 2 KG;323;11,1299999999992;2;646
7;11;2025;2025-11-07;rmanera;Alta Producción de Hielo;1888;C04 - Compresor 4 - 127;R01 - Rolitera 1;5589,31;5600,44;11,1299999999992;ROLITO EN BOLSAS 7 KG;69;11,1299999999992;7;483
7;11;2025;2025-11-07;rmanera;Alta Producción de Hielo;1889;C04 - Compresor 4 - 127;R02 - Rolitera 2;0,0;0,0;0,0;ROLITO EN BOLSAS 14 KG;12;0,0;14;168
7;11;2025;2025-11-07;rmanera;Alta Producción de Hielo;1889;C04 - Compresor 4 - 127;R02 - Rolitera 2;0,0;0,0;0,0;ROLITO EN BOLSAS 2 KG;769;0,0;2;1538
8;11;2025;2025-11-08;rmanera;Alta Producción de Hielo;1890;C04 - Compresor 4 - 127;R01 - Rolitera 1;5600,44;5604,29;3,850000000000364;ROLITO EN BOLSAS 14 KG;64;3,850000000000364;14;896
8;11;2025;2025-11-08;rmanera;Alta Producción de Hielo;1890;C04 - Compresor 4 - 127;R01 - Rolitera 1;5600,44;5604,29;3,850000000000364;ROLITO EN BOLSAS 2 KG;55;3,850000000000364;2;110
8;11;2025;2025-11-08;rmanera;Alta Producción de Hielo;1891;C04 - Compresor 4 - 127;R02 - Rolitera 2;0,0;0,0;0,0;ROLITO EN BOLSAS 2 KG;260;0,0;2;520
8;11;2025;2025-11-08;rmanera;Alta Producción de Hielo;1892;C04 - Compresor 4 - 127;R01 - Rolitera 1;5604,29;5607,53;3,2399999999997817;ROLITO EN BOLSAS 2 KG;377;3,2399999999997817;2;754
10;11;2025;2025-11-10;rmanera;Alta Producción de Hielo;1893;C04 - Compresor 4 - 127;R01 - Rolitera 1;5607,53;5610,48;2,949999999999818;ROLITO EN BOLSAS 14 KG;10;2,949999999999818;14;140
10;11;2025;2025-11-10;rmanera;Alta Producción de Hielo;1893;C04 - Compresor 4 - 127;R01 - Rolitera 1;5607,53;5610,48;2,949999999999818;ROLITO EN BOLSAS 2 KG;204;2,949999999999818;2;408
10;11;2025;2025-11-10;rmanera;Alta Producción de Hielo;1894;C04 - Compresor 4 - 127;R02 - Rolitera 2;0,0;0,0;0,0;ROLITO EN BOLSAS 14 KG;12;0,0;14;168
10;11;2025;2025-11-10;rmanera;Alta Producción de Hielo;1894;C04 - Compresor 4 - 127;R02 - Rolitera 2;0,0;0,0;0,0;ROLITO EN BOLSAS 2 KG;182;0,0;2;364
10;11;2025;2025-11-10;rmanera;Alta Producción de Hielo;1895;C04 - Compresor 4 - 127;R01 - Rolitera 1;5610,48;5618,4;7,920000000000073;ROLITO EN BOLSAS 14 KG;10;7,920000000000073;14;140
10;11;2025;2025-11-10;rmanera;Alta Producción de Hielo;1895;C04 - Compresor 4 - 127;R01 - Rolitera 1;5610,48;5618,4;7,920000000000073;ROLITO EN BOLSAS 2 KG;690;7,920000000000073;2;1380
10;11;2025;2025-11-10;rmanera;Alta Producción de Hielo;1896;C04 - Compresor 4 - 127;R02 - Rolitera 2;5610,48;5618,4;7,920000000000073;ROLITO EN BOLSAS 14 KG;10;7,920000000000073;14;140
10;11;2025;2025-11-10;rmanera;Alta Producción de Hielo;1896;C04 - Compresor 4 - 127;R02 - Rolitera 2;5610,48;5618,4;7,920000000000073;ROLITO EN BOLSAS 2 KG;556;7,920000000000073;2;1112
11;11;2025;2025-11-11;rmanera;Alta Producción de Hielo;1897;C02 - Compresor 2 - 127;R01 - Rolitera 1;36005,4;36005,97;0,569999999999709;ROLITO EN BOLSAS 2 KG;53;0,569999999999709;2;106
11;11;2025;2025-11-11;rmanera;Alta Producción de Hielo;1898;C04 - Compresor 4 - 127;R01 - Rolitera 1;5618,4;5621,36;2,9600000000000364;ROLITO EN BOLSAS 14 KG;38;2,9600000000000364;14;532
11;11;2025;2025-11-11;rmanera;Alta Producción de Hielo;1898;C04 - Compresor 4 - 127;R01 - Rolitera 1;5618,4;5621,36;2,9600000000000364;ROLITO EN BOLSAS 2 KG;53;2,9600000000000364;2;106
11;11;2025;2025-11-11;rmanera;Alta Producción de Hielo;1899;C04 - Compresor 4 - 127;R02 - Rolitera 2;0,0;0,0;0,0;ROLITO EN BOLSAS 14 KG;11;0,0;14;154
11;11;2025;2025-11-11;rmanera;Alta Producción de Hielo;1899;C04 - Compresor 4 - 127;R02 - Rolitera 2;0,0;0,0;0,0;ROLITO EN BOLSAS 2 KG;183;0,0;2;366
11;11;2025;2025-11-11;rmanera;Alta Producción de Hielo;1900;C04 - Compresor 4 - 127;R01 - Rolitera 1;5621,36;5629,28;7,920000000000073;ROLITO EN BOLSAS 14 KG;65;7,920000000000073;14;910
11;11;2025;2025-11-11;rmanera;Alta Producción de Hielo;1900;C04 - Compresor 4 - 127;R01 - Rolitera 1;5621,36;5629,28;7,920000000000073;ROLITO EN BOLSAS 2 KG;260;7,920000000000073;2;520
11;11;2025;2025-11-11;rmanera;Alta Producción de Hielo;1900;C04 - Compresor 4 - 127;R01 - Rolitera 1;5621,36;5629,28;7,920000000000073;ROLITO EN BOLSAS 4 KG;64;7,920000000000073;4;256
11;11;2025;2025-11-11;rmanera;Alta Producción de Hielo;1901;C04 - Compresor 4 - 127;R02 - Rolitera 2;0,0;0,0;0,0;ROLITO EN BOLSAS 14 KG;6;0,0;14;84
11;11;2025;2025-11-11;rmanera;Alta Producción de Hielo;1901;C04 - Compresor 4 - 127;R02 - Rolitera 2;0,0;0,0;0,0;ROLITO EN BOLSAS 2 KG;531;0,0;2;1062
12;11;2025;2025-11-12;rmanera;Alta Producción de Hielo;1902;C04 - Compresor 4 - 127;R01 - Rolitera 1;5629,28;5638,74;9,460000000000036;ROLITO EN BOLSAS 14 KG;63;9,460000000000036;14;882
12;11;2025;2025-11-12;rmanera;Alta Producción de Hielo;1902;C04 - Compresor 4 - 127;R01 - Rolitera 1;5629,28;5638,74;9,460000000000036;ROLITO EN BOLSAS 2 KG;597;9,460000000000036;2;1194
12;11;2025;2025-11-12;rmanera;Alta Producción de Hielo;1903;C04 - Compresor 4 - 127;R02 - Rolitera 2;0,0;0,0;0,0;ROLITO EN BOLSAS 14 KG;11;0,0;14;154
12;11;2025;2025-11-12;rmanera;Alta Producción de Hielo;1903;C04 - Compresor 4 - 127;R02 - Rolitera 2;0,0;0,0;0,0;ROLITO EN BOLSAS 2 KG;443;0,0;2;886
13;11;2025;2025-11-13;rmanera;Alta Producción de Hielo;1904;C04 - Compresor 4 - 127;R01 - Rolitera 1;5638,74;5646,12;7,380000000000109;ROLITO EN BOLSAS 14 KG;64;7,380000000000109;14;896
13;11;2025;2025-11-13;rmanera;Alta Producción de Hielo;1904;C04 - Compresor 4 - 127;R01 - Rolitera 1;5638,74;5646,12;7,380000000000109;ROLITO EN BOLSAS 2 KG;322;7,380000000000109;2;644
13;11;2025;2025-11-13;rmanera;Alta Producción de Hielo;1905;C04 - Compresor 4 - 127;R02 - Rolitera 2;0,0;0,0;0,0;ROLITO EN BOLSAS 2 KG;588;0,0;2;1176
14;11;2025;2025-11-14;rmanera;Alta Producción de Hielo;1906;C04 - Compresor 4 - 127;R01 - Rolitera 1;5646,12;5657,78;11,659999999999854;ROLITO EN BOLSAS 14 KG;40;11,659999999999854;14;560
14;11;2025;2025-11-14;rmanera;Alta Producción de Hielo;1906;C04 - Compresor 4 - 127;R01 - Rolitera 1;5646,12;5657,78;11,659999999999854;ROLITO EN BOLSAS 2 KG;792;11,659999999999854;2;1584
14;11;2025;2025-11-14;rmanera;Alta Producción de Hielo;1907;C04 - Compresor 4 - 127;R02 - Rolitera 2;0,0;0,0;0,0;ROLITO EN BOLSAS 14 KG;24;0,0;14;336
14;11;2025;2025-11-14;rmanera;Alta Producción de Hielo;1907;C04 - Compresor 4 - 127;R02 - Rolitera 2;0,0;0,0;0,0;ROLITO EN BOLSAS 2 KG;507;0,0;2;1014
15;11;2025;2025-11-15;rmanera;Alta Producción de Hielo;1908;C04 - Compresor 4 - 127;R01 - Rolitera 1;5657,78;5661,08;3,300000000000182;ROLITO EN BOLSAS 14 KG;12;3,300000000000182;14;168
15;11;2025;2025-11-15;rmanera;Alta Producción de Hielo;1908;C04 - Compresor 4 - 127;R01 - Rolitera 1;5657,78;5661,08;3,300000000000182;ROLITO EN BOLSAS 2 KG;262;3,300000000000182;2;524
15;11;2025;2025-11-15;rmanera;Alta Producción de Hielo;1909;C04 - Compresor 4 - 127;R01 - Rolitera 1;5661,08;5662,97;1,8900000000003274;ROLITO EN BOLSAS 2 KG;214;1,8900000000003274;2;428
17;11;2025;2025-11-17;rmanera;Alta Producción de Hielo;1910;C04 - Compresor 4 - 127;R01 - Rolitera 1;5662,97;5674,32;11,349999999999454;ROLITO EN BOLSAS 14 KG;19;11,349999999999454;14;266
17;11;2025;2025-11-17;rmanera;Alta Producción de Hielo;1910;C04 - Compresor 4 - 127;R01 - Rolitera 1;5662,97;5674,32;11,349999999999454;ROLITO EN BOLSAS 2 KG;946;11,349999999999454;2;1892
17;11;2025;2025-11-17;rmanera;Alta Producción de Hielo;1911;C04 - Compresor 4 - 127;R02 - Rolitera 2;0,0;0,0;0,0;ROLITO EN BOLSAS 14 KG;20;0,0;14;280
17;11;2025;2025-11-17;rmanera;Alta Producción de Hielo;1911;C04 - Compresor 4 - 127;R02 - Rolitera 2;0,0;0,0;0,0;ROLITO EN BOLSAS 2 KG;964;0,0;2;1928
18;11;2025;2025-11-18;rmanera;Alta Producción de Hielo;1912;C04 - Compresor 4 - 127;R01 - Rolitera 1;5674,32;5685,94;11,61999999999989;ROLITO EN BOLSAS 2 KG;918;11,61999999999989;2;1836
18;11;2025;2025-11-18;rmanera;Alta Producción de Hielo;1913;C04 - Compresor 4 - 127;R02 - Rolitera 2;0,0;0,0;0,0;ROLITO EN BOLSAS 14 KG;103;0,0;14;1442
18;11;2025;2025-11-18;rmanera;Alta Producción de Hielo;1913;C04 - Compresor 4 - 127;R02 - Rolitera 2;0,0;0,0;0,0;ROLITO EN BOLSAS 2 KG;547;0,0;2;1094
19;11;2025;2025-11-19;rmanera;Alta Producción de Hielo;1914;C04 - Compresor 4 - 127;R01 - Rolitera 1;5685,94;5697,72;11,780000000000655;ROLITO EN BOLSAS 14 KG;229;11,780000000000655;14;3206
19;11;2025;2025-11-19;rmanera;Alta Producción de Hielo;1914;C04 - Compresor 4 - 127;R01 - Rolitera 1;5685,94;5697,72;11,780000000000655;ROLITO EN BOLSAS 2 KG;311;11,780000000000655;2;622
19;11;2025;2025-11-19;rmanera;Alta Producción de Hielo;1915;C04 - Compresor 4 - 127;R02 - Rolitera 2;0,0;0,0;0,0;ROLITO EN BOLSAS 14 KG;23;0,0;14;322
19;11;2025;2025-11-19;rmanera;Alta Producción de Hielo;1915;C04 - Compresor 4 - 127;R02 - Rolitera 2;0,0;0,0;0,0;ROLITO EN BOLSAS 2 KG;845;0,0;2;1690
20;11;2025;2025-11-20;rmanera;Alta Producción de Hielo;1916;C04 - Compresor 4 - 127;R01 - Rolitera 1;5697,72;5709,24;11,519999999999527;ROLITO EN BOLSAS 14 KG;87;11,519999999999527;14;1218
20;11;2025;2025-11-20;rmanera;Alta Producción de Hielo;1916;C04 - Compresor 4 - 127;R01 - Rolitera 1;5697,72;5709,24;11,519999999999527;ROLITO EN BOLSAS 2 KG;620;11,519999999999527;2;1240
20;11;2025;2025-11-20;rmanera;Alta Producción de Hielo;1916;C04 - Compresor 4 - 127;R01 - Rolitera 1;5697,72;5709,24;11,519999999999527;ROLITO EN BOLSAS 7 KG;2;11,519999999999527;7;14
20;11;2025;2025-11-20;rmanera;Alta Producción de Hielo;1917;C04 - Compresor 4 - 127;R02 - Rolitera 2;0,0;0,0;0,0;ROLITO EN BOLSAS 14 KG;24;0,0;14;336
20;11;2025;2025-11-20;rmanera;Alta Producción de Hielo;1917;C04 - Compresor 4 - 127;R02 - Rolitera 2;0,0;0,0;0,0;ROLITO EN BOLSAS 2 KG;699;0,0;2;1398
21;11;2025;2025-11-21;mreinero;Alta Producción de Hielo;1918;C04 - Compresor 4 - 127;R01 - Rolitera 1;5709,24;5720,96;11,720000000000255;ROLITO EN BOLSAS 14 KG;62;11,720000000000255;14;868
21;11;2025;2025-11-21;mreinero;Alta Producción de Hielo;1918;C04 - Compresor 4 - 127;R01 - Rolitera 1;5709,24;5720,96;11,720000000000255;ROLITO EN BOLSAS 2 KG;637;11,720000000000255;2;1274
21;11;2025;2025-11-21;mreinero;Alta Producción de Hielo;1918;C04 - Compresor 4 - 127;R01 - Rolitera 1;5709,24;5720,96;11,720000000000255;ROLITO EN BOLSAS 4 KG;100;11,720000000000255;4;400
21;11;2025;2025-11-21;mreinero;Alta Producción de Hielo;1918;C04 - Compresor 4 - 127;R01 - Rolitera 1;5709,24;5720,96;11,720000000000255;ROLITO EN BOLSAS 7 KG;17;11,720000000000255;7;119
21;11;2025;2025-11-21;mreinero;Alta Producción de Hielo;1919;C04 - Compresor 4 - 127;R02 - Rolitera 2;0,0;0,0;0,0;ROLITO EN BOLSAS 2 KG;641;0,0;2;1282
22;11;2025;2025-11-22;mreinero;Alta Producción de Hielo;1920;C04 - Compresor 4 - 127;R01 - Rolitera 1;5720,96;5724,31;3,350000000000364;ROLITO EN BOLSAS 14 KG;51;3,350000000000364;14;714
22;11;2025;2025-11-22;mreinero;Alta Producción de Hielo;1921;C04 - Compresor 4 - 127;R02 - Rolitera 2;0,0;0,0;0,0;ROLITO EN BOLSAS 14 KG;12;0,0;14;168
22;11;2025;2025-11-22;mreinero;Alta Producción de Hielo;1921;C04 - Compresor 4 - 127;R02 - Rolitera 2;0,0;0,0;0,0;ROLITO EN BOLSAS 2 KG;198;0,0;2;396
22;11;2025;2025-11-22;mreinero;Alta Producción de Hielo;1922;C04 - Compresor 4 - 127;R01 - Rolitera 1;5724,31;5728,08;3,769999999999527;ROLITO EN BOLSAS 14 KG;11;3,769999999999527;14;154
22;11;2025;2025-11-22;mreinero;Alta Producción de Hielo;1922;C04 - Compresor 4 - 127;R01 - Rolitera 1;5724,31;5728,08;3,769999999999527;ROLITO EN BOLSAS 2 KG;322;3,769999999999527;2;644
22;11;2025;2025-11-22;mreinero;Alta Producción de Hielo;1923;C04 - Compresor 4 - 127;R02 - Rolitera 2;0,0;0,0;0,0;ROLITO EN BOLSAS 2 KG;267;0,0;2;534
23;11;2025;2025-11-23;mreinero;Alta Producción de Hielo;1924;C04 - Compresor 4 - 127;R01 - Rolitera 1;5728,08;5734,68;6,600000000000364;ROLITO EN BOLSAS 14 KG;61;6,600000000000364;14;854
23;11;2025;2025-11-23;mreinero;Alta Producción de Hielo;1924;C04 - Compresor 4 - 127;R01 - Rolitera 1;5728,08;5734,68;6,600000000000364;ROLITO EN BOLSAS 2 KG;397;6,600000000000364;2;794
24;11;2025;2025-11-24;mreinero;Alta Producción de Hielo;1925;C04 - Compresor 4 - 127;R01 - Rolitera 1;5734,68;5741,77;7,0900000000001455;ROLITO EN BOLSAS 14 KG;79;7,0900000000001455;14;1106
24;11;2025;2025-11-24;mreinero;Alta Producción de Hielo;1925;C04 - Compresor 4 - 127;R01 - Rolitera 1;5734,68;5741,77;7,0900000000001455;ROLITO EN BOLSAS 2 KG;342;7,0900000000001455;2;684
25;11;2025;2025-11-25;mreinero;Alta Producción de Hielo;1926;C04 - Compresor 4 - 127;R01 - Rolitera 1;5741,77;5753,32;11,549999999999272;ROLITO EN BOLSAS 14 KG;109;11,549999999999272;14;1526
25;11;2025;2025-11-25;mreinero;Alta Producción de Hielo;1926;C04 - Compresor 4 - 127;R01 - Rolitera 1;5741,77;5753,32;11,549999999999272;ROLITO EN BOLSAS 2 KG;472;11,549999999999272;2;944
25;11;2025;2025-11-25;mreinero;Alta Producción de Hielo;1926;C04 - Compresor 4 - 127;R01 - Rolitera 1;5741,77;5753,32;11,549999999999272;ROLITO EN BOLSAS 4 KG;34;11,549999999999272;4;136
25;11;2025;2025-11-25;mreinero;Alta Producción de Hielo;1926;C04 - Compresor 4 - 127;R01 - Rolitera 1;5741,77;5753,32;11,549999999999272;ROLITO EN BOLSAS 7 KG;1;11,549999999999272;7;7
25;11;2025;2025-11-25;mreinero;Alta Producción de Hielo;1927;C04 - Compresor 4 - 127;R02 - Rolitera 2;0,0;0,0;0,0;ROLITO EN BOLSAS 2 KG;655;0,0;2;1310
26;11;2025;2025-11-26;rmanera;Alta Producción de Hielo;1928;C04 - Compresor 4 - 127;R01 - Rolitera 1;5753,32;5764,98;11,659999999999854;ROLITO EN BOLSAS 14 KG;136;11,659999999999854;14;1904
26;11;2025;2025-11-26;rmanera;Alta Producción de Hielo;1928;C04 - Compresor 4 - 127;R01 - Rolitera 1;5753,32;5764,98;11,659999999999854;ROLITO EN BOLSAS 2 KG;373;11,659999999999854;2;746
26;11;2025;2025-11-26;rmanera;Alta Producción de Hielo;1929;C04 - Compresor 4 - 127;R02 - Rolitera 2;0,0;0,0;0,0;ROLITO EN BOLSAS 14 KG;11;0,0;14;154
26;11;2025;2025-11-26;rmanera;Alta Producción de Hielo;1929;C04 - Compresor 4 - 127;R02 - Rolitera 2;0,0;0,0;0,0;ROLITO EN BOLSAS 2 KG;820;0,0;2;1640
27;11;2025;2025-11-27;rmanera;Alta Producción de Hielo;1930;C04 - Compresor 4 - 127;R01 - Rolitera 1;5764,98;5776,41;11,430000000000291;ROLITO EN BOLSAS 14 KG;51;11,430000000000291;14;714
27;11;2025;2025-11-27;rmanera;Alta Producción de Hielo;1930;C04 - Compresor 4 - 127;R01 - Rolitera 1;5764,98;5776,41;11,430000000000291;ROLITO EN BOLSAS 2 KG;647;11,430000000000291;2;1294
27;11;2025;2025-11-27;rmanera;Alta Producción de Hielo;1930;C04 - Compresor 4 - 127;R01 - Rolitera 1;5764,98;5776,41;11,430000000000291;ROLITO EN BOLSAS 4 KG;32;11,430000000000291;4;128
27;11;2025;2025-11-27;rmanera;Alta Producción de Hielo;1930;C04 - Compresor 4 - 127;R01 - Rolitera 1;5764,98;5776,41;11,430000000000291;ROLITO EN BOLSAS 7 KG;33;11,430000000000291;7;231
27;11;2025;2025-11-27;rmanera;Alta Producción de Hielo;1931;C04 - Compresor 4 - 127;R02 - Rolitera 2;0,0;0,0;0,0;ROLITO EN BOLSAS 2 KG;830;0,0;2;1660
28;11;2025;2025-11-28;rmanera;Alta Producción de Hielo;1932;C02 - Compresor 2 - 127;R01 - Rolitera 1;36005,97;36010,51;4,540000000000873;ROLITO EN BOLSAS 14 KG;67;4,540000000000873;14;938
29;11;2025;2025-11-29;rmanera;Alta Producción de Hielo;1933;C02 - Compresor 2 - 127;R01 - Rolitera 1;36010,51;36014,47;3,959999999999127;ROLITO EN BOLSAS 14 KG;14;3,959999999999127;14;196
29;11;2025;2025-11-29;rmanera;Alta Producción de Hielo;1933;C02 - Compresor 2 - 127;R01 - Rolitera 1;36010,51;36014,47;3,959999999999127;ROLITO EN BOLSAS 2 KG;269;3,959999999999127;2;538
29;11;2025;2025-11-29;rmanera;Alta Producción de Hielo;1934;C02 - Compresor 2 - 127;R01 - Rolitera 1;36014,47;36018,1;3,6299999999973807;ROLITO EN BOLSAS 14 KG;10;3,6299999999973807;14;140
29;11;2025;2025-11-29;rmanera;Alta Producción de Hielo;1934;C02 - Compresor 2 - 127;R01 - Rolitera 1;36014,47;36018,1;3,6299999999973807;ROLITO EN BOLSAS 2 KG;271;3,6299999999973807;2;542
30;11;2025;2025-11-30;rmanera;Alta Producción de Hielo;1935;C02 - Compresor 2 - 127;R01 - Rolitera 1;36018,1;36024,95;6,849999999998545;ROLITO EN BOLSAS 14 KG;48;6,849999999998545;14;672
30;11;2025;2025-11-30;rmanera;Alta Producción de Hielo;1935;C02 - Compresor 2 - 127;R01 - Rolitera 1;36018,1;36024,95;6,849999999998545;ROLITO EN BOLSAS 2 KG;336;6,849999999998545;2;672
1;12;2025;2025-12-01;rmanera;Alta Producción de Hielo;1936;C04 - Compresor 4 - 127;R01 - Rolitera 1;5776,42;5788,15;11,729999999999563;ROLITO EN BOLSAS 14 KG;124;11,729999999999563;14;1736
1;12;2025;2025-12-01;rmanera;Alta Producción de Hielo;1936;C04 - Compresor 4 - 127;R01 - Rolitera 1;5776,42;5788,15;11,729999999999563;ROLITO EN BOLSAS 2 KG;433;11,729999999999563;2;866
2;12;2025;2025-12-02;rmanera;Alta Producción de Hielo;1937;C04 - Compresor 4 - 127;R02 - Rolitera 2;0,0;0,0;0,0;ROLITO EN BOLSAS 2 KG;808;0,0;2;1616
2;12;2025;2025-12-02;rmanera;Alta Producción de Hielo;1938;C04 - Compresor 4 - 127;R01 - Rolitera 1;5788,15;5883,51;95,36000000000058;ROLITO EN BOLSAS 14 KG;136;5,509999999999991;14;1904
2;12;2025;2025-12-02;rmanera;Alta Producción de Hielo;1938;C04 - Compresor 4 - 127;R01 - Rolitera 1;5788,15;5883,51;95,36000000000058;ROLITO EN BOLSAS 2 KG;338;5,509999999999991;2;676
2;12;2025;2025-12-02;rmanera;Alta Producción de Hielo;1939;C04 - Compresor 4 - 127;R02 - Rolitera 2;0,0;0,0;0,0;ROLITO EN BOLSAS 14 KG;40;0,0;14;560
2;12;2025;2025-12-02;rmanera;Alta Producción de Hielo;1939;C04 - Compresor 4 - 127;R02 - Rolitera 2;0,0;0,0;0,0;ROLITO EN BOLSAS 2 KG;579;0,0;2;1158
3;12;2025;2025-12-03;rmanera;Alta Producción de Hielo;1940;C04 - Compresor 4 - 127;R01 - Rolitera 1;5803,51;5818,25;14,739999999999782;ROLITO EN BOLSAS 14 KG;60;14,739999999999782;14;840
3;12;2025;2025-12-03;rmanera;Alta Producción de Hielo;1940;C04 - Compresor 4 - 127;R01 - Rolitera 1;5803,51;5818,25;14,739999999999782;ROLITO EN BOLSAS 2 KG;1244;14,739999999999782;2;2488
3;12;2025;2025-12-03;rmanera;Alta Producción de Hielo;1941;C04 - Compresor 4 - 127;R02 - Rolitera 2;0,0;0,0;0,0;ROLITO EN BOLSAS 14 KG;30;0,0;14;420
3;12;2025;2025-12-03;rmanera;Alta Producción de Hielo;1941;C04 - Compresor 4 - 127;R02 - Rolitera 2;0,0;0,0;0,0;ROLITO EN BOLSAS 2 KG;551;0,0;2;1102
7;12;2025;2025-12-07;rmanera;Alta Producción de Hielo;1942;C04 - Compresor 4 - 127;R01 - Rolitera 1;5818,75;5834,38;15,63000000000011;ROLITO EN BOLSAS 14 KG;132;15,63000000000011;14;1848
7;12;2025;2025-12-07;rmanera;Alta Producción de Hielo;1942;C04 - Compresor 4 - 127;R01 - Rolitera 1;5818,75;5834,38;15,63000000000011;ROLITO EN BOLSAS 2 KG;939;15,63000000000011;2;1878
4;12;2025;2025-12-04;rmanera;Alta Producción de Hielo;1943;C04 - Compresor 4 - 127;R02 - Rolitera 2;0,0;0,0;0,0;ROLITO EN BOLSAS 14 KG;11;0,0;14;154
4;12;2025;2025-12-04;rmanera;Alta Producción de Hielo;1943;C04 - Compresor 4 - 127;R02 - Rolitera 2;0,0;0,0;0,0;ROLITO EN BOLSAS 2 KG;430;0,0;2;860
5;12;2025;2025-12-05;rmanera;Alta Producción de Hielo;1944;C04 - Compresor 4 - 127;R01 - Rolitera 1;5834,38;5850,32;15,9399999999996;ROLITO EN BOLSAS 14 KG;89;15,9399999999996;14;1246
5;12;2025;2025-12-05;rmanera;Alta Producción de Hielo;1944;C04 - Compresor 4 - 127;R01 - Rolitera 1;5834,38;5850,32;15,9399999999996;ROLITO EN BOLSAS 2 KG;818;15,9399999999996;2;1636
5;12;2025;2025-12-05;rmanera;Alta Producción de Hielo;1944;C04 - Compresor 4 - 127;R01 - Rolitera 1;5834,38;5850,32;15,9399999999996;ROLITO EN BOLSAS 4 KG;160;15,9399999999996;4;640
5;12;2025;2025-12-05;rmanera;Alta Producción de Hielo;1944;C04 - Compresor 4 - 127;R01 - Rolitera 1;5834,38;5850,32;15,9399999999996;ROLITO EN BOLSAS 7 KG;33;15,9399999999996;7;231
5;12;2025;2025-12-05;rmanera;Alta Producción de Hielo;1945;C04 - Compresor 4 - 127;R02 - Rolitera 2;0,0;0,0;0,0;ROLITO EN BOLSAS 2 KG;693;0,0;2;1386
6;12;2025;2025-12-06;rmanera;Alta Producción de Hielo;1946;C04 - Compresor 4 - 127;R01 - Rolitera 1;5850,32;5854,22;3,9000000000005457;ROLITO EN BOLSAS 14 KG;45;3,9000000000005457;14;630
6;12;2025;2025-12-06;rmanera;Alta Producción de Hielo;1946;C04 - Compresor 4 - 127;R01 - Rolitera 1;5850,32;5854,22;3,9000000000005457;ROLITO EN BOLSAS 2 KG;152;3,9000000000005457;2;304
6;12;2025;2025-12-06;rmanera;Alta Producción de Hielo;1946;C04 - Compresor 4 - 127;R01 - Rolitera 1;5850,32;5854,22;3,9000000000005457;ROLITO EN BOLSAS 7 KG;1;3,9000000000005457;7;7
6;12;2025;2025-12-06;rmanera;Alta Producción de Hielo;1947;C04 - Compresor 4 - 127;R02 - Rolitera 2;0,0;0,0;0,0;ROLITO EN BOLSAS 2 KG;129;0,0;2;258
6;12;2025;2025-12-06;rmanera;Alta Producción de Hielo;1948;C04 - Compresor 4 - 127;R01 - Rolitera 1;5854,22;5857,81;3,5900000000001455;ROLITO EN BOLSAS 14 KG;40;3,5900000000001455;14;560
6;12;2025;2025-12-06;rmanera;Alta Producción de Hielo;1948;C04 - Compresor 4 - 127;R01 - Rolitera 1;5854,22;5857,81;3,5900000000001455;ROLITO EN BOLSAS 2 KG;152;3,5900000000001455;2;304
6;12;2025;2025-12-06;rmanera;Alta Producción de Hielo;1949;C04 - Compresor 4 - 127;R02 - Rolitera 2;0,0;0,0;0,0;ROLITO EN BOLSAS 2 KG;125;0,0;2;250
7;12;2025;2025-12-07;rmanera;Alta Producción de Hielo;1950;C02 - Compresor 2 - 127;R01 - Rolitera 1;36024,95;36025,57;0,6200000000026193;ROLITO EN BOLSAS 14 KG;2;0,6200000000026193;14;28
7;12;2025;2025-12-07;rmanera;Alta Producción de Hielo;1951;C04 - Compresor 4 - 127;R01 - Rolitera 1;5857,81;5863,41;5,599999999999454;ROLITO EN BOLSAS 14 KG;92;5,599999999999454;14;1288
7;12;2025;2025-12-07;rmanera;Alta Producción de Hielo;1951;C04 - Compresor 4 - 127;R01 - Rolitera 1;5857,81;5863,41;5,599999999999454;ROLITO EN BOLSAS 2 KG;113;5,599999999999454;2;226
8;12;2025;2025-12-08;rmanera;Alta Producción de Hielo;1952;C04 - Compresor 4 - 127;R01 - Rolitera 1;5863,41;5878,27;14,860000000000582;ROLITO EN BOLSAS 14 KG;127;14,860000000000582;14;1778
8;12;2025;2025-12-08;rmanera;Alta Producción de Hielo;1952;C04 - Compresor 4 - 127;R01 - Rolitera 1;5863,41;5878,27;14,860000000000582;ROLITO EN BOLSAS 2 KG;927;14,860000000000582;2;1854
8;12;2025;2025-12-08;rmanera;Alta Producción de Hielo;1953;C04 - Compresor 4 - 127;R02 - Rolitera 2;0,0;0,0;0,0;ROLITO EN BOLSAS 2 KG;522;0,0;2;1044
9;12;2025;2025-12-09;rmanera;Alta Producción de Hielo;1954;C04 - Compresor 4 - 127;R01 - Rolitera 1;5878,27;5893,62;15,349999999999454;ROLITO EN BOLSAS 14 KG;59;15,349999999999454;14;826
9;12;2025;2025-12-09;rmanera;Alta Producción de Hielo;1954;C04 - Compresor 4 - 127;R01 - Rolitera 1;5878,27;5893,62;15,349999999999454;ROLITO EN BOLSAS 2 KG;1199;15,349999999999454;2;2398
9;12;2025;2025-12-09;rmanera;Alta Producción de Hielo;1954;C04 - Compresor 4 - 127;R01 - Rolitera 1;5878,27;5893,62;15,349999999999454;ROLITO EN BOLSAS 7 KG;16;15,349999999999454;7;112
9;12;2025;2025-12-09;rmanera;Alta Producción de Hielo;1955;C04 - Compresor 4 - 127;R02 - Rolitera 2;0,0;0,0;0,0;ROLITO EN BOLSAS 2 KG;675;0,0;2;1350
10;12;2025;2025-12-10;rmanera;Alta Producción de Hielo;1956;C04 - Compresor 4 - 127;R01 - Rolitera 1;5893,67;5909,12;15,449999999999818;ROLITO EN BOLSAS 14 KG;108;15,449999999999818;14;1512
10;12;2025;2025-12-10;rmanera;Alta Producción de Hielo;1956;C04 - Compresor 4 - 127;R01 - Rolitera 1;5893,67;5909,12;15,449999999999818;ROLITO EN BOLSAS 2 KG;982;15,449999999999818;2;1964
10;12;2025;2025-12-10;rmanera;Alta Producción de Hielo;1957;C04 - Compresor 4 - 127;R02 - Rolitera 2;0,0;0,0;0,0;ROLITO EN BOLSAS 14 KG;7;0,0;14;98
10;12;2025;2025-12-10;rmanera;Alta Producción de Hielo;1957;C04 - Compresor 4 - 127;R02 - Rolitera 2;0,0;0,0;0,0;ROLITO EN BOLSAS 2 KG;647;0,0;2;1294
10;12;2025;2025-12-10;rmanera;Alta Producción de Hielo;1957;C04 - Compresor 4 - 127;R02 - Rolitera 2;0,0;0,0;0,0;ROLITO EN BOLSAS 4 KG;5;0,0;4;20
11;12;2025;2025-12-11;rmanera;Alta Producción de Hielo;1958;C04 - Compresor 4 - 127;R01 - Rolitera 1;5909,12;5924,4;15,279999999999745;ROLITO EN BOLSAS 14 KG;96;15,279999999999745;14;1344
11;12;2025;2025-12-11;rmanera;Alta Producción de Hielo;1958;C04 - Compresor 4 - 127;R01 - Rolitera 1;5909,12;5924,4;15,279999999999745;ROLITO EN BOLSAS 2 KG;1243;15,279999999999745;2;2486
11;12;2025;2025-12-11;rmanera;Alta Producción de Hielo;1959;C04 - Compresor 4 - 127;R02 - Rolitera 2;0,0;0,0;0,0;ROLITO EN BOLSAS 14 KG;19;0,0;14;266
11;12;2025;2025-12-11;rmanera;Alta Producción de Hielo;1959;C04 - Compresor 4 - 127;R02 - Rolitera 2;0,0;0,0;0,0;ROLITO EN BOLSAS 2 KG;69;0,0;2;138
12;12;2025;2025-12-12;rmanera;Alta Producción de Hielo;1960;C04 - Compresor 4 - 127;R01 - Rolitera 1;5924,4;5939,56;15,160000000000764;ROLITO EN BOLSAS 14 KG;32;15,160000000000764;14;448
12;12;2025;2025-12-12;rmanera;Alta Producción de Hielo;1960;C04 - Compresor 4 - 127;R01 - Rolitera 1;5924,4;5939,56;15,160000000000764;ROLITO EN BOLSAS 2 KG;1592;15,160000000000764;2;3184
12;12;2025;2025-12-12;rmanera;Alta Producción de Hielo;1960;C04 - Compresor 4 - 127;R01 - Rolitera 1;5924,4;5939,56;15,160000000000764;ROLITO EN BOLSAS 7 KG;17;15,160000000000764;7;119
12;12;2025;2025-12-12;rmanera;Alta Producción de Hielo;1961;C04 - Compresor 4 - 127;R02 - Rolitera 2;0,0;0,0;0,0;ROLITO EN BOLSAS 14 KG;9;0,0;14;126
12;12;2025;2025-12-12;rmanera;Alta Producción de Hielo;1961;C04 - Compresor 4 - 127;R02 - Rolitera 2;0,0;0,0;0,0;ROLITO EN BOLSAS 2 KG;9;0,0;2;18
13;12;2025;2025-12-13;rmanera;Alta Producción de Hielo;1962;C04 - Compresor 4 - 127;R01 - Rolitera 1;5939,56;5954,76;15,199999999999818;ROLITO EN BOLSAS 14 KG;190;15,199999999999818;14;2660
13;12;2025;2025-12-13;rmanera;Alta Producción de Hielo;1962;C04 - Compresor 4 - 127;R01 - Rolitera 1;5939,56;5954,76;15,199999999999818;ROLITO EN BOLSAS 2 KG;372;15,199999999999818;2;744
13;12;2025;2025-12-13;rmanera;Alta Producción de Hielo;1962;C04 - Compresor 4 - 127;R01 - Rolitera 1;5939,56;5954,76;15,199999999999818;ROLITO EN BOLSAS 4 KG;66;15,199999999999818;4;264
13;12;2025;2025-12-13;rmanera;Alta Producción de Hielo;1962;C04 - Compresor 4 - 127;R01 - Rolitera 1;5939,56;5954,76;15,199999999999818;ROLITO EN BOLSAS 7 KG;33;15,199999999999818;7;231
13;12;2025;2025-12-13;rmanera;Alta Producción de Hielo;1963;C04 - Compresor 4 - 127;R02 - Rolitera 2;0,0;0,0;0,0;ROLITO EN BOLSAS 2 KG;577;0,0;2;1154
14;12;2025;2025-12-14;rmanera;Alta Producción de Hielo;1964;C04 - Compresor 4 - 127;R01 - Rolitera 1;5958,23;5965,6;7,3700000000008;ROLITO EN BOLSAS 2 KG;162;7,3700000000008;2;324
14;12;2025;2025-12-14;rmanera;Alta Producción de Hielo;1965;C04 - Compresor 4 - 127;R01 - Rolitera 1;5954,76;5958,23;3,469999999999345;ROLITO EN BOLSAS 2 KG;70;3,469999999999345;2;140
15;12;2025;2025-12-15;rmanera;Alta Producción de Hielo;1966;C04 - Compresor 4 - 127;R01 - Rolitera 1;5965,6;5981,36;15,759999999999309;ROLITO EN BOLSAS 14 KG;190;15,759999999999309;14;2660
15;12;2025;2025-12-15;rmanera;Alta Producción de Hielo;1966;C04 - Compresor 4 - 127;R01 - Rolitera 1;5965,6;5981,36;15,759999999999309;ROLITO EN BOLSAS 2 KG;367;15,759999999999309;2;734
15;12;2025;2025-12-15;rmanera;Alta Producción de Hielo;1966;C04 - Compresor 4 - 127;R01 - Rolitera 1;5965,6;5981,36;15,759999999999309;ROLITO EN BOLSAS 7 KG;15;15,759999999999309;7;105
15;12;2025;2025-12-15;rmanera;Alta Producción de Hielo;1967;C04 - Compresor 4 - 127;R02 - Rolitera 2;0,0;0,0;0,0;ROLITO EN BOLSAS 14 KG;21;0,0;14;294
15;12;2025;2025-12-15;rmanera;Alta Producción de Hielo;1967;C04 - Compresor 4 - 127;R02 - Rolitera 2;0,0;0,0;0,0;ROLITO EN BOLSAS 2 KG;1033;0,0;2;2066
16;12;2025;2025-12-16;rmanera;Alta Producción de Hielo;1968;C04 - Compresor 4 - 127;R01 - Rolitera 1;5981,36;5996,96;15,600000000000364;ROLITO EN BOLSAS 14 KG;69;15,600000000000364;14;966
16;12;2025;2025-12-16;rmanera;Alta Producción de Hielo;1968;C04 - Compresor 4 - 127;R01 - Rolitera 1;5981,36;5996,96;15,600000000000364;ROLITO EN BOLSAS 2 KG;345;15,600000000000364;2;690
16;12;2025;2025-12-16;rmanera;Alta Producción de Hielo;1968;C04 - Compresor 4 - 127;R01 - Rolitera 1;5981,36;5996,96;15,600000000000364;ROLITO EN BOLSAS 4 KG;164;15,600000000000364;4;656
16;12;2025;2025-12-16;rmanera;Alta Producción de Hielo;1968;C04 - Compresor 4 - 127;R01 - Rolitera 1;5981,36;5996,96;15,600000000000364;ROLITO EN BOLSAS 7 KG;169;15,600000000000364;7;1183
16;12;2025;2025-12-16;rmanera;Alta Producción de Hielo;1969;C04 - Compresor 4 - 127;R02 - Rolitera 2;0,0;0,0;0,0;ROLITO EN BOLSAS 14 KG;1;0,0;14;14
16;12;2025;2025-12-16;rmanera;Alta Producción de Hielo;1969;C04 - Compresor 4 - 127;R02 - Rolitera 2;0,0;0,0;0,0;ROLITO EN BOLSAS 2 KG;700;0,0;2;1400
16;12;2025;2025-12-16;rmanera;Alta Producción de Hielo;1969;C04 - Compresor 4 - 127;R02 - Rolitera 2;0,0;0,0;0,0;ROLITO EN BOLSAS 4 KG;239;0,0;4;956
16;12;2025;2025-12-16;rmanera;Alta Producción de Hielo;1969;C04 - Compresor 4 - 127;R02 - Rolitera 2;0,0;0,0;0,0;ROLITO EN BOLSAS 7 KG;21;0,0;7;147
17;12;2025;2025-12-17;rmanera;Alta Producción de Hielo;1970;C04 - Compresor 4 - 127;R01 - Rolitera 1;5996,96;6012,47;15,510000000000218;ROLITO EN BOLSAS 14 KG;175;15,510000000000218;14;2450
17;12;2025;2025-12-17;rmanera;Alta Producción de Hielo;1970;C04 - Compresor 4 - 127;R01 - Rolitera 1;5996,96;6012,47;15,510000000000218;ROLITO EN BOLSAS 2 KG;674;15,510000000000218;2;1348
17;12;2025;2025-12-17;rmanera;Alta Producción de Hielo;1971;C04 - Compresor 4 - 127;R02 - Rolitera 2;0,0;0,0;0,0;ROLITO EN BOLSAS 14 KG;72;0,0;14;1008
17;12;2025;2025-12-17;rmanera;Alta Producción de Hielo;1971;C04 - Compresor 4 - 127;R02 - Rolitera 2;0,0;0,0;0,0;ROLITO EN BOLSAS 2 KG;817;0,0;2;1634
19;12;2025;2025-12-19;rmanera;Alta Producción de Hielo;1972;C04 - Compresor 4 - 127;R01 - Rolitera 1;6029,01;6044,64;15,63000000000011;ROLITO EN BOLSAS 14 KG;226;15,63000000000011;14;3164
19;12;2025;2025-12-19;rmanera;Alta Producción de Hielo;1972;C04 - Compresor 4 - 127;R01 - Rolitera 1;6029,01;6044,64;15,63000000000011;ROLITO EN BOLSAS 2 KG;367;15,63000000000011;2;734
19;12;2025;2025-12-19;rmanera;Alta Producción de Hielo;1972;C04 - Compresor 4 - 127;R01 - Rolitera 1;6029,01;6044,64;15,63000000000011;ROLITO EN BOLSAS 7 KG;1;15,63000000000011;7;7
19;12;2025;2025-12-19;rmanera;Alta Producción de Hielo;1973;C04 - Compresor 4 - 127;R02 - Rolitera 2;0,0;0,0;0,0;ROLITO EN BOLSAS 14 KG;59;0,0;14;826
19;12;2025;2025-12-19;rmanera;Alta Producción de Hielo;1973;C04 - Compresor 4 - 127;R02 - Rolitera 2;0,0;0,0;0,0;ROLITO EN BOLSAS 2 KG;362;0,0;2;724
20;12;2025;2025-12-20;rmanera;Alta Producción de Hielo;1974;C04 - Compresor 4 - 127;R01 - Rolitera 1;6048,24;6055,48;7,239999999999782;ROLITO EN BOLSAS 14 KG;29;7,239999999999782;14;406
20;12;2025;2025-12-20;rmanera;Alta Producción de Hielo;1974;C04 - Compresor 4 - 127;R01 - Rolitera 1;6048,24;6055,48;7,239999999999782;ROLITO EN BOLSAS 2 KG;514;7,239999999999782;2;1028
20;12;2025;2025-12-20;rmanera;Alta Producción de Hielo;1975;C04 - Compresor 4 - 127;R02 - Rolitera 2;0,0;0,0;0,0;ROLITO EN BOLSAS 2 KG;236;0,0;2;472
20;12;2025;2025-12-20;rmanera;Alta Producción de Hielo;1976;C04 - Compresor 4 - 127;R01 - Rolitera 1;6044,64;6048,24;3,5999999999994543;ROLITO EN BOLSAS 14 KG;19;3,5999999999994543;14;266
20;12;2025;2025-12-20;rmanera;Alta Producción de Hielo;1976;C04 - Compresor 4 - 127;R01 - Rolitera 1;6044,64;6048,24;3,5999999999994543;ROLITO EN BOLSAS 2 KG;53;3,5999999999994543;2;106
20;12;2025;2025-12-20;rmanera;Alta Producción de Hielo;1976;C04 - Compresor 4 - 127;R01 - Rolitera 1;6044,64;6048,24;3,5999999999994543;ROLITO EN BOLSAS 7 KG;53;3,5999999999994543;7;371
20;12;2025;2025-12-20;rmanera;Alta Producción de Hielo;1977;C04 - Compresor 4 - 127;R02 - Rolitera 2;0,0;0,0;0,0;ROLITO EN BOLSAS 14 KG;23;0,0;14;322
20;12;2025;2025-12-20;rmanera;Alta Producción de Hielo;1977;C04 - Compresor 4 - 127;R02 - Rolitera 2;0,0;0,0;0,0;ROLITO EN BOLSAS 2 KG;189;0,0;2;378
21;12;2025;2025-12-21;rmanera;Alta Producción de Hielo;1978;C04 - Compresor 4 - 127;R01 - Rolitera 1;6058,67;6065,21;6,539999999999964;ROLITO EN BOLSAS 14 KG;30;6,539999999999964;14;420
21;12;2025;2025-12-21;rmanera;Alta Producción de Hielo;1978;C04 - Compresor 4 - 127;R01 - Rolitera 1;6058,67;6065,21;6,539999999999964;ROLITO EN BOLSAS 2 KG;403;6,539999999999964;2;806
21;12;2025;2025-12-21;rmanera;Alta Producción de Hielo;1979;C04 - Compresor 4 - 127;R01 - Rolitera 1;6055,48;6058,67;3,1900000000005093;ROLITO EN BOLSAS 2 KG;62;3,1900000000005093;2;124
22;12;2025;2025-12-22;rmanera;Alta Producción de Hielo;1980;C04 - Compresor 4 - 127;R01 - Rolitera 1;6065,21;6081,08;15,86999999999989;ROLITO EN BOLSAS 14 KG;100;15,86999999999989;14;1400
22;12;2025;2025-12-22;rmanera;Alta Producción de Hielo;1980;C04 - Compresor 4 - 127;R01 - Rolitera 1;6065,21;6081,08;15,86999999999989;ROLITO EN BOLSAS 2 KG;892;15,86999999999989;2;1784
22;12;2025;2025-12-22;rmanera;Alta Producción de Hielo;1980;C04 - Compresor 4 - 127;R01 - Rolitera 1;6065,21;6081,08;15,86999999999989;ROLITO EN BOLSAS 7 KG;16;15,86999999999989;7;112
22;12;2025;2025-12-22;rmanera;Alta Producción de Hielo;1981;C04 - Compresor 4 - 127;R02 - Rolitera 2;0,0;0,0;0,0;ROLITO EN BOLSAS 14 KG;47;0,0;14;658
22;12;2025;2025-12-22;rmanera;Alta Producción de Hielo;1981;C04 - Compresor 4 - 127;R02 - Rolitera 2;0,0;0,0;0,0;ROLITO EN BOLSAS 2 KG;552;0,0;2;1104
23;12;2025;2025-12-23;rmanera;Alta Producción de Hielo;1982;C04 - Compresor 4 - 127;R01 - Rolitera 1;6081,08;6095,89;14,8100000000004;ROLITO EN BOLSAS 14 KG;119;14,8100000000004;14;1666
23;12;2025;2025-12-23;rmanera;Alta Producción de Hielo;1982;C04 - Compresor 4 - 127;R01 - Rolitera 1;6081,08;6095,89;14,8100000000004;ROLITO EN BOLSAS 2 KG;483;14,8100000000004;2;966
23;12;2025;2025-12-23;rmanera;Alta Producción de Hielo;1982;C04 - Compresor 4 - 127;R01 - Rolitera 1;6081,08;6095,89;14,8100000000004;ROLITO EN BOLSAS 7 KG;12;14,8100000000004;7;84
23;12;2025;2025-12-23;rmanera;Alta Producción de Hielo;1983;C04 - Compresor 4 - 127;R02 - Rolitera 2;0,0;0,0;0,0;ROLITO EN BOLSAS 14 KG;60;0,0;14;840
23;12;2025;2025-12-23;rmanera;Alta Producción de Hielo;1983;C04 - Compresor 4 - 127;R02 - Rolitera 2;0,0;0,0;0,0;ROLITO EN BOLSAS 2 KG;822;0,0;2;1644
24;12;2025;2025-12-24;rmanera;Alta Producción de Hielo;1984;C04 - Compresor 4 - 127;R01 - Rolitera 1;6095,89;6104,8;8,909999999999854;ROLITO EN BOLSAS 14 KG;50;8,909999999999854;14;700
24;12;2025;2025-12-24;rmanera;Alta Producción de Hielo;1984;C04 - Compresor 4 - 127;R01 - Rolitera 1;6095,89;6104,8;8,909999999999854;ROLITO EN BOLSAS 2 KG;540;8,909999999999854;2;1080
24;12;2025;2025-12-24;rmanera;Alta Producción de Hielo;1985;C04 - Compresor 4 - 127;R02 - Rolitera 2;0,0;0,0;0,0;ROLITO EN BOLSAS 14 KG;48;0,0;14;672
24;12;2025;2025-12-24;rmanera;Alta Producción de Hielo;1985;C04 - Compresor 4 - 127;R02 - Rolitera 2;0,0;0,0;0,0;ROLITO EN BOLSAS 2 KG;494;0,0;2;988
26;12;2025;2025-12-26;mreinero;Alta Producción de Hielo;1986;C04 - Compresor 4 - 127;R01 - Rolitera 1;6104,8;6120,31;15,510000000000218;ROLITO EN BOLSAS 14 KG;75;15,510000000000218;14;1050
26;12;2025;2025-12-26;mreinero;Alta Producción de Hielo;1986;C04 - Compresor 4 - 127;R01 - Rolitera 1;6104,8;6120,31;15,510000000000218;ROLITO EN BOLSAS 2 KG;651;15,510000000000218;2;1302
26;12;2025;2025-12-26;mreinero;Alta Producción de Hielo;1986;C04 - Compresor 4 - 127;R01 - Rolitera 1;6104,8;6120,31;15,510000000000218;ROLITO EN BOLSAS 7 KG;115;15,510000000000218;7;805
26;12;2025;2025-12-26;mreinero;Alta Producción de Hielo;1987;C04 - Compresor 4 - 127;R02 - Rolitera 2;0,0;0,0;0,0;ROLITO EN BOLSAS 14 KG;12;0,0;14;168
26;12;2025;2025-12-26;mreinero;Alta Producción de Hielo;1987;C04 - Compresor 4 - 127;R02 - Rolitera 2;0,0;0,0;0,0;ROLITO EN BOLSAS 2 KG;1015;0,0;2;2030
27;12;2025;2025-12-27;mreinero;Alta Producción de Hielo;1988;C04 - Compresor 4 - 127;R01 - Rolitera 1;6120,21;6129,08;8,86999999999989;ROLITO EN BOLSAS 14 KG;34;8,86999999999989;14;476
27;12;2025;2025-12-27;mreinero;Alta Producción de Hielo;1988;C04 - Compresor 4 - 127;R01 - Rolitera 1;6120,21;6129,08;8,86999999999989;ROLITO EN BOLSAS 2 KG;94;8,86999999999989;2;188
27;12;2025;2025-12-27;mreinero;Alta Producción de Hielo;1988;C04 - Compresor 4 - 127;R01 - Rolitera 1;6120,21;6129,08;8,86999999999989;ROLITO EN BOLSAS 4 KG;31;8,86999999999989;4;124
27;12;2025;2025-12-27;mreinero;Alta Producción de Hielo;1988;C04 - Compresor 4 - 127;R01 - Rolitera 1;6120,21;6129,08;8,86999999999989;ROLITO EN BOLSAS 7 KG;119;8,86999999999989;7;833
27;12;2025;2025-12-27;mreinero;Alta Producción de Hielo;1989;C04 - Compresor 4 - 127;R02 - Rolitera 2;0,0;0,0;0,0;ROLITO EN BOLSAS 14 KG;109;0,0;14;1526
27;12;2025;2025-12-27;mreinero;Alta Producción de Hielo;1989;C04 - Compresor 4 - 127;R02 - Rolitera 2;0,0;0,0;0,0;ROLITO EN BOLSAS 2 KG;239;0,0;2;478
27;12;2025;2025-12-27;mreinero;Alta Producción de Hielo;1990;C02 - Compresor 2 - 127;R01 - Rolitera 1;36025,57;36031,4;5,830000000001746;ROLITO EN BOLSAS 2 KG;498;5,830000000001746;2;996
28;12;2025;2025-12-28;mreinero;Alta Producción de Hielo;1991;C02 - Compresor 2 - 127;R01 - Rolitera 1;36031,4;36042,47;11,069999999999709;ROLITO EN BOLSAS 2 KG;887;11,069999999999709;2;1774
31;12;2025;2025-12-31;rmanera;Alta Producción de Hielo;1992;C04 - Compresor 4 - 127;R01 - Rolitera 1;6177,01;6285,69;108,67999999999938;ROLITO EN BOLSAS 14 KG;49;5,509999999999991;14;686
31;12;2025;2025-12-31;rmanera;Alta Producción de Hielo;1992;C04 - Compresor 4 - 127;R01 - Rolitera 1;6177,01;6285,69;108,67999999999938;ROLITO EN BOLSAS 2 KG;732;5,509999999999991;2;1464
31;12;2025;2025-12-31;rmanera;Alta Producción de Hielo;1992;C04 - Compresor 4 - 127;R01 - Rolitera 1;6177,01;6285,69;108,67999999999938;ROLITO EN BOLSAS 4 KG;32;5,509999999999991;4;128
31;12;2025;2025-12-31;rmanera;Alta Producción de Hielo;1993;C04 - Compresor 4 - 127;R02 - Rolitera 2;0,0;0,0;0,0;ROLITO EN BOLSAS 14 KG;13;0,0;14;182
31;12;2025;2025-12-31;rmanera;Alta Producción de Hielo;1993;C04 - Compresor 4 - 127;R02 - Rolitera 2;0,0;0,0;0,0;ROLITO EN BOLSAS 2 KG;511;0,0;2;1022
31;12;2025;2025-12-31;rmanera;Alta Producción de Hielo;1994;C04 - Compresor 4 - 127;R01 - Rolitera 1;6153,03;6177,01;23,980000000000473;ROLITO EN BOLSAS 14 KG;268;23,980000000000473;14;3752
31;12;2025;2025-12-31;rmanera;Alta Producción de Hielo;1994;C04 - Compresor 4 - 127;R01 - Rolitera 1;6153,03;6177,01;23,980000000000473;ROLITO EN BOLSAS 2 KG;381;23,980000000000473;2;762
31;12;2025;2025-12-31;rmanera;Alta Producción de Hielo;1994;C04 - Compresor 4 - 127;R01 - Rolitera 1;6153,03;6177,01;23,980000000000473;ROLITO EN BOLSAS 7 KG;26;23,980000000000473;7;182
30;12;2025;2025-12-30;rmanera;Alta Producción de Hielo;1995;C04 - Compresor 4 - 127;R02 - Rolitera 2;0,0;0,0;0,0;ROLITO EN BOLSAS 14 KG;211;0,0;14;2954
30;12;2025;2025-12-30;rmanera;Alta Producción de Hielo;1995;C04 - Compresor 4 - 127;R02 - Rolitera 2;0,0;0,0;0,0;ROLITO EN BOLSAS 2 KG;912;0,0;2;1824
29;12;2025;2025-12-29;rmanera;Alta Producción de Hielo;1996;C04 - Compresor 4 - 127;R01 - Rolitera 1;6129,08;6153,32;24,23999999999978;ROLITO EN BOLSAS 14 KG;160;24,23999999999978;14;2240
29;12;2025;2025-12-29;rmanera;Alta Producción de Hielo;1996;C04 - Compresor 4 - 127;R01 - Rolitera 1;6129,08;6153,32;24,23999999999978;ROLITO EN BOLSAS 2 KG;1194;24,23999999999978;2;2388
29;12;2025;2025-12-29;rmanera;Alta Producción de Hielo;1996;C04 - Compresor 4 - 127;R01 - Rolitera 1;6129,08;6153,32;24,23999999999978;ROLITO EN BOLSAS 7 KG;52;24,23999999999978;7;364
29;12;2025;2025-12-29;rmanera;Alta Producción de Hielo;1997;C04 - Compresor 4 - 127;R02 - Rolitera 2;0,0;0,0;0,0;ROLITO EN BOLSAS 14 KG;35;0,0;14;490
29;12;2025;2025-12-29;rmanera;Alta Producción de Hielo;1997;C04 - Compresor 4 - 127;R02 - Rolitera 2;0,0;0,0;0,0;ROLITO EN BOLSAS 2 KG;1171;0,0;2;2342
29;12;2025;2025-12-29;rmanera;Alta Producción de Hielo;1997;C04 - Compresor 4 - 127;R02 - Rolitera 2;0,0;0,0;0,0;ROLITO EN BOLSAS 4 KG;75;0,0;4;300
2;1;2026;2026-01-02;rmanera;Alta Producción de Hielo;1998;C04 - Compresor 4 - 127;R01 - Rolitera 1;6185,69;6196,24;10,550000000000182;ROLITO EN BOLSAS 14 KG;50;10,550000000000182;14;700
2;1;2026;2026-01-02;rmanera;Alta Producción de Hielo;1998;C04 - Compresor 4 - 127;R01 - Rolitera 1;6185,69;6196,24;10,550000000000182;ROLITO EN BOLSAS 2 KG;498;10,550000000000182;2;996
2;1;2026;2026-01-02;rmanera;Alta Producción de Hielo;1998;C04 - Compresor 4 - 127;R01 - Rolitera 1;6185,69;6196,24;10,550000000000182;ROLITO EN BOLSAS 4 KG;33;10,550000000000182;4;132
2;1;2026;2026-01-02;rmanera;Alta Producción de Hielo;1998;C04 - Compresor 4 - 127;R01 - Rolitera 1;6185,69;6196,24;10,550000000000182;ROLITO EN BOLSAS 7 KG;34;10,550000000000182;7;238
2;1;2026;2026-01-02;rmanera;Alta Producción de Hielo;1999;C04 - Compresor 4 - 127;R01 - Rolitera 1;0,0;0,0;0,0;ROLITO EN BOLSAS 2 KG;903;5,509999999999991;2;1806
3;1;2026;2026-01-03;rmanera;Alta Producción de Hielo;2000;C04 - Compresor 4 - 127;R01 - Rolitera 1;6196,24;6219,71;23,470000000000255;ROLITO EN BOLSAS 14 KG;212;23,470000000000255;14;2968
3;1;2026;2026-01-03;rmanera;Alta Producción de Hielo;2000;C04 - Compresor 4 - 127;R01 - Rolitera 1;6196,24;6219,71;23,470000000000255;ROLITO EN BOLSAS 2 KG;1122;23,470000000000255;2;2244
3;1;2026;2026-01-03;rmanera;Alta Producción de Hielo;2001;C04 - Compresor 4 - 127;R02 - Rolitera 2;0,0;0,0;0,0;ROLITO EN BOLSAS 14 KG;21;0,0;14;294
3;1;2026;2026-01-03;rmanera;Alta Producción de Hielo;2001;C04 - Compresor 4 - 127;R02 - Rolitera 2;0,0;0,0;0,0;ROLITO EN BOLSAS 2 KG;1445;0,0;2;2890
4;1;2026;2026-01-04;rmanera;Alta Producción de Hielo;2002;C04 - Compresor 4 - 127;R01 - Rolitera 1;6219,71;6231,23;11,519999999999527;ROLITO EN BOLSAS 14 KG;53;11,519999999999527;14;742
4;1;2026;2026-01-04;rmanera;Alta Producción de Hielo;2002;C04 - Compresor 4 - 127;R01 - Rolitera 1;6219,71;6231,23;11,519999999999527;ROLITO EN BOLSAS 2 KG;694;11,519999999999527;2;1388
4;1;2026;2026-01-04;rmanera;Alta Producción de Hielo;2002;C04 - Compresor 4 - 127;R01 - Rolitera 1;6219,71;6231,23;11,519999999999527;ROLITO EN BOLSAS 7 KG;34;11,519999999999527;7;238
4;1;2026;2026-01-04;rmanera;Alta Producción de Hielo;2003;C04 - Compresor 4 - 127;R02 - Rolitera 2;0,0;0,0;0,0;ROLITO EN BOLSAS 2 KG;1076;0,0;2;2152
4;1;2026;2026-01-04;rmanera;Alta Producción de Hielo;2003;C04 - Compresor 4 - 127;R02 - Rolitera 2;0,0;0,0;0,0;ROLITO EN BOLSAS 4 KG;77;0,0;4;308
5;1;2026;2026-01-05;rmanera;Alta Producción de Hielo;2004;C04 - Compresor 4 - 127;R01 - Rolitera 1;6231,23;6242,44;11,210000000000036;ROLITO EN BOLSAS 14 KG;41;11,210000000000036;14;574
5;1;2026;2026-01-05;rmanera;Alta Producción de Hielo;2004;C04 - Compresor 4 - 127;R01 - Rolitera 1;6231,23;6242,44;11,210000000000036;ROLITO EN BOLSAS 2 KG;799;11,210000000000036;2;1598
5;1;2026;2026-01-05;rmanera;Alta Producción de Hielo;2005;C04 - Compresor 4 - 127;R02 - Rolitera 2;0,0;0,0;0,0;ROLITO EN BOLSAS 14 KG;12;0,0;14;168
5;1;2026;2026-01-05;rmanera;Alta Producción de Hielo;2005;C04 - Compresor 4 - 127;R02 - Rolitera 2;0,0;0,0;0,0;ROLITO EN BOLSAS 2 KG;1084;0,0;2;2168
6;1;2026;2026-01-06;rmanera;Alta Producción de Hielo;2006;C04 - Compresor 4 - 127;R01 - Rolitera 1;6242,44;6253,56;11,1200000000008;ROLITO EN BOLSAS 2 KG;1029;11,1200000000008;2;2058
6;1;2026;2026-01-06;rmanera;Alta Producción de Hielo;2007;C04 - Compresor 4 - 127;R02 - Rolitera 2;0,0;0,0;0,0;ROLITO EN BOLSAS 2 KG;1129;0,0;2;2258
7;1;2026;2026-01-07;rmanera;Alta Producción de Hielo;2008;C04 - Compresor 4 - 127;R01 - Rolitera 1;6253,56;6263,66;10,099999999999454;ROLITO EN BOLSAS 14 KG;20;10,099999999999454;14;280
7;1;2026;2026-01-07;rmanera;Alta Producción de Hielo;2008;C04 - Compresor 4 - 127;R01 - Rolitera 1;6253,56;6263,66;10,099999999999454;ROLITO EN BOLSAS 2 KG;607;10,099999999999454;2;1214
7;1;2026;2026-01-07;rmanera;Alta Producción de Hielo;2008;C04 - Compresor 4 - 127;R01 - Rolitera 1;6253,56;6263,66;10,099999999999454;ROLITO EN BOLSAS 4 KG;64;10,099999999999454;4;256
7;1;2026;2026-01-07;rmanera;Alta Producción de Hielo;2009;C04 - Compresor 4 - 127;R02 - Rolitera 2;0,0;0,0;0,0;ROLITO EN BOLSAS 2 KG;984;0,0;2;1968
8;1;2026;2026-01-08;rmanera;Alta Producción de Hielo;2010;C04 - Compresor 4 - 127;R01 - Rolitera 1;6263,66;6279,28;15,61999999999989;ROLITO EN BOLSAS 14 KG;114;15,61999999999989;14;1596
8;1;2026;2026-01-08;rmanera;Alta Producción de Hielo;2010;C04 - Compresor 4 - 127;R01 - Rolitera 1;6263,66;6279,28;15,61999999999989;ROLITO EN BOLSAS 2 KG;793;15,61999999999989;2;1586
8;1;2026;2026-01-08;rmanera;Alta Producción de Hielo;2010;C04 - Compresor 4 - 127;R01 - Rolitera 1;6263,66;6279,28;15,61999999999989;ROLITO EN BOLSAS 4 KG;1;15,61999999999989;4;4
8;1;2026;2026-01-08;rmanera;Alta Producción de Hielo;2011;C04 - Compresor 4 - 127;R02 - Rolitera 2;0,0;0,0;0,0;ROLITO EN BOLSAS 14 KG;98;0,0;14;1372
8;1;2026;2026-01-08;rmanera;Alta Producción de Hielo;2011;C04 - Compresor 4 - 127;R02 - Rolitera 2;0,0;0,0;0,0;ROLITO EN BOLSAS 2 KG;1079;0,0;2;2158
8;1;2026;2026-01-08;rmanera;Alta Producción de Hielo;2011;C04 - Compresor 4 - 127;R02 - Rolitera 2;0,0;0,0;0,0;ROLITO EN BOLSAS 4 KG;1;0,0;4;4
9;1;2026;2026-01-09;rmanera;Alta Producción de Hielo;2012;C04 - Compresor 4 - 127;R01 - Rolitera 1;6279,28;6294,9;15,61999999999989;ROLITO EN BOLSAS 14 KG;95;15,61999999999989;14;1330
9;1;2026;2026-01-09;rmanera;Alta Producción de Hielo;2012;C04 - Compresor 4 - 127;R01 - Rolitera 1;6279,28;6294,9;15,61999999999989;ROLITO EN BOLSAS 2 KG;950;15,61999999999989;2;1900
9;1;2026;2026-01-09;rmanera;Alta Producción de Hielo;2012;C04 - Compresor 4 - 127;R01 - Rolitera 1;6279,28;6294,9;15,61999999999989;ROLITO EN BOLSAS 4 KG;1;15,61999999999989;4;4
9;1;2026;2026-01-09;rmanera;Alta Producción de Hielo;2012;C04 - Compresor 4 - 127;R01 - Rolitera 1;6279,28;6294,9;15,61999999999989;ROLITO EN BOLSAS 7 KG;1;15,61999999999989;7;7
9;1;2026;2026-01-09;rmanera;Alta Producción de Hielo;2013;C04 - Compresor 4 - 127;R02 - Rolitera 2;0,0;0,0;0,0;ROLITO EN BOLSAS 14 KG;72;0,0;14;1008
9;1;2026;2026-01-09;rmanera;Alta Producción de Hielo;2013;C04 - Compresor 4 - 127;R02 - Rolitera 2;0,0;0,0;0,0;ROLITO EN BOLSAS 2 KG;1133;0,0;2;2266
10;1;2026;2026-01-10;rmanera;Alta Producción de Hielo;2014;C04 - Compresor 4 - 127;R01 - Rolitera 1;6098,49;6294,9;196,40999999999985;ROLITO EN BOLSAS 14 KG;49;5,509999999999991;14;686
10;1;2026;2026-01-10;rmanera;Alta Producción de Hielo;2014;C04 - Compresor 4 - 127;R01 - Rolitera 1;6098,49;6294,9;196,40999999999985;ROLITO EN BOLSAS 2 KG;342;5,509999999999991;2;684
10;1;2026;2026-01-10;rmanera;Alta Producción de Hielo;2015;C04 - Compresor 4 - 127;R02 - Rolitera 2;0,0;0,0;0,0;ROLITO EN BOLSAS 14 KG;12;0,0;14;168
10;1;2026;2026-01-10;rmanera;Alta Producción de Hielo;2015;C04 - Compresor 4 - 127;R02 - Rolitera 2;0,0;0,0;0,0;ROLITO EN BOLSAS 2 KG;549;0,0;2;1098
11;1;2026;2026-01-11;rmanera;Alta Producción de Hielo;2016;C04 - Compresor 4 - 127;R01 - Rolitera 1;6301,47;6316,16;14,6899999999996;ROLITO EN BOLSAS 14 KG;197;14,6899999999996;14;2758
11;1;2026;2026-01-11;rmanera;Alta Producción de Hielo;2016;C04 - Compresor 4 - 127;R01 - Rolitera 1;6301,47;6316,16;14,6899999999996;ROLITO EN BOLSAS 2 KG;142;14,6899999999996;2;284
11;1;2026;2026-01-11;rmanera;Alta Producción de Hielo;2017;C04 - Compresor 4 - 127;R02 - Rolitera 2;0,0;0,0;0,0;ROLITO EN BOLSAS 14 KG;202;0,0;14;2828
12;1;2026;2026-01-12;rmanera;Alta Producción de Hielo;2018;C04 - Compresor 4 - 127;R01 - Rolitera 1;6316,16;6331,03;14,86999999999989;ROLITO EN BOLSAS 14 KG;70;14,86999999999989;14;980
12;1;2026;2026-01-12;rmanera;Alta Producción de Hielo;2018;C04 - Compresor 4 - 127;R01 - Rolitera 1;6316,16;6331,03;14,86999999999989;ROLITO EN BOLSAS 2 KG;614;14,86999999999989;2;1228
12;1;2026;2026-01-12;rmanera;Alta Producción de Hielo;2018;C04 - Compresor 4 - 127;R01 - Rolitera 1;6316,16;6331,03;14,86999999999989;ROLITO EN BOLSAS 4 KG;91;14,86999999999989;4;364
12;1;2026;2026-01-12;rmanera;Alta Producción de Hielo;2018;C04 - Compresor 4 - 127;R01 - Rolitera 1;6316,16;6331,03;14,86999999999989;ROLITO EN BOLSAS 7 KG;50;14,86999999999989;7;350
12;1;2026;2026-01-12;rmanera;Alta Producción de Hielo;2019;C04 - Compresor 4 - 127;R02 - Rolitera 2;0,0;0,0;0,0;ROLITO EN BOLSAS 2 KG;1113;0,0;2;2226
13;1;2026;2026-01-13;rmanera;Alta Producción de Hielo;2020;C04 - Compresor 4 - 127;R01 - Rolitera 1;6331,03;6345,55;14,520000000000437;ROLITO EN BOLSAS 14 KG;59;14,520000000000437;14;826
13;1;2026;2026-01-13;rmanera;Alta Producción de Hielo;2020;C04 - Compresor 4 - 127;R01 - Rolitera 1;6331,03;6345,55;14,520000000000437;ROLITO EN BOLSAS 2 KG;681;14,520000000000437;2;1362
13;1;2026;2026-01-13;rmanera;Alta Producción de Hielo;2020;C04 - Compresor 4 - 127;R01 - Rolitera 1;6331,03;6345,55;14,520000000000437;ROLITO EN BOLSAS 4 KG;53;14,520000000000437;4;212
13;1;2026;2026-01-13;rmanera;Alta Producción de Hielo;2020;C04 - Compresor 4 - 127;R01 - Rolitera 1;6331,03;6345,55;14,520000000000437;ROLITO EN BOLSAS 7 KG;34;14,520000000000437;7;238
13;1;2026;2026-01-13;rmanera;Alta Producción de Hielo;2021;C04 - Compresor 4 - 127;R02 - Rolitera 2;0,0;0,0;0,0;ROLITO EN BOLSAS 14 KG;47;0,0;14;658
13;1;2026;2026-01-13;rmanera;Alta Producción de Hielo;2021;C04 - Compresor 4 - 127;R02 - Rolitera 2;0,0;0,0;0,0;ROLITO EN BOLSAS 2 KG;1169;0,0;2;2338
14;1;2026;2026-01-14;rmanera;Alta Producción de Hielo;2022;C04 - Compresor 4 - 127;R01 - Rolitera 1;6345,55;6361,2;15,649999999999636;ROLITO EN BOLSAS 14 KG;75;15,649999999999636;14;1050
14;1;2026;2026-01-14;rmanera;Alta Producción de Hielo;2022;C04 - Compresor 4 - 127;R01 - Rolitera 1;6345,55;6361,2;15,649999999999636;ROLITO EN BOLSAS 2 KG;431;15,649999999999636;2;862
14;1;2026;2026-01-14;rmanera;Alta Producción de Hielo;2022;C04 - Compresor 4 - 127;R01 - Rolitera 1;6345,55;6361,2;15,649999999999636;ROLITO EN BOLSAS 7 KG;129;15,649999999999636;7;903
14;1;2026;2026-01-14;rmanera;Alta Producción de Hielo;2023;C04 - Compresor 4 - 127;R02 - Rolitera 2;0,0;0,0;0,0;ROLITO EN BOLSAS 14 KG;94;0,0;14;1316
14;1;2026;2026-01-14;rmanera;Alta Producción de Hielo;2023;C04 - Compresor 4 - 127;R02 - Rolitera 2;0,0;0,0;0,0;ROLITO EN BOLSAS 2 KG;982;0,0;2;1964
15;1;2026;2026-01-15;rmanera;Alta Producción de Hielo;2024;C04 - Compresor 4 - 127;R01 - Rolitera 1;6361,2;6376,9;15,699999999999818;ROLITO EN BOLSAS 14 KG;128;15,699999999999818;14;1792
15;1;2026;2026-01-15;rmanera;Alta Producción de Hielo;2024;C04 - Compresor 4 - 127;R01 - Rolitera 1;6361,2;6376,9;15,699999999999818;ROLITO EN BOLSAS 2 KG;491;15,699999999999818;2;982
15;1;2026;2026-01-15;rmanera;Alta Producción de Hielo;2024;C04 - Compresor 4 - 127;R01 - Rolitera 1;6361,2;6376,9;15,699999999999818;ROLITO EN BOLSAS 4 KG;97;15,699999999999818;4;388
15;1;2026;2026-01-15;rmanera;Alta Producción de Hielo;2025;C04 - Compresor 4 - 127;R02 - Rolitera 2;0,0;0,0;0,0;ROLITO EN BOLSAS 14 KG;85;0,0;14;1190
15;1;2026;2026-01-15;rmanera;Alta Producción de Hielo;2025;C04 - Compresor 4 - 127;R02 - Rolitera 2;0,0;0,0;0,0;ROLITO EN BOLSAS 2 KG;1101;0,0;2;2202
16;1;2026;2026-01-16;rmanera;Alta Producción de Hielo;2026;C04 - Compresor 4 - 127;R01 - Rolitera 1;6376,9;6386,87;9,970000000000255;ROLITO EN BOLSAS 14 KG;70;9,970000000000255;14;980
16;1;2026;2026-01-16;rmanera;Alta Producción de Hielo;2026;C04 - Compresor 4 - 127;R01 - Rolitera 1;6376,9;6386,87;9,970000000000255;ROLITO EN BOLSAS 2 KG;487;9,970000000000255;2;974
16;1;2026;2026-01-16;rmanera;Alta Producción de Hielo;2027;C04 - Compresor 4 - 127;R02 - Rolitera 2;0,0;0,0;0,0;ROLITO EN BOLSAS 14 KG;8;0,0;14;112
16;1;2026;2026-01-16;rmanera;Alta Producción de Hielo;2027;C04 - Compresor 4 - 127;R02 - Rolitera 2;0,0;0,0;0,0;ROLITO EN BOLSAS 2 KG;926;0,0;2;1852
17;1;2026;2026-01-17;rmanera;Alta Producción de Hielo;2028;C04 - Compresor 4 - 127;R01 - Rolitera 1;6386,87;6397,91;11,039999999999964;ROLITO EN BOLSAS 14 KG;191;11,039999999999964;14;2674
17;1;2026;2026-01-17;rmanera;Alta Producción de Hielo;2028;C04 - Compresor 4 - 127;R01 - Rolitera 1;6386,87;6397,91;11,039999999999964;ROLITO EN BOLSAS 2 KG;171;11,039999999999964;2;342
17;1;2026;2026-01-17;rmanera;Alta Producción de Hielo;2028;C04 - Compresor 4 - 127;R01 - Rolitera 1;6386,87;6397,91;11,039999999999964;ROLITO EN BOLSAS 4 KG;2;11,039999999999964;4;8
17;1;2026;2026-01-17;rmanera;Alta Producción de Hielo;2028;C04 - Compresor 4 - 127;R01 - Rolitera 1;6386,87;6397,91;11,039999999999964;ROLITO EN BOLSAS 7 KG;2;11,039999999999964;7;14
19;1;2026;2026-01-19;rmanera;Alta Producción de Hielo;2029;C04 - Compresor 4 - 127;R01 - Rolitera 1;6397,91;6407,63;9,720000000000255;ROLITO EN BOLSAS 14 KG;61;9,720000000000255;14;854
19;1;2026;2026-01-19;rmanera;Alta Producción de Hielo;2029;C04 - Compresor 4 - 127;R01 - Rolitera 1;6397,91;6407,63;9,720000000000255;ROLITO EN BOLSAS 2 KG;338;9,720000000000255;2;676
19;1;2026;2026-01-19;rmanera;Alta Producción de Hielo;2029;C04 - Compresor 4 - 127;R01 - Rolitera 1;6397,91;6407,63;9,720000000000255;ROLITO EN BOLSAS 7 KG;69;9,720000000000255;7;483
19;1;2026;2026-01-19;rmanera;Alta Producción de Hielo;2030;C04 - Compresor 4 - 127;R02 - Rolitera 2;0,0;0,0;0,0;ROLITO EN BOLSAS 14 KG;32;0,0;14;448
19;1;2026;2026-01-19;rmanera;Alta Producción de Hielo;2030;C04 - Compresor 4 - 127;R02 - Rolitera 2;0,0;0,0;0,0;ROLITO EN BOLSAS 2 KG;743;0,0;2;1486
19;1;2026;2026-01-19;rmanera;Alta Producción de Hielo;2031;C04 - Compresor 4 - 127;R01 - Rolitera 1;36049,09;36050,47;1,3800000000046566;ROLITO EN BOLSAS 2 KG;108;1,3800000000046566;2;216
20;1;2026;2026-01-20;rmanera;Alta Producción de Hielo;2032;C04 - Compresor 4 - 127;R01 - Rolitera 1;6407,63;6418,86;11,229999999999563;ROLITO EN BOLSAS 14 KG;81;11,229999999999563;14;1134
20;1;2026;2026-01-20;rmanera;Alta Producción de Hielo;2032;C04 - Compresor 4 - 127;R01 - Rolitera 1;6407,63;6418,86;11,229999999999563;ROLITO EN BOLSAS 2 KG;399;11,229999999999563;2;798
20;1;2026;2026-01-20;rmanera;Alta Producción de Hielo;2032;C04 - Compresor 4 - 127;R01 - Rolitera 1;6407,63;6418,86;11,229999999999563;ROLITO EN BOLSAS 4 KG;98;11,229999999999563;4;392
20;1;2026;2026-01-20;rmanera;Alta Producción de Hielo;2033;C04 - Compresor 4 - 127;R02 - Rolitera 2;0,0;0,0;0,0;ROLITO EN BOLSAS 14 KG;63;0,0;14;882
20;1;2026;2026-01-20;rmanera;Alta Producción de Hielo;2033;C04 - Compresor 4 - 127;R02 - Rolitera 2;0,0;0,0;0,0;ROLITO EN BOLSAS 2 KG;741;0,0;2;1482
21;1;2026;2026-01-21;rmanera;Alta Producción de Hielo;2034;C04 - Compresor 4 - 127;R01 - Rolitera 1;6418,86;6430,45;11,590000000000146;ROLITO EN BOLSAS 14 KG;160;11,590000000000146;14;2240
21;1;2026;2026-01-21;rmanera;Alta Producción de Hielo;2034;C04 - Compresor 4 - 127;R01 - Rolitera 1;6418,86;6430,45;11,590000000000146;ROLITO EN BOLSAS 2 KG;170;11,590000000000146;2;340
21;1;2026;2026-01-21;rmanera;Alta Producción de Hielo;2035;C04 - Compresor 4 - 127;R02 - Rolitera 2;0,0;0,0;0,0;ROLITO EN BOLSAS 2 KG;1051;0,0;2;2102
22;1;2026;2026-01-22;rmanera;Alta Producción de Hielo;2036;C04 - Compresor 4 - 127;R01 - Rolitera 1;6430,45;6445,56;15,110000000000582;ROLITO EN BOLSAS 14 KG;89;15,110000000000582;14;1246
22;1;2026;2026-01-22;rmanera;Alta Producción de Hielo;2036;C04 - Compresor 4 - 127;R01 - Rolitera 1;6430,45;6445,56;15,110000000000582;ROLITO EN BOLSAS 2 KG;905;15,110000000000582;2;1810
22;1;2026;2026-01-22;rmanera;Alta Producción de Hielo;2036;C04 - Compresor 4 - 127;R01 - Rolitera 1;6430,45;6445,56;15,110000000000582;ROLITO EN BOLSAS 4 KG;32;15,110000000000582;4;128
22;1;2026;2026-01-22;rmanera;Alta Producción de Hielo;2037;C04 - Compresor 4 - 127;R02 - Rolitera 2;6430,45;6446,56;16,110000000000582;ROLITO EN BOLSAS 2 KG;1157;16,110000000000582;2;2314
23;1;2026;2026-01-23;rmanera;Alta Producción de Hielo;2038;C04 - Compresor 4 - 127;R01 - Rolitera 1;6446,56;6456,24;9,679999999999382;ROLITO EN BOLSAS 14 KG;10;9,679999999999382;14;140
23;1;2026;2026-01-23;rmanera;Alta Producción de Hielo;2038;C04 - Compresor 4 - 127;R01 - Rolitera 1;6446,56;6456,24;9,679999999999382;ROLITO EN BOLSAS 2 KG;902;9,679999999999382;2;1804
23;1;2026;2026-01-23;rmanera;Alta Producción de Hielo;2039;C04 - Compresor 4 - 127;R02 - Rolitera 2;0,0;0,0;0,0;ROLITO EN BOLSAS 2 KG;960;0,0;2;1920
24;1;2026;2026-01-24;rmanera;Alta Producción de Hielo;2040;C04 - Compresor 4 - 127;R01 - Rolitera 1;6465,24;6467,75;2,5100000000002183;ROLITO EN BOLSAS 14 KG;171;2,5100000000002183;14;2394
24;1;2026;2026-01-24;rmanera;Alta Producción de Hielo;2040;C04 - Compresor 4 - 127;R01 - Rolitera 1;6465,24;6467,75;2,5100000000002183;ROLITO EN BOLSAS 2 KG;287;2,5100000000002183;2;574
24;1;2026;2026-01-24;rmanera;Alta Producción de Hielo;2041;C04 - Compresor 4 - 127;R02 - Rolitera 2;0,0;0,0;0,0;ROLITO EN BOLSAS 2 KG;134;0,0;2;268
25;1;2026;2026-01-25;rmanera;Alta Producción de Hielo;2042;C02 - Compresor 2 - 127;R01 - Rolitera 1;36050,42;36656,28;605,8600000000006;ROLITO EN BOLSAS 14 KG;78;4,279999999998836;14;1092
26;1;2026;2026-01-26;rmanera;Alta Producción de Hielo;2043;C04 - Compresor 4 - 127;R01 - Rolitera 1;6467,75;6479,19;11,4399999999996;ROLITO EN BOLSAS 14 KG;85;11,4399999999996;14;1190
26;1;2026;2026-01-26;rmanera;Alta Producción de Hielo;2043;C04 - Compresor 4 - 127;R01 - Rolitera 1;6467,75;6479,19;11,4399999999996;ROLITO EN BOLSAS 2 KG;448;11,4399999999996;2;896
26;1;2026;2026-01-26;rmanera;Alta Producción de Hielo;2043;C04 - Compresor 4 - 127;R01 - Rolitera 1;6467,75;6479,19;11,4399999999996;ROLITO EN BOLSAS 4 KG;31;11,4399999999996;4;124
26;1;2026;2026-01-26;rmanera;Alta Producción de Hielo;2044;C04 - Compresor 4 - 127;R02 - Rolitera 2;0,0;0,0;0,0;ROLITO EN BOLSAS 14 KG;24;0,0;14;336
26;1;2026;2026-01-26;rmanera;Alta Producción de Hielo;2044;C04 - Compresor 4 - 127;R02 - Rolitera 2;0,0;0,0;0,0;ROLITO EN BOLSAS 2 KG;989;0,0;2;1978
27;1;2026;2026-01-27;rmanera;Alta Producción de Hielo;2045;C04 - Compresor 4 - 127;R01 - Rolitera 1;6479,19;6489,58;10,390000000000327;ROLITO EN BOLSAS 14 KG;10;10,390000000000327;14;140
27;1;2026;2026-01-27;rmanera;Alta Producción de Hielo;2045;C04 - Compresor 4 - 127;R01 - Rolitera 1;6479,19;6489,58;10,390000000000327;ROLITO EN BOLSAS 2 KG;638;10,390000000000327;2;1276
27;1;2026;2026-01-27;rmanera;Alta Producción de Hielo;2045;C04 - Compresor 4 - 127;R01 - Rolitera 1;6479,19;6489,58;10,390000000000327;ROLITO EN BOLSAS 4 KG;98;10,390000000000327;4;392
27;1;2026;2026-01-27;rmanera;Alta Producción de Hielo;2046;C04 - Compresor 4 - 127;R02 - Rolitera 2;0,0;0,0;0,0;ROLITO EN BOLSAS 14 KG;12;0,0;14;168
27;1;2026;2026-01-27;rmanera;Alta Producción de Hielo;2046;C04 - Compresor 4 - 127;R02 - Rolitera 2;0,0;0,0;0,0;ROLITO EN BOLSAS 2 KG;970;0,0;2;1940
28;1;2026;2026-01-28;rmanera;Alta Producción de Hielo;2047;C02 - Compresor 2 - 127;R01 - Rolitera 1;36056,28;36061,57;5,290000000000873;ROLITO EN BOLSAS 14 KG;30;5,290000000000873;14;420
28;1;2026;2026-01-28;rmanera;Alta Producción de Hielo;2047;C02 - Compresor 2 - 127;R01 - Rolitera 1;36056,28;36061,57;5,290000000000873;ROLITO EN BOLSAS 2 KG;287;5,290000000000873;2;574
29;1;2026;2026-01-29;rmanera;Alta Producción de Hielo;2048;C04 - Compresor 4 - 127;R01 - Rolitera 1;6489,58;6504,39;14,8100000000004;ROLITO EN BOLSAS 14 KG;134;14,8100000000004;14;1876
29;1;2026;2026-01-29;rmanera;Alta Producción de Hielo;2048;C04 - Compresor 4 - 127;R01 - Rolitera 1;6489,58;6504,39;14,8100000000004;ROLITO EN BOLSAS 2 KG;404;14,8100000000004;2;808
29;1;2026;2026-01-29;rmanera;Alta Producción de Hielo;2048;C04 - Compresor 4 - 127;R01 - Rolitera 1;6489,58;6504,39;14,8100000000004;ROLITO EN BOLSAS 7 KG;67;14,8100000000004;7;469
29;1;2026;2026-01-29;rmanera;Alta Producción de Hielo;2049;C04 - Compresor 4 - 127;R02 - Rolitera 2;0,0;0,0;0,0;ROLITO EN BOLSAS 14 KG;12;0,0;14;168
29;1;2026;2026-01-29;rmanera;Alta Producción de Hielo;2049;C04 - Compresor 4 - 127;R02 - Rolitera 2;0,0;0,0;0,0;ROLITO EN BOLSAS 2 KG;1028;0,0;2;2056
30;1;2026;2026-01-30;rmanera;Alta Producción de Hielo;2050;C04 - Compresor 4 - 127;R01 - Rolitera 1;6504,39;6515,79;11,399999999999636;ROLITO EN BOLSAS 2 KG;838;11,399999999999636;2;1676
30;1;2026;2026-01-30;rmanera;Alta Producción de Hielo;2050;C04 - Compresor 4 - 127;R01 - Rolitera 1;6504,39;6515,79;11,399999999999636;ROLITO EN BOLSAS 4 KG;92;11,399999999999636;4;368
30;1;2026;2026-01-30;rmanera;Alta Producción de Hielo;2051;C04 - Compresor 4 - 127;R02 - Rolitera 2;0,0;0,0;0,0;ROLITO EN BOLSAS 14 KG;11;0,0;14;154
30;1;2026;2026-01-30;rmanera;Alta Producción de Hielo;2051;C04 - Compresor 4 - 127;R02 - Rolitera 2;0,0;0,0;0,0;ROLITO EN BOLSAS 2 KG;1042;0,0;2;2084
31;1;2026;2026-01-31;rmanera;Alta Producción de Hielo;2052;C02 - Compresor 2 - 127;R01 - Rolitera 1;36061,57;36069,41;7,8400000000037835;ROLITO EN BOLSAS 14 KG;107;7,8400000000037835;14;1498
31;1;2026;2026-01-31;rmanera;Alta Producción de Hielo;2052;C02 - Compresor 2 - 127;R01 - Rolitera 1;36061,57;36069,41;7,8400000000037835;ROLITO EN BOLSAS 2 KG;57;7,8400000000037835;2;114
31;1;2026;2026-01-31;rmanera;Alta Producción de Hielo;2052;C02 - Compresor 2 - 127;R01 - Rolitera 1;36061,57;36069,41;7,8400000000037835;ROLITO EN BOLSAS 4 KG;2;7,8400000000037835;4;8
31;1;2026;2026-01-31;rmanera;Alta Producción de Hielo;2052;C02 - Compresor 2 - 127;R01 - Rolitera 1;36061,57;36069,41;7,8400000000037835;ROLITO EN BOLSAS 7 KG;2;7,8400000000037835;7;14
1;2;2026;2026-02-01;rmanera;Alta Producción de Hielo;2053;C02 - Compresor 2 - 127;R01 - Rolitera 1;36069,41;36073,04;3,6299999999973807;ROLITO EN BOLSAS 14 KG;18;3,6299999999973807;14;252
1;2;2026;2026-02-01;rmanera;Alta Producción de Hielo;2053;C02 - Compresor 2 - 127;R01 - Rolitera 1;36069,41;36073,04;3,6299999999973807;ROLITO EN BOLSAS 2 KG;158;3,6299999999973807;2;316
1;2;2026;2026-02-01;rmanera;Alta Producción de Hielo;2053;C02 - Compresor 2 - 127;R01 - Rolitera 1;36069,41;36073,04;3,6299999999973807;ROLITO EN BOLSAS 7 KG;1;3,6299999999973807;7;7
2;2;2026;2026-02-02;rmanera;Alta Producción de Hielo;2054;C04 - Compresor 4 - 127;R01 - Rolitera 1;6515,79;6527,12;11,329999999999927;ROLITO EN BOLSAS 14 KG;40;11,329999999999927;14;560
2;2;2026;2026-02-02;rmanera;Alta Producción de Hielo;2054;C04 - Compresor 4 - 127;R01 - Rolitera 1;6515,79;6527,12;11,329999999999927;ROLITO EN BOLSAS 2 KG;745;11,329999999999927;2;1490
2;2;2026;2026-02-02;rmanera;Alta Producción de Hielo;2055;C04 - Compresor 4 - 127;R01 - Rolitera 1;0,0;0,0;0,0;ROLITO EN BOLSAS 2 KG;1083;5,509999999999991;2;2166
3;2;2026;2026-02-03;rmanera;Alta Producción de Hielo;2056;C02 - Compresor 2 - 127;R01 - Rolitera 1;36073,04;36079,43;6,389999999999418;ROLITO EN BOLSAS 14 KG;27;6,389999999999418;14;378
3;2;2026;2026-02-03;rmanera;Alta Producción de Hielo;2056;C02 - Compresor 2 - 127;R01 - Rolitera 1;36073,04;36079,43;6,389999999999418;ROLITO EN BOLSAS 2 KG;449;6,389999999999418;2;898
3;2;2026;2026-02-03;rmanera;Alta Producción de Hielo;2056;C02 - Compresor 2 - 127;R01 - Rolitera 1;36073,04;36079,43;6,389999999999418;ROLITO EN BOLSAS 7 KG;1;6,389999999999418;7;7
3;2;2026;2026-02-03;rmanera;Alta Producción de Hielo;2057;C04 - Compresor 4 - 127;R01 - Rolitera 1;6527,12;6532,19;5,069999999999709;ROLITO EN BOLSAS 14 KG;19;5,069999999999709;14;266
3;2;2026;2026-02-03;rmanera;Alta Producción de Hielo;2057;C04 - Compresor 4 - 127;R01 - Rolitera 1;6527,12;6532,19;5,069999999999709;ROLITO EN BOLSAS 2 KG;274;5,069999999999709;2;548
3;2;2026;2026-02-03;rmanera;Alta Producción de Hielo;2058;C04 - Compresor 4 - 127;R02 - Rolitera 2;0,0;0,0;0,0;ROLITO EN BOLSAS 14 KG;12;0,0;14;168
3;2;2026;2026-02-03;rmanera;Alta Producción de Hielo;2058;C04 - Compresor 4 - 127;R02 - Rolitera 2;0,0;0,0;0,0;ROLITO EN BOLSAS 2 KG;379;0,0;2;758
4;2;2026;2026-02-04;rmanera;Alta Producción de Hielo;2059;C04 - Compresor 4 - 127;R01 - Rolitera 1;6532,19;6543,69;11,5;ROLITO EN BOLSAS 14 KG;78;11,5;14;1092
4;2;2026;2026-02-04;rmanera;Alta Producción de Hielo;2059;C04 - Compresor 4 - 127;R01 - Rolitera 1;6532,19;6543,69;11,5;ROLITO EN BOLSAS 2 KG;443;11,5;2;886
4;2;2026;2026-02-04;rmanera;Alta Producción de Hielo;2059;C04 - Compresor 4 - 127;R01 - Rolitera 1;6532,19;6543,69;11,5;ROLITO EN BOLSAS 4 KG;32;11,5;4;128
4;2;2026;2026-02-04;rmanera;Alta Producción de Hielo;2059;C04 - Compresor 4 - 127;R01 - Rolitera 1;6532,19;6543,69;11,5;ROLITO EN BOLSAS 7 KG;47;11,5;7;329
4;2;2026;2026-02-04;rmanera;Alta Producción de Hielo;2060;C04 - Compresor 4 - 127;R02 - Rolitera 2;0,0;0,0;0,0;ROLITO EN BOLSAS 2 KG;700;0,0;2;1400
5;2;2026;2026-02-05;rmanera;Alta Producción de Hielo;2061;C04 - Compresor 4 - 127;R01 - Rolitera 1;6543,69;6554,88;11,19000000000051;ROLITO EN BOLSAS 14 KG;132;11,19000000000051;14;1848
5;2;2026;2026-02-05;rmanera;Alta Producción de Hielo;2061;C04 - Compresor 4 - 127;R01 - Rolitera 1;6543,69;6554,88;11,19000000000051;ROLITO EN BOLSAS 2 KG;335;11,19000000000051;2;670
6;2;2026;2026-02-06;rmanera;Alta Producción de Hielo;2062;C04 - Compresor 4 - 127;R01 - Rolitera 1;6554,88;6566,09;11,210000000000036;ROLITO EN BOLSAS 14 KG;110;11,210000000000036;14;1540
6;2;2026;2026-02-06;rmanera;Alta Producción de Hielo;2062;C04 - Compresor 4 - 127;R01 - Rolitera 1;6554,88;6566,09;11,210000000000036;ROLITO EN BOLSAS 2 KG;320;11,210000000000036;2;640
6;2;2026;2026-02-06;rmanera;Alta Producción de Hielo;2062;C04 - Compresor 4 - 127;R01 - Rolitera 1;6554,88;6566,09;11,210000000000036;ROLITO EN BOLSAS 4 KG;32;11,210000000000036;4;128
6;2;2026;2026-02-06;rmanera;Alta Producción de Hielo;2063;C04 - Compresor 4 - 127;R02 - Rolitera 2;0,0;0,0;0,0;ROLITO EN BOLSAS 2 KG;976;0,0;2;1952
7;2;2026;2026-02-07;rmanera;Alta Producción de Hielo;2064;C02 - Compresor 2 - 127;R01 - Rolitera 1;36079,43;36082,96;3,529999999998836;ROLITO EN BOLSAS 14 KG;54;3,529999999998836;14;756
7;2;2026;2026-02-07;rmanera;Alta Producción de Hielo;2065;C04 - Compresor 4 - 127;R01 - Rolitera 1;36082,96;36084,98;2,0200000000040745;ROLITO EN BOLSAS 14 KG;19;2,0200000000040745;14;266
7;2;2026;2026-02-07;rmanera;Alta Producción de Hielo;2065;C04 - Compresor 4 - 127;R01 - Rolitera 1;36082,96;36084,98;2,0200000000040745;ROLITO EN BOLSAS 2 KG;55;2,0200000000040745;2;110
9;2;2026;2026-02-09;rmanera;Alta Producción de Hielo;2066;C04 - Compresor 4 - 127;R01 - Rolitera 1;6566,09;6567,03;0,9399999999995998;ROLITO EN BOLSAS 14 KG;10;0,9399999999995998;14;140
9;2;2026;2026-02-09;rmanera;Alta Producción de Hielo;2067;C04 - Compresor 4 - 127;R02 - Rolitera 2;0,0;0,0;0,0;ROLITO EN BOLSAS 2 KG;61;0,0;2;122
9;2;2026;2026-02-09;rmanera;Alta Producción de Hielo;2068;C04 - Compresor 4 - 127;R01 - Rolitera 1;36084,98;36086,35;1,3699999999953434;ROLITO EN BOLSAS 2 KG;107;1,3699999999953434;2;214
9;2;2026;2026-02-09;rmanera;Alta Producción de Hielo;2069;C02 - Compresor 2 - 127;R01 - Rolitera 1;36086,35;36089,95;3,599999999998545;ROLITO EN BOLSAS 2 KG;268;3,599999999998545;2;536
9;2;2026;2026-02-09;rmanera;Alta Producción de Hielo;2069;C02 - Compresor 2 - 127;R01 - Rolitera 1;36086,35;36089,95;3,599999999998545;ROLITO EN BOLSAS 4 KG;32;3,599999999998545;4;128
9;2;2026;2026-02-09;rmanera;Alta Producción de Hielo;2070;C04 - Compresor 4 - 127;R01 - Rolitera 1;6567,03;6572,07;5,039999999999964;ROLITO EN BOLSAS 14 KG;71;5,039999999999964;14;994
9;2;2026;2026-02-09;rmanera;Alta Producción de Hielo;2070;C04 - Compresor 4 - 127;R01 - Rolitera 1;6567,03;6572,07;5,039999999999964;ROLITO EN BOLSAS 2 KG;112;5,039999999999964;2;224
9;2;2026;2026-02-09;rmanera;Alta Producción de Hielo;2071;C04 - Compresor 4 - 127;R02 - Rolitera 2;0,0;0,0;0,0;ROLITO EN BOLSAS 2 KG;438;0,0;2;876
10;2;2026;2026-02-10;rmanera;Alta Producción de Hielo;2072;C04 - Compresor 4 - 127;R01 - Rolitera 1;6572,07;6583,41;11,340000000000146;ROLITO EN BOLSAS 14 KG;50;11,340000000000146;14;700
10;2;2026;2026-02-10;rmanera;Alta Producción de Hielo;2072;C04 - Compresor 4 - 127;R01 - Rolitera 1;6572,07;6583,41;11,340000000000146;ROLITO EN BOLSAS 2 KG;457;11,340000000000146;2;914
10;2;2026;2026-02-10;rmanera;Alta Producción de Hielo;2072;C04 - Compresor 4 - 127;R01 - Rolitera 1;6572,07;6583,41;11,340000000000146;ROLITO EN BOLSAS 4 KG;61;11,340000000000146;4;244
10;2;2026;2026-02-10;rmanera;Alta Producción de Hielo;2072;C04 - Compresor 4 - 127;R01 - Rolitera 1;6572,07;6583,41;11,340000000000146;ROLITO EN BOLSAS 7 KG;34;11,340000000000146;7;238
10;2;2026;2026-02-10;rmanera;Alta Producción de Hielo;2073;C04 - Compresor 4 - 127;R01 - Rolitera 1;0,0;0,0;0,0;ROLITO EN BOLSAS 14 KG;24;5,509999999999991;14;336
10;2;2026;2026-02-10;rmanera;Alta Producción de Hielo;2073;C04 - Compresor 4 - 127;R01 - Rolitera 1;0,0;0,0;0,0;ROLITO EN BOLSAS 2 KG;904;5,509999999999991;2;1808
11;2;2026;2026-02-11;rmanera;Alta Producción de Hielo;2074;C04 - Compresor 4 - 127;R02 - Rolitera 2;6583,41;6584,8;1,3900000000003274;ROLITO EN BOLSAS 2 KG;110;1,3900000000003274;2;220
11;2;2026;2026-02-11;rmanera;Alta Producción de Hielo;2075;C02 - Compresor 2 - 127;R01 - Rolitera 1;36089,85;36090,63;0,7799999999988358;ROLITO EN BOLSAS 14 KG;15;0,7799999999988358;14;210
11;2;2026;2026-02-11;rmanera;Alta Producción de Hielo;2076;C02 - Compresor 2 - 127;R01 - Rolitera 1;36090,63;36103,47;12,840000000003783;ROLITO EN BOLSAS 14 KG;24;12,840000000003783;14;336
11;2;2026;2026-02-11;rmanera;Alta Producción de Hielo;2076;C02 - Compresor 2 - 127;R01 - Rolitera 1;36090,63;36103,47;12,840000000003783;ROLITO EN BOLSAS 2 KG;1018;12,840000000003783;2;2036
12;2;2026;2026-02-12;rmanera;Alta Producción de Hielo;2077;C04 - Compresor 4 - 127;R01 - Rolitera 1;6584,8;6593,4;8,599999999999454;ROLITO EN BOLSAS 14 KG;20;8,599999999999454;14;280
12;2;2026;2026-02-12;rmanera;Alta Producción de Hielo;2077;C04 - Compresor 4 - 127;R01 - Rolitera 1;6584,8;6593,4;8,599999999999454;ROLITO EN BOLSAS 2 KG;656;8,599999999999454;2;1312
12;2;2026;2026-02-12;rmanera;Alta Producción de Hielo;2078;C04 - Compresor 4 - 127;R01 - Rolitera 1;0,0;0,0;0,0;ROLITO EN BOLSAS 2 KG;842;5,509999999999991;2;1684
12;2;2026;2026-02-12;rmanera;Alta Producción de Hielo;2079;C02 - Compresor 2 - 127;R01 - Rolitera 1;36103,47;36106,26;2,790000000000873;ROLITO EN BOLSAS 14 KG;48;2,790000000000873;14;672
13;2;2026;2026-02-13;rmanera;Alta Producción de Hielo;2080;C04 - Compresor 4 - 127;R01 - Rolitera 1;6593,4;6604,67;11,270000000000437;ROLITO EN BOLSAS 14 KG;40;11,270000000000437;14;560
13;2;2026;2026-02-13;rmanera;Alta Producción de Hielo;2080;C04 - Compresor 4 - 127;R01 - Rolitera 1;6593,4;6604,67;11,270000000000437;ROLITO EN BOLSAS 2 KG;753;11,270000000000437;2;1506
13;2;2026;2026-02-13;rmanera;Alta Producción de Hielo;2081;C04 - Compresor 4 - 127;R02 - Rolitera 2;0,0;0,0;0,0;ROLITO EN BOLSAS 2 KG;975;0,0;2;1950
14;2;2026;2026-02-14;rmanera;Alta Producción de Hielo;2082;C02 - Compresor 2 - 127;R01 - Rolitera 1;36106,29;36117,39;11,099999999998545;ROLITO EN BOLSAS 14 KG;93;11,099999999998545;14;1302
14;2;2026;2026-02-14;rmanera;Alta Producción de Hielo;2082;C02 - Compresor 2 - 127;R01 - Rolitera 1;36106,29;36117,39;11,099999999998545;ROLITO EN BOLSAS 2 KG;498;11,099999999998545;2;996
14;2;2026;2026-02-14;rmanera;Alta Producción de Hielo;2082;C02 - Compresor 2 - 127;R01 - Rolitera 1;36106,29;36117,39;11,099999999998545;ROLITO EN BOLSAS 4 KG;1;11,099999999998545;4;4
14;2;2026;2026-02-14;rmanera;Alta Producción de Hielo;2082;C02 - Compresor 2 - 127;R01 - Rolitera 1;36106,29;36117,39;11,099999999998545;ROLITO EN BOLSAS 7 KG;3;11,099999999998545;7;21
16;2;2026;2026-02-16;rmanera;Alta Producción de Hielo;2083;C02 - Compresor 2 - 127;R01 - Rolitera 1;36117,39;36126,16;8,770000000004075;ROLITO EN BOLSAS 14 KG;20;8,770000000004075;14;280
16;2;2026;2026-02-16;rmanera;Alta Producción de Hielo;2083;C02 - Compresor 2 - 127;R01 - Rolitera 1;36117,39;36126,16;8,770000000004075;ROLITO EN BOLSAS 2 KG;657;8,770000000004075;2;1314
16;2;2026;2026-02-16;rmanera;Alta Producción de Hielo;2084;C04 - Compresor 4 - 127;R01 - Rolitera 1;6604,67;6607,03;2,3599999999996726;ROLITO EN BOLSAS 2 KG;278;2,3599999999996726;2;556
17;2;2026;2026-02-17;rmanera;Alta Producción de Hielo;2085;C04 - Compresor 4 - 127;R01 - Rolitera 1;6607,03;6617,54;10,510000000000218;ROLITO EN BOLSAS 14 KG;52;10,510000000000218;14;728
17;2;2026;2026-02-17;rmanera;Alta Producción de Hielo;2085;C04 - Compresor 4 - 127;R01 - Rolitera 1;6607,03;6617,54;10,510000000000218;ROLITO EN BOLSAS 2 KG;894;10,510000000000218;2;1788
18;2;2026;2026-02-18;rmanera;Alta Producción de Hielo;2086;C02 - Compresor 2 - 127;R01 - Rolitera 1;36126,16;36135,97;9,809999999997672;ROLITO EN BOLSAS 14 KG;10;9,809999999997672;14;140
18;2;2026;2026-02-18;rmanera;Alta Producción de Hielo;2086;C02 - Compresor 2 - 127;R01 - Rolitera 1;36126,16;36135,97;9,809999999997672;ROLITO EN BOLSAS 2 KG;828;9,809999999997672;2;1656
19;2;2026;2026-02-19;mreinero;Alta Producción de Hielo;2087;C04 - Compresor 4 - 127;R01 - Rolitera 1;6617,54;6629,35;11,8100000000004;ROLITO EN BOLSAS 2 KG;1051;11,8100000000004;2;2102
19;2;2026;2026-02-19;mreinero;Alta Producción de Hielo;2087;C04 - Compresor 4 - 127;R01 - Rolitera 1;6617,54;6629,35;11,8100000000004;ROLITO EN BOLSAS 4 KG;64;11,8100000000004;4;256
19;2;2026;2026-02-19;mreinero;Alta Producción de Hielo;2088;C04 - Compresor 4 - 127;R02 - Rolitera 2;0,0;0,0;0,0;ROLITO EN BOLSAS 14 KG;20;0,0;14;280
20;2;2026;2026-02-20;mreinero;Alta Producción de Hielo;2089;C04 - Compresor 4 - 127;R01 - Rolitera 1;6629,35;6640,55;11,199999999999818;ROLITO EN BOLSAS 14 KG;59;11,199999999999818;14;826
20;2;2026;2026-02-20;mreinero;Alta Producción de Hielo;2089;C04 - Compresor 4 - 127;R01 - Rolitera 1;6629,35;6640,55;11,199999999999818;ROLITO EN BOLSAS 2 KG;618;11,199999999999818;2;1236
20;2;2026;2026-02-20;mreinero;Alta Producción de Hielo;2089;C04 - Compresor 4 - 127;R01 - Rolitera 1;6629,35;6640,55;11,199999999999818;ROLITO EN BOLSAS 7 KG;35;11,199999999999818;7;245
20;2;2026;2026-02-20;mreinero;Alta Producción de Hielo;2090;C04 - Compresor 4 - 127;R02 - Rolitera 2;0,0;0,0;0,0;ROLITO EN BOLSAS 14 KG;24;0,0;14;336
20;2;2026;2026-02-20;mreinero;Alta Producción de Hielo;2090;C04 - Compresor 4 - 127;R02 - Rolitera 2;0,0;0,0;0,0;ROLITO EN BOLSAS 2 KG;557;0,0;2;1114
21;2;2026;2026-02-21;mreinero;Alta Producción de Hielo;2091;C02 - Compresor 2 - 127;R01 - Rolitera 1;36135,97;36139,18;3,209999999999127;ROLITO EN BOLSAS 14 KG;31;3,209999999999127;14;434
21;2;2026;2026-02-21;mreinero;Alta Producción de Hielo;2091;C02 - Compresor 2 - 127;R01 - Rolitera 1;36135,97;36139,18;3,209999999999127;ROLITO EN BOLSAS 2 KG;107;3,209999999999127;2;214
21;2;2026;2026-02-21;mreinero;Alta Producción de Hielo;2092;C02 - Compresor 2 - 127;R01 - Rolitera 1;36139,18;36141,92;2,7399999999979627;ROLITO EN BOLSAS 2 KG;166;2,7399999999979627;2;332
21;2;2026;2026-02-21;mreinero;Alta Producción de Hielo;2092;C02 - Compresor 2 - 127;R01 - Rolitera 1;36139,18;36141,92;2,7399999999979627;ROLITO EN BOLSAS 4 KG;30;2,7399999999979627;4;120
23;2;2026;2026-02-23;rmanera;Alta Producción de Hielo;2093;C02 - Compresor 2 - 127;R01 - Rolitera 1;36141,92;36155,66;13,740000000005239;ROLITO EN BOLSAS 14 KG;10;13,740000000005239;14;140
23;2;2026;2026-02-23;rmanera;Alta Producción de Hielo;2093;C02 - Compresor 2 - 127;R01 - Rolitera 1;36141,92;36155,66;13,740000000005239;ROLITO EN BOLSAS 2 KG;1168;13,740000000005239;2;2336
24;2;2026;2026-02-24;rmanera;Alta Producción de Hielo;2094;C02 - Compresor 2 - 127;R01 - Rolitera 1;36156,66;36171,96;15,299999999995634;ROLITO EN BOLSAS 14 KG;10;15,299999999995634;14;140
24;2;2026;2026-02-24;rmanera;Alta Producción de Hielo;2094;C02 - Compresor 2 - 127;R01 - Rolitera 1;36156,66;36171,96;15,299999999995634;ROLITO EN BOLSAS 2 KG;1215;15,299999999995634;2;2430
25;2;2026;2026-02-25;rmanera;Alta Producción de Hielo;2095;C02 - Compresor 2 - 127;R01 - Rolitera 1;36171,96;36187,4;15,440000000002328;ROLITO EN BOLSAS 14 KG;94;15,440000000002328;14;1316
25;2;2026;2026-02-25;rmanera;Alta Producción de Hielo;2095;C02 - Compresor 2 - 127;R01 - Rolitera 1;36171,96;36187,4;15,440000000002328;ROLITO EN BOLSAS 2 KG;781;15,440000000002328;2;1562
26;2;2026;2026-02-26;rmanera;Alta Producción de Hielo;2096;C02 - Compresor 2 - 127;R01 - Rolitera 1;36187,4;36202,64;15,239999999997963;ROLITO EN BOLSAS 14 KG;43;15,239999999997963;14;602
26;2;2026;2026-02-26;rmanera;Alta Producción de Hielo;2096;C02 - Compresor 2 - 127;R01 - Rolitera 1;36187,4;36202,64;15,239999999997963;ROLITO EN BOLSAS 2 KG;1077;15,239999999997963;2;2154
27;2;2026;2026-02-27;rmanera;Alta Producción de Hielo;2097;C04 - Compresor 4 - 127;R01 - Rolitera 1;6640,55;6652,88;12,329999999999927;ROLITO EN BOLSAS 14 KG;20;12,329999999999927;14;280
27;2;2026;2026-02-27;rmanera;Alta Producción de Hielo;2097;C04 - Compresor 4 - 127;R01 - Rolitera 1;6640,55;6652,88;12,329999999999927;ROLITO EN BOLSAS 2 KG;1083;12,329999999999927;2;2166
27;2;2026;2026-02-27;rmanera;Alta Producción de Hielo;2097;C04 - Compresor 4 - 127;R01 - Rolitera 1;6640,55;6652,88;12,329999999999927;ROLITO EN BOLSAS 4 KG;62;12,329999999999927;4;248
28;2;2026;2026-02-28;rmanera;Alta Producción de Hielo;2098;C02 - Compresor 2 - 127;R01 - Rolitera 1;3620264,0;3620582,0;318,0;ROLITO EN BOLSAS 14 KG;19;4,279999999998836;14;266
28;2;2026;2026-02-28;rmanera;Alta Producción de Hielo;2098;C02 - Compresor 2 - 127;R01 - Rolitera 1;3620264,0;3620582,0;318,0;ROLITO EN BOLSAS 2 KG;171;4,279999999998836;2;342
28;2;2026;2026-02-28;rmanera;Alta Producción de Hielo;2099;C02 - Compresor 2 - 127;R01 - Rolitera 1;36205,82;36208,49;2,6699999999982538;ROLITO EN BOLSAS 2 KG;219;2,6699999999982538;2;438
2;3;2026;2026-03-02;rmanera;Alta Producción de Hielo;2100;C02 - Compresor 2 - 127;R01 - Rolitera 1;36208,49;36209,58;1,0900000000037835;ROLITO EN BOLSAS 14 KG;2;1,0900000000037835;14;28
2;3;2026;2026-03-02;rmanera;Alta Producción de Hielo;2100;C02 - Compresor 2 - 127;R01 - Rolitera 1;36208,49;36209,58;1,0900000000037835;ROLITO EN BOLSAS 2 KG;52;1,0900000000037835;2;104
2;3;2026;2026-03-02;rmanera;Alta Producción de Hielo;2101;C04 - Compresor 4 - 127;R01 - Rolitera 1;6652,88;6661,77;8,890000000000327;ROLITO EN BOLSAS 2 KG;701;8,890000000000327;2;1402
2;3;2026;2026-03-02;rmanera;Alta Producción de Hielo;2101;C04 - Compresor 4 - 127;R01 - Rolitera 1;6652,88;6661,77;8,890000000000327;ROLITO EN BOLSAS 4 KG;60;8,890000000000327;4;240
2;3;2026;2026-03-02;rmanera;Alta Producción de Hielo;2102;C04 - Compresor 4 - 127;R02 - Rolitera 2;0,0;0,0;0,0;ROLITO EN BOLSAS 14 KG;9;0,0;14;126
2;3;2026;2026-03-02;rmanera;Alta Producción de Hielo;2102;C04 - Compresor 4 - 127;R02 - Rolitera 2;0,0;0,0;0,0;ROLITO EN BOLSAS 2 KG;313;0,0;2;626
3;3;2026;2026-03-03;rmanera;Alta Producción de Hielo;2103;C04 - Compresor 4 - 127;R01 - Rolitera 1;6661,77;6671,12;9,349999999999454;ROLITO EN BOLSAS 14 KG;100;9,349999999999454;14;1400
3;3;2026;2026-03-03;rmanera;Alta Producción de Hielo;2103;C04 - Compresor 4 - 127;R01 - Rolitera 1;6661,77;6671,12;9,349999999999454;ROLITO EN BOLSAS 2 KG;329;9,349999999999454;2;658
3;3;2026;2026-03-03;rmanera;Alta Producción de Hielo;2104;C04 - Compresor 4 - 127;R02 - Rolitera 2;0,0;0,0;0,0;ROLITO EN BOLSAS 14 KG;23;0,0;14;322
3;3;2026;2026-03-03;rmanera;Alta Producción de Hielo;2104;C04 - Compresor 4 - 127;R02 - Rolitera 2;0,0;0,0;0,0;ROLITO EN BOLSAS 2 KG;530;0,0;2;1060
4;3;2026;2026-03-04;rmanera;Alta Producción de Hielo;2105;C04 - Compresor 4 - 127;R01 - Rolitera 1;6671,12;6674,89;3,7700000000004366;ROLITO EN BOLSAS 2 KG;221;3,7700000000004366;2;442
4;3;2026;2026-03-04;rmanera;Alta Producción de Hielo;2105;C04 - Compresor 4 - 127;R01 - Rolitera 1;6671,12;6674,89;3,7700000000004366;ROLITO EN BOLSAS 4 KG;60;3,7700000000004366;4;240
4;3;2026;2026-03-04;rmanera;Alta Producción de Hielo;2106;C04 - Compresor 4 - 127;R02 - Rolitera 2;0,0;0,0;0,0;ROLITO EN BOLSAS 2 KG;335;0,0;2;670
4;3;2026;2026-03-04;rmanera;Alta Producción de Hielo;2107;C02 - Compresor 2 - 127;R01 - Rolitera 1;36209,58;36212,0;2,4199999999982538;ROLITO EN BOLSAS 14 KG;31;2,4199999999982538;14;434
4;3;2026;2026-03-04;rmanera;Alta Producción de Hielo;2107;C02 - Compresor 2 - 127;R01 - Rolitera 1;36209,58;36212,0;2,4199999999982538;ROLITO EN BOLSAS 2 KG;54;2,4199999999982538;2;108
4;3;2026;2026-03-04;rmanera;Alta Producción de Hielo;2108;C04 - Compresor 4 - 127;R01 - Rolitera 1;6674,89;6680,3;5,4099999999998545;ROLITO EN BOLSAS 14 KG;70;5,4099999999998545;14;980
4;3;2026;2026-03-04;rmanera;Alta Producción de Hielo;2109;C04 - Compresor 4 - 127;R02 - Rolitera 2;0,0;0,0;0,0;ROLITO EN BOLSAS 2 KG;456;0,0;2;912
5;3;2026;2026-03-05;rmanera;Alta Producción de Hielo;2110;C04 - Compresor 4 - 127;R01 - Rolitera 1;6680,3;6684,14;3,8400000000001455;ROLITO EN BOLSAS 2 KG;330;3,8400000000001455;2;660
5;3;2026;2026-03-05;rmanera;Alta Producción de Hielo;2111;C04 - Compresor 4 - 127;R02 - Rolitera 2;0,0;0,0;0,0;ROLITO EN BOLSAS 2 KG;332;0,0;2;664
5;3;2026;2026-03-05;mreinero;Alta Producción de Hielo;2112;C02 - Compresor 2 - 127;R01 - Rolitera 1;36212,0;36219,82;7,819999999999709;ROLITO EN BOLSAS 14 KG;73;7,819999999999709;14;1022
5;3;2026;2026-03-05;mreinero;Alta Producción de Hielo;2112;C02 - Compresor 2 - 127;R01 - Rolitera 1;36212,0;36219,82;7,819999999999709;ROLITO EN BOLSAS 2 KG;277;7,819999999999709;2;554
6;3;2026;2026-03-06;rmanera;Alta Producción de Hielo;2113;C04 - Compresor 4 - 127;R01 - Rolitera 1;6684,14;6688,01;3,869999999999891;ROLITO EN BOLSAS 14 KG;60;3,869999999999891;14;840
6;3;2026;2026-03-06;rmanera;Alta Producción de Hielo;2114;C04 - Compresor 4 - 127;R02 - Rolitera 2;0,0;0,0;0,0;ROLITO EN BOLSAS 2 KG;327;0,0;2;654
6;3;2026;2026-03-06;rmanera;Alta Producción de Hielo;2115;C02 - Compresor 2 - 127;R01 - Rolitera 1;36219,82;36223,19;3,3700000000026193;ROLITO EN BOLSAS 2 KG;280;3,3700000000026193;2;560
6;3;2026;2026-03-06;rmanera;Alta Producción de Hielo;2115;C02 - Compresor 2 - 127;R01 - Rolitera 1;36219,82;36223,19;3,3700000000026193;ROLITO EN BOLSAS 4 KG;2;3,3700000000026193;4;8
7;3;2026;2026-03-07;rmanera;Alta Producción de Hielo;2116;C02 - Compresor 2 - 127;R01 - Rolitera 1;36223,19;36226,68;3,4899999999979627;ROLITO EN BOLSAS 14 KG;36;3,4899999999979627;14;504
7;3;2026;2026-03-07;rmanera;Alta Producción de Hielo;2116;C02 - Compresor 2 - 127;R01 - Rolitera 1;36223,19;36226,68;3,4899999999979627;ROLITO EN BOLSAS 2 KG;113;3,4899999999979627;2;226
9;3;2026;2026-03-09;rmanera;Alta Producción de Hielo;2117;C04 - Compresor 4 - 127;R01 - Rolitera 1;6688,01;6691,81;3,800000000000182;ROLITO EN BOLSAS 2 KG;305;3,800000000000182;2;610
9;3;2026;2026-03-09;rmanera;Alta Producción de Hielo;2118;C04 - Compresor 4 - 127;R02 - Rolitera 2;0,0;0,0;0,0;ROLITO EN BOLSAS 14 KG;12;0,0;14;168
9;3;2026;2026-03-09;rmanera;Alta Producción de Hielo;2118;C04 - Compresor 4 - 127;R02 - Rolitera 2;0,0;0,0;0,0;ROLITO EN BOLSAS 2 KG;270;0,0;2;540
9;3;2026;2026-03-09;rmanera;Alta Producción de Hielo;2119;C02 - Compresor 2 - 127;R01 - Rolitera 1;36223,94;36226,69;2,75;ROLITO EN BOLSAS 14 KG;20;2,75;14;280
9;3;2026;2026-03-09;rmanera;Alta Producción de Hielo;2119;C02 - Compresor 2 - 127;R01 - Rolitera 1;36223,94;36226,69;2,75;ROLITO EN BOLSAS 2 KG;554;2,75;2;1108
10;3;2026;2026-03-10;rmanera;Alta Producción de Hielo;2120;C02 - Compresor 2 - 127;R01 - Rolitera 1;36223,94;36241,02;17,07999999999447;ROLITO EN BOLSAS 14 KG;39;17,07999999999447;14;546
10;3;2026;2026-03-10;rmanera;Alta Producción de Hielo;2120;C02 - Compresor 2 - 127;R01 - Rolitera 1;36223,94;36241,02;17,07999999999447;ROLITO EN BOLSAS 2 KG;388;17,07999999999447;2;776
10;3;2026;2026-03-10;rmanera;Alta Producción de Hielo;2120;C02 - Compresor 2 - 127;R01 - Rolitera 1;36223,94;36241,02;17,07999999999447;ROLITO EN BOLSAS 4 KG;30;17,07999999999447;4;120
10;3;2026;2026-03-10;rmanera;Alta Producción de Hielo;2121;C04 - Compresor 4 - 127;R01 - Rolitera 1;6691,81;6695,02;3,2100000000000364;ROLITO EN BOLSAS 14 KG;10;3,2100000000000364;14;140
10;3;2026;2026-03-10;rmanera;Alta Producción de Hielo;2121;C04 - Compresor 4 - 127;R01 - Rolitera 1;6691,81;6695,02;3,2100000000000364;ROLITO EN BOLSAS 2 KG;204;3,2100000000000364;2;408
10;3;2026;2026-03-10;rmanera;Alta Producción de Hielo;2122;C04 - Compresor 4 - 127;R02 - Rolitera 2;0,0;0,0;0,0;ROLITO EN BOLSAS 14 KG;12;0,0;14;168
10;3;2026;2026-03-10;rmanera;Alta Producción de Hielo;2122;C04 - Compresor 4 - 127;R02 - Rolitera 2;0,0;0,0;0,0;ROLITO EN BOLSAS 2 KG;197;0,0;2;394
11;3;2026;2026-03-11;rmanera;Alta Producción de Hielo;2123;C04 - Compresor 4 - 127;R01 - Rolitera 1;6695,02;6706,39;11,36999999999989;ROLITO EN BOLSAS 14 KG;40;11,36999999999989;14;560
11;3;2026;2026-03-11;rmanera;Alta Producción de Hielo;2123;C04 - Compresor 4 - 127;R01 - Rolitera 1;6695,02;6706,39;11,36999999999989;ROLITO EN BOLSAS 2 KG;603;11,36999999999989;2;1206
11;3;2026;2026-03-11;rmanera;Alta Producción de Hielo;2123;C04 - Compresor 4 - 127;R01 - Rolitera 1;6695,02;6706,39;11,36999999999989;ROLITO EN BOLSAS 7 KG;52;11,36999999999989;7;364
11;3;2026;2026-03-11;rmanera;Alta Producción de Hielo;2124;C04 - Compresor 4 - 127;R02 - Rolitera 2;0,0;0,0;0,0;ROLITO EN BOLSAS 2 KG;1106;0,0;2;2212
13;3;2026;2026-03-13;rmanera;Alta Producción de Hielo;2125;C02 - Compresor 2 - 127;R01 - Rolitera 1;3624230,0;3624358,0;128,0;ROLITO EN BOLSAS 14 KG;20;4,279999999998836;14;280
13;3;2026;2026-03-13;rmanera;Alta Producción de Hielo;2126;C02 - Compresor 2 - 127;R01 - Rolitera 1;36243,58;36247,56;3,9799999999959255;ROLITO EN BOLSAS 14 KG;10;3,9799999999959255;14;140
13;3;2026;2026-03-13;rmanera;Alta Producción de Hielo;2126;C02 - Compresor 2 - 127;R01 - Rolitera 1;36243,58;36247,56;3,9799999999959255;ROLITO EN BOLSAS 2 KG;333;3,9799999999959255;2;666
14;3;2026;2026-03-14;rmanera;Alta Producción de Hielo;2127;C02 - Compresor 2 - 127;R01 - Rolitera 1;36247,56;36250,92;3,360000000000582;ROLITO EN BOLSAS 14 KG;34;3,360000000000582;14;476
14;3;2026;2026-03-14;rmanera;Alta Producción de Hielo;2127;C02 - Compresor 2 - 127;R01 - Rolitera 1;36247,56;36250,92;3,360000000000582;ROLITO EN BOLSAS 2 KG;107;3,360000000000582;2;214
14;3;2026;2026-03-14;rmanera;Alta Producción de Hielo;2128;C02 - Compresor 2 - 127;R01 - Rolitera 1;36250,92;36253,42;2,5;ROLITO EN BOLSAS 14 KG;39;2,5;14;546
12;3;2026;2026-03-12;rmanera;Alta Producción de Hielo;2129;C04 - Compresor 4 - 127;R01 - Rolitera 1;6706,39;6716,33;9,9399999999996;ROLITO EN BOLSAS 14 KG;110;9,9399999999996;14;1540
12;3;2026;2026-03-12;rmanera;Alta Producción de Hielo;2129;C04 - Compresor 4 - 127;R01 - Rolitera 1;6706,39;6716,33;9,9399999999996;ROLITO EN BOLSAS 2 KG;52;9,9399999999996;2;104
12;3;2026;2026-03-12;rmanera;Alta Producción de Hielo;2130;C04 - Compresor 4 - 127;R02 - Rolitera 2;0,0;0,0;0,0;ROLITO EN BOLSAS 14 KG;12;0,0;14;168
12;3;2026;2026-03-12;rmanera;Alta Producción de Hielo;2130;C04 - Compresor 4 - 127;R02 - Rolitera 2;0,0;0,0;0,0;ROLITO EN BOLSAS 2 KG;907;0,0;2;1814
13;3;2026;2026-03-13;rmanera;Alta Producción de Hielo;2131;C04 - Compresor 4 - 127;R01 - Rolitera 1;6716,33;6722,56;6,230000000000473;ROLITO EN BOLSAS 14 KG;39;6,230000000000473;14;546
13;3;2026;2026-03-13;rmanera;Alta Producción de Hielo;2131;C04 - Compresor 4 - 127;R01 - Rolitera 1;6716,33;6722,56;6,230000000000473;ROLITO EN BOLSAS 2 KG;274;6,230000000000473;2;548
13;3;2026;2026-03-13;rmanera;Alta Producción de Hielo;2132;C04 - Compresor 4 - 127;R02 - Rolitera 2;0,0;0,0;0,0;ROLITO EN BOLSAS 2 KG;521;0,0;2;1042
16;3;2026;2026-03-16;rmanera;Alta Producción de Hielo;2133;C02 - Compresor 2 - 127;R01 - Rolitera 1;36253,41;36256,92;3,5099999999947613;ROLITO EN BOLSAS 2 KG;322;3,5099999999947613;2;644
16;3;2026;2026-03-16;rmanera;Alta Producción de Hielo;2134;C04 - Compresor 4 - 127;R01 - Rolitera 1;6722,56;6730,35;7,789999999999964;ROLITO EN BOLSAS 14 KG;37;7,789999999999964;14;518
16;3;2026;2026-03-16;rmanera;Alta Producción de Hielo;2134;C04 - Compresor 4 - 127;R01 - Rolitera 1;6722,56;6730,35;7,789999999999964;ROLITO EN BOLSAS 2 KG;371;7,789999999999964;2;742
16;3;2026;2026-03-16;rmanera;Alta Producción de Hielo;2135;C04 - Compresor 4 - 127;R02 - Rolitera 2;0,0;0,0;0,0;ROLITO EN BOLSAS 2 KG;705;0,0;2;1410
17;3;2026;2026-03-17;rmanera;Alta Producción de Hielo;2136;C04 - Compresor 4 - 127;R01 - Rolitera 1;6730,35;6741,48;11,1299999999992;ROLITO EN BOLSAS 14 KG;57;11,1299999999992;14;798
17;3;2026;2026-03-17;rmanera;Alta Producción de Hielo;2136;C04 - Compresor 4 - 127;R01 - Rolitera 1;6730,35;6741,48;11,1299999999992;ROLITO EN BOLSAS 2 KG;549;11,1299999999992;2;1098
17;3;2026;2026-03-17;rmanera;Alta Producción de Hielo;2137;C04 - Compresor 4 - 127;R02 - Rolitera 2;0,0;0,0;0,0;ROLITO EN BOLSAS 2 KG;702;0,0;2;1404
19;3;2026;2026-03-19;rmanera;Alta Producción de Hielo;2138;C04 - Compresor 4 - 127;R01 - Rolitera 1;6752,76;6764,34;11,579999999999927;ROLITO EN BOLSAS 14 KG;120;11,579999999999927;14;1680
19;3;2026;2026-03-19;rmanera;Alta Producción de Hielo;2138;C04 - Compresor 4 - 127;R01 - Rolitera 1;6752,76;6764,34;11,579999999999927;ROLITO EN BOLSAS 2 KG;378;11,579999999999927;2;756
19;3;2026;2026-03-19;rmanera;Alta Producción de Hielo;2139;C04 - Compresor 4 - 127;R02 - Rolitera 2;0,0;0,0;0,0;ROLITO EN BOLSAS 14 KG;12;0,0;14;168
19;3;2026;2026-03-19;rmanera;Alta Producción de Hielo;2139;C04 - Compresor 4 - 127;R02 - Rolitera 2;0,0;0,0;0,0;ROLITO EN BOLSAS 2 KG;1062;0,0;2;2124
18;3;2026;2026-03-18;rmanera;Alta Producción de Hielo;2140;C04 - Compresor 4 - 127;R01 - Rolitera 1;6741,48;6752,76;11,280000000000655;ROLITO EN BOLSAS 14 KG;96;11,280000000000655;14;1344
18;3;2026;2026-03-18;rmanera;Alta Producción de Hielo;2140;C04 - Compresor 4 - 127;R01 - Rolitera 1;6741,48;6752,76;11,280000000000655;ROLITO EN BOLSAS 2 KG;423;11,280000000000655;2;846
18;3;2026;2026-03-18;rmanera;Alta Producción de Hielo;2141;C04 - Compresor 4 - 127;R02 - Rolitera 2;0,0;0,0;0,0;ROLITO EN BOLSAS 14 KG;35;0,0;14;490
18;3;2026;2026-03-18;rmanera;Alta Producción de Hielo;2141;C04 - Compresor 4 - 127;R02 - Rolitera 2;0,0;0,0;0,0;ROLITO EN BOLSAS 2 KG;923;0,0;2;1846
20;3;2026;2026-03-20;rmanera;Alta Producción de Hielo;2142;C04 - Compresor 4 - 127;R01 - Rolitera 1;6764,34;6774,35;10,010000000000218;ROLITO EN BOLSAS 14 KG;90;10,010000000000218;14;1260
20;3;2026;2026-03-20;rmanera;Alta Producción de Hielo;2142;C04 - Compresor 4 - 127;R01 - Rolitera 1;6764,34;6774,35;10,010000000000218;ROLITO EN BOLSAS 2 KG;330;10,010000000000218;2;660
20;3;2026;2026-03-20;rmanera;Alta Producción de Hielo;2143;C04 - Compresor 4 - 127;R01 - Rolitera 1;3764,34;6774,35;3010,01;ROLITO EN BOLSAS 14 KG;25;5,509999999999991;14;350
20;3;2026;2026-03-20;rmanera;Alta Producción de Hielo;2143;C04 - Compresor 4 - 127;R01 - Rolitera 1;3764,34;6774,35;3010,01;ROLITO EN BOLSAS 2 KG;863;5,509999999999991;2;1726
21;3;2026;2026-03-21;rmanera;Alta Producción de Hielo;2144;C02 - Compresor 2 - 127;R01 - Rolitera 1;36256,92;36260,21;3,290000000000873;ROLITO EN BOLSAS 14 KG;54;3,290000000000873;14;756
21;3;2026;2026-03-21;rmanera;Alta Producción de Hielo;2145;C02 - Compresor 2 - 127;R01 - Rolitera 1;36260,21;36263,3;3,0900000000037835;ROLITO EN BOLSAS 14 KG;54;3,0900000000037835;14;756
23;3;2026;2026-03-23;rmanera;Alta Producción de Hielo;2146;C04 - Compresor 4 - 127;R01 - Rolitera 1;6774,35;6781,65;7,299999999999272;ROLITO EN BOLSAS 14 KG;49;7,299999999999272;14;686
23;3;2026;2026-03-23;rmanera;Alta Producción de Hielo;2146;C04 - Compresor 4 - 127;R01 - Rolitera 1;6774,35;6781,65;7,299999999999272;ROLITO EN BOLSAS 2 KG;377;7,299999999999272;2;754
23;3;2026;2026-03-23;rmanera;Alta Producción de Hielo;2147;C04 - Compresor 4 - 127;R02 - Rolitera 2;0,0;0,0;0,0;ROLITO EN BOLSAS 2 KG;585;0,0;2;1170
24;3;2026;2026-03-24;rmanera;Alta Producción de Hielo;2148;C04 - Compresor 4 - 127;R01 - Rolitera 1;6781,65;6788,22;6,5700000000006185;ROLITO EN BOLSAS 14 KG;59;6,5700000000006185;14;826
24;3;2026;2026-03-24;rmanera;Alta Producción de Hielo;2148;C04 - Compresor 4 - 127;R01 - Rolitera 1;6781,65;6788,22;6,5700000000006185;ROLITO EN BOLSAS 2 KG;335;6,5700000000006185;2;670
24;3;2026;2026-03-24;rmanera;Alta Producción de Hielo;2148;C04 - Compresor 4 - 127;R01 - Rolitera 1;6781,65;6788,22;6,5700000000006185;ROLITO EN BOLSAS 7 KG;1;6,5700000000006185;7;7
23;3;2026;2026-03-23;rmanera;Alta Producción de Hielo;2149;C04 - Compresor 4 - 127;R01 - Rolitera 1;36263,3;36267,18;3,8799999999973807;ROLITO EN BOLSAS 14 KG;59;3,8799999999973807;14;826
23;3;2026;2026-03-23;rmanera;Alta Producción de Hielo;2149;C04 - Compresor 4 - 127;R01 - Rolitera 1;36263,3;36267,18;3,8799999999973807;ROLITO EN BOLSAS 2 KG;56;3,8799999999973807;2;112
26;3;2026;2026-03-26;rmanera;Alta Producción de Hielo;2150;C04 - Compresor 4 - 127;R01 - Rolitera 1;6799,88;6804,01;4,130000000000109;ROLITO EN BOLSAS 14 KG;59;4,130000000000109;14;826
26;3;2026;2026-03-26;rmanera;Alta Producción de Hielo;2150;C04 - Compresor 4 - 127;R01 - Rolitera 1;6799,88;6804,01;4,130000000000109;ROLITO EN BOLSAS 2 KG;448;4,130000000000109;2;896
26;3;2026;2026-03-26;rmanera;Alta Producción de Hielo;2151;C02 - Compresor 2 - 127;R01 - Rolitera 1;36270,75;36273,66;2,9100000000034925;ROLITO EN BOLSAS 2 KG;282;2,9100000000034925;2;564
25;3;2026;2026-03-25;rmanera;Alta Producción de Hielo;2152;C04 - Compresor 4 - 127;R01 - Rolitera 1;6788,22;6799,88;11,659999999999854;ROLITO EN BOLSAS 14 KG;149;11,659999999999854;14;2086
25;3;2026;2026-03-25;rmanera;Alta Producción de Hielo;2152;C04 - Compresor 4 - 127;R01 - Rolitera 1;6788,22;6799,88;11,659999999999854;ROLITO EN BOLSAS 2 KG;54;11,659999999999854;2;108
25;3;2026;2026-03-25;rmanera;Alta Producción de Hielo;2152;C04 - Compresor 4 - 127;R01 - Rolitera 1;6788,22;6799,88;11,659999999999854;ROLITO EN BOLSAS 4 KG;61;11,659999999999854;4;244
25;3;2026;2026-03-25;rmanera;Alta Producción de Hielo;2153;C04 - Compresor 4 - 127;R02 - Rolitera 2;0,0;0,0;0,0;ROLITO EN BOLSAS 14 KG;12;0,0;14;168
25;3;2026;2026-03-25;rmanera;Alta Producción de Hielo;2153;C04 - Compresor 4 - 127;R02 - Rolitera 2;0,0;0,0;0,0;ROLITO EN BOLSAS 2 KG;977;0,0;2;1954
26;3;2026;2026-03-26;rmanera;Alta Producción de Hielo;2154;C02 - Compresor 2 - 127;R01 - Rolitera 1;36267,18;36270,75;3,569999999999709;ROLITO EN BOLSAS 14 KG;57;3,569999999999709;14;798
27;3;2026;2026-03-27;rmanera;Alta Producción de Hielo;2155;C02 - Compresor 2 - 127;R01 - Rolitera 1;36273,66;36277,39;3,7299999999959255;ROLITO EN BOLSAS 2 KG;325;3,7299999999959255;2;650
27;3;2026;2026-03-27;rmanera;Alta Producción de Hielo;2156;C02 - Compresor 2 - 127;R01 - Rolitera 1;36277,39;36281,54;4,150000000001455;ROLITO EN BOLSAS 14 KG;28;4,150000000001455;14;392
27;3;2026;2026-03-27;rmanera;Alta Producción de Hielo;2156;C02 - Compresor 2 - 127;R01 - Rolitera 1;36277,39;36281,54;4,150000000001455;ROLITO EN BOLSAS 2 KG;220;4,150000000001455;2;440
27;3;2026;2026-03-27;rmanera;Alta Producción de Hielo;2157;C04 - Compresor 4 - 127;R01 - Rolitera 1;6804,1;6807,73;3,6299999999991996;ROLITO EN BOLSAS 14 KG;50;3,6299999999991996;14;700
27;3;2026;2026-03-27;rmanera;Alta Producción de Hielo;2157;C04 - Compresor 4 - 127;R01 - Rolitera 1;6804,1;6807,73;3,6299999999991996;ROLITO EN BOLSAS 2 KG;54;3,6299999999991996;2;108
27;3;2026;2026-03-27;rmanera;Alta Producción de Hielo;2158;C04 - Compresor 4 - 127;R02 - Rolitera 2;0,0;0,0;0,0;ROLITO EN BOLSAS 2 KG;320;0,0;2;640
28;3;2026;2026-03-28;rmanera;Alta Producción de Hielo;2159;C02 - Compresor 2 - 127;R01 - Rolitera 1;36281,54;36285,28;3,7399999999979627;ROLITO EN BOLSAS 14 KG;10;3,7399999999979627;14;140
28;3;2026;2026-03-28;rmanera;Alta Producción de Hielo;2159;C02 - Compresor 2 - 127;R01 - Rolitera 1;36281,54;36285,28;3,7399999999979627;ROLITO EN BOLSAS 2 KG;267;3,7399999999979627;2;534
28;3;2026;2026-03-28;rmanera;Alta Producción de Hielo;2160;C02 - Compresor 2 - 127;R01 - Rolitera 1;36285,28;36288,42;3,139999999999418;ROLITO EN BOLSAS 14 KG;49;3,139999999999418;14;686
29;3;2026;2026-03-29;rmanera;Alta Producción de Hielo;2161;C02 - Compresor 2 - 127;R01 - Rolitera 1;36288,42;36292,55;4,130000000004657;ROLITO EN BOLSAS 14 KG;18;4,130000000004657;14;252
29;3;2026;2026-03-29;rmanera;Alta Producción de Hielo;2161;C02 - Compresor 2 - 127;R01 - Rolitera 1;36288,42;36292,55;4,130000000004657;ROLITO EN BOLSAS 2 KG;208;4,130000000004657;2;416
30;3;2026;2026-03-30;rmanera;Alta Producción de Hielo;2162;C02 - Compresor 2 - 127;R01 - Rolitera 1;36292,55;36296,01;3,459999999999127;ROLITO EN BOLSAS 14 KG;43;3,459999999999127;14;602
30;3;2026;2026-03-30;rmanera;Alta Producción de Hielo;2162;C02 - Compresor 2 - 127;R01 - Rolitera 1;36292,55;36296,01;3,459999999999127;ROLITO EN BOLSAS 2 KG;52;3,459999999999127;2;104
30;3;2026;2026-03-30;rmanera;Alta Producción de Hielo;2163;C02 - Compresor 2 - 127;R01 - Rolitera 1;36296,01;36300,31;4,299999999995634;ROLITO EN BOLSAS 14 KG;20;4,299999999995634;14;280
30;3;2026;2026-03-30;rmanera;Alta Producción de Hielo;2163;C02 - Compresor 2 - 127;R01 - Rolitera 1;36296,01;36300,31;4,299999999995634;ROLITO EN BOLSAS 2 KG;165;4,299999999995634;2;330
30;3;2026;2026-03-30;rmanera;Alta Producción de Hielo;2163;C02 - Compresor 2 - 127;R01 - Rolitera 1;36296,01;36300,31;4,299999999995634;ROLITO EN BOLSAS 4 KG;61;4,299999999995634;4;244
31;3;2026;2026-03-31;rmanera;Alta Producción de Hielo;2164;C04 - Compresor 4 - 127;R01 - Rolitera 1;6807,79;6808,3;0,5100000000002183;ROLITO EN BOLSAS 2 KG;54;0,5100000000002183;2;108
31;3;2026;2026-03-31;rmanera;Alta Producción de Hielo;2165;C02 - Compresor 2 - 127;R01 - Rolitera 1;36300,31;36301,5;1,1900000000023283;ROLITO EN BOLSAS 14 KG;29;1,1900000000023283;14;406
31;3;2026;2026-03-31;rmanera;Alta Producción de Hielo;2166;C02 - Compresor 2 - 127;R01 - Rolitera 1;36301,9;36306,95;5,049999999995634;ROLITO EN BOLSAS 2 KG;381;5,049999999995634;2;762
1;4;2026;2026-04-01;rmanera;Alta Producción de Hielo;2167;C02 - Compresor 2 - 127;R01 - Rolitera 1;36306,95;36314,16;7,210000000006403;ROLITO EN BOLSAS 14 KG;75;7,210000000006403;14;1050
1;4;2026;2026-04-01;rmanera;Alta Producción de Hielo;2167;C02 - Compresor 2 - 127;R01 - Rolitera 1;36306,95;36314,16;7,210000000006403;ROLITO EN BOLSAS 2 KG;157;7,210000000006403;2;314
1;4;2026;2026-04-01;rmanera;Alta Producción de Hielo;2167;C02 - Compresor 2 - 127;R01 - Rolitera 1;36306,95;36314,16;7,210000000006403;ROLITO EN BOLSAS 7 KG;14;7,210000000006403;7;98
2;4;2026;2026-04-02;rmanera;Alta Producción de Hielo;2168;C02 - Compresor 2 - 127;R01 - Rolitera 1;36314,16;36517,49;203,32999999999447;ROLITO EN BOLSAS 14 KG;11;4,279999999998836;14;154
2;4;2026;2026-04-02;rmanera;Alta Producción de Hielo;2168;C02 - Compresor 2 - 127;R01 - Rolitera 1;36314,16;36517,49;203,32999999999447;ROLITO EN BOLSAS 2 KG;207;4,279999999998836;2;414
3;4;2026;2026-04-03;rmanera;Alta Producción de Hielo;2169;C02 - Compresor 2 - 127;R01 - Rolitera 1;36317,53;36321,64;4,110000000000582;ROLITO EN BOLSAS 14 KG;20;4,110000000000582;14;280
3;4;2026;2026-04-03;rmanera;Alta Producción de Hielo;2169;C02 - Compresor 2 - 127;R01 - Rolitera 1;36317,53;36321,64;4,110000000000582;ROLITO EN BOLSAS 2 KG;208;4,110000000000582;2;416
5;4;2026;2026-04-05;rmanera;Alta Producción de Hielo;2170;C02 - Compresor 2 - 127;R01 - Rolitera 1;36321,64;36325,54;3,900000000001455;ROLITO EN BOLSAS 14 KG;10;3,900000000001455;14;140
5;4;2026;2026-04-05;rmanera;Alta Producción de Hielo;2170;C02 - Compresor 2 - 127;R01 - Rolitera 1;36321,64;36325,54;3,900000000001455;ROLITO EN BOLSAS 2 KG;274;3,900000000001455;2;548
6;4;2026;2026-04-06;rmanera;Alta Producción de Hielo;2171;C02 - Compresor 2 - 127;R01 - Rolitera 1;36325,54;36337,16;11,62000000000262;ROLITO EN BOLSAS 14 KG;81;11,62000000000262;14;1134
6;4;2026;2026-04-06;rmanera;Alta Producción de Hielo;2171;C02 - Compresor 2 - 127;R01 - Rolitera 1;36325,54;36337,16;11,62000000000262;ROLITO EN BOLSAS 2 KG;616;11,62000000000262;2;1232
6;4;2026;2026-04-06;rmanera;Alta Producción de Hielo;2171;C02 - Compresor 2 - 127;R01 - Rolitera 1;36325,54;36337,16;11,62000000000262;ROLITO EN BOLSAS 4 KG;31;11,62000000000262;4;124
7;4;2026;2026-04-07;rmanera;Alta Producción de Hielo;2172;C02 - Compresor 2 - 127;R01 - Rolitera 1;36337,16;36348,72;11,559999999997672;ROLITO EN BOLSAS 14 KG;84;11,559999999997672;14;1176
7;4;2026;2026-04-07;rmanera;Alta Producción de Hielo;2172;C02 - Compresor 2 - 127;R01 - Rolitera 1;36337,16;36348,72;11,559999999997672;ROLITO EN BOLSAS 2 KG;611;11,559999999997672;2;1222
8;4;2026;2026-04-08;rmanera;Alta Producción de Hielo;2173;C02 - Compresor 2 - 127;R01 - Rolitera 1;36348,72;36358,63;9,909999999996217;ROLITO EN BOLSAS 14 KG;109;9,909999999996217;14;1526
8;4;2026;2026-04-08;rmanera;Alta Producción de Hielo;2173;C02 - Compresor 2 - 127;R01 - Rolitera 1;36348,72;36358,63;9,909999999996217;ROLITO EN BOLSAS 2 KG;331;9,909999999996217;2;662
9;4;2026;2026-04-09;rmanera;Alta Producción de Hielo;2174;C02 - Compresor 2 - 127;R01 - Rolitera 1;3635863,0;3636565,0;702,0;ROLITO EN BOLSAS 14 KG;60;4,279999999998836;14;840
9;4;2026;2026-04-09;rmanera;Alta Producción de Hielo;2174;C02 - Compresor 2 - 127;R01 - Rolitera 1;3635863,0;3636565,0;702,0;ROLITO EN BOLSAS 2 KG;328;4,279999999998836;2;656
10;4;2026;2026-04-10;rmanera;Alta Producción de Hielo;2175;C02 - Compresor 2 - 127;R01 - Rolitera 1;3636565,0;3637312,0;747,0;ROLITO EN BOLSAS 2 KG;602;4,279999999998836;2;1204
11;4;2026;2026-04-11;rmanera;Alta Producción de Hielo;2176;C02 - Compresor 2 - 127;R01 - Rolitera 1;3637312,0;3637315,0;3,0;ROLITO EN BOLSAS 14 KG;9;3,0;14;126
11;4;2026;2026-04-11;rmanera;Alta Producción de Hielo;2177;C02 - Compresor 2 - 127;R01 - Rolitera 1;36373,15;36374,52;1,3699999999953434;ROLITO EN BOLSAS 2 KG;113;1,3699999999953434;2;226
12;4;2026;2026-04-12;rmanera;Alta Producción de Hielo;2178;C02 - Compresor 2 - 127;R01 - Rolitera 1;36374,32;36378,38;4,059999999997672;ROLITO EN BOLSAS 2 KG;221;4,059999999997672;2;442
11;4;2026;2026-04-11;rmanera;Alta Producción de Hielo;2179;C04 - Compresor 4 - 127;R01 - Rolitera 1;6808,31;6811,9;3,589999999999236;ROLITO EN BOLSAS 14 KG;34;3,589999999999236;14;476
11;4;2026;2026-04-11;rmanera;Alta Producción de Hielo;2179;C04 - Compresor 4 - 127;R01 - Rolitera 1;6808,31;6811,9;3,589999999999236;ROLITO EN BOLSAS 2 KG;334;3,589999999999236;2;668
11;4;2026;2026-04-11;rmanera;Alta Producción de Hielo;2179;C04 - Compresor 4 - 127;R01 - Rolitera 1;6808,31;6811,9;3,589999999999236;ROLITO EN BOLSAS 4 KG;5;3,589999999999236;4;20
13;4;2026;2026-04-13;rmanera;Alta Producción de Hielo;2180;C04 - Compresor 4 - 127;R01 - Rolitera 1;6813,49;6817,18;3,6900000000005093;ROLITO EN BOLSAS 14 KG;10;3,6900000000005093;14;140
13;4;2026;2026-04-13;rmanera;Alta Producción de Hielo;2180;C04 - Compresor 4 - 127;R01 - Rolitera 1;6813,49;6817,18;3,6900000000005093;ROLITO EN BOLSAS 2 KG;287;3,6900000000005093;2;574
13;4;2026;2026-04-13;rmanera;Alta Producción de Hielo;2181;C04 - Compresor 4 - 127;R02 - Rolitera 2;0,0;0,0;0,0;ROLITO EN BOLSAS 14 KG;10;0,0;14;140
13;4;2026;2026-04-13;rmanera;Alta Producción de Hielo;2181;C04 - Compresor 4 - 127;R02 - Rolitera 2;0,0;0,0;0,0;ROLITO EN BOLSAS 2 KG;262;0,0;2;524
13;4;2026;2026-04-13;rmanera;Alta Producción de Hielo;2182;C02 - Compresor 2 - 127;R01 - Rolitera 1;36378,68;36386,46;7,779999999998836;ROLITO EN BOLSAS 14 KG;39;7,779999999998836;14;546
13;4;2026;2026-04-13;rmanera;Alta Producción de Hielo;2182;C02 - Compresor 2 - 127;R01 - Rolitera 1;36378,68;36386,46;7,779999999998836;ROLITO EN BOLSAS 2 KG;518;7,779999999998836;2;1036
14;4;2026;2026-04-14;rmanera;Alta Producción de Hielo;2183;C02 - Compresor 2 - 127;R01 - Rolitera 1;36386,46;36390,03;3,569999999999709;ROLITO EN BOLSAS 14 KG;49;3,569999999999709;14;686
14;4;2026;2026-04-14;rmanera;Alta Producción de Hielo;2183;C02 - Compresor 2 - 127;R01 - Rolitera 1;36386,46;36390,03;3,569999999999709;ROLITO EN BOLSAS 2 KG;54;3,569999999999709;2;108
14;4;2026;2026-04-14;rmanera;Alta Producción de Hielo;2184;C04 - Compresor 4 - 127;R01 - Rolitera 1;6817,18;6821,05;3,869999999999891;ROLITO EN BOLSAS 14 KG;40;3,869999999999891;14;560
14;4;2026;2026-04-14;rmanera;Alta Producción de Hielo;2184;C04 - Compresor 4 - 127;R01 - Rolitera 1;6817,18;6821,05;3,869999999999891;ROLITO EN BOLSAS 2 KG;160;3,869999999999891;2;320
14;4;2026;2026-04-14;rmanera;Alta Producción de Hielo;2185;C04 - Compresor 4 - 127;R02 - Rolitera 2;0,0;0,0;0,0;ROLITO EN BOLSAS 2 KG;194;0,0;2;388
15;4;2026;2026-04-15;rmanera;Alta Producción de Hielo;2186;C04 - Compresor 4 - 127;R01 - Rolitera 1;6821,05;6824,43;3,380000000000109;ROLITO EN BOLSAS 2 KG;374;3,380000000000109;2;748
15;4;2026;2026-04-15;rmanera;Alta Producción de Hielo;2187;C02 - Compresor 2 - 127;R01 - Rolitera 1;36390,03;36397,57;7,540000000000873;ROLITO EN BOLSAS 14 KG;44;7,540000000000873;14;616
15;4;2026;2026-04-15;rmanera;Alta Producción de Hielo;2187;C02 - Compresor 2 - 127;R01 - Rolitera 1;36390,03;36397,57;7,540000000000873;ROLITO EN BOLSAS 2 KG;399;7,540000000000873;2;798
15;4;2026;2026-04-15;rmanera;Alta Producción de Hielo;2187;C02 - Compresor 2 - 127;R01 - Rolitera 1;36390,03;36397,57;7,540000000000873;ROLITO EN BOLSAS 4 KG;32;7,540000000000873;4;128
16;4;2026;2026-04-16;rmanera;Alta Producción de Hielo;2188;C02 - Compresor 2 - 127;R01 - Rolitera 1;36397,57;36409,45;11,87999999999738;ROLITO EN BOLSAS 14 KG;82;11,87999999999738;14;1148
16;4;2026;2026-04-16;rmanera;Alta Producción de Hielo;2188;C02 - Compresor 2 - 127;R01 - Rolitera 1;36397,57;36409,45;11,87999999999738;ROLITO EN BOLSAS 2 KG;557;11,87999999999738;2;1114
16;4;2026;2026-04-16;rmanera;Alta Producción de Hielo;2188;C02 - Compresor 2 - 127;R01 - Rolitera 1;36397,57;36409,45;11,87999999999738;ROLITO EN BOLSAS 4 KG;33;11,87999999999738;4;132
17;4;2026;2026-04-17;rmanera;Alta Producción de Hielo;2189;C04 - Compresor 4 - 127;R01 - Rolitera 1;6824,43;6824,54;0,10999999999967258;ROLITO EN BOLSAS 2 KG;53;0,10999999999967258;2;106
17;4;2026;2026-04-17;rmanera;Alta Producción de Hielo;2190;C02 - Compresor 2 - 127;R01 - Rolitera 1;36409,97;36410,45;0,47999999999592546;ROLITO EN BOLSAS 2 KG;111;0,47999999999592546;2;222
17;4;2026;2026-04-17;rmanera;Alta Producción de Hielo;2191;C04 - Compresor 4 - 127;R01 - Rolitera 1;6827,54;6829,69;2,149999999999636;ROLITO EN BOLSAS 14 KG;15;2,149999999999636;14;210
17;4;2026;2026-04-17;rmanera;Alta Producción de Hielo;2191;C04 - Compresor 4 - 127;R01 - Rolitera 1;6827,54;6829,69;2,149999999999636;ROLITO EN BOLSAS 2 KG;164;2,149999999999636;2;328
17;4;2026;2026-04-17;rmanera;Alta Producción de Hielo;2192;C04 - Compresor 4 - 127;R01 - Rolitera 1;6824,99;6827,54;2,550000000000182;ROLITO EN BOLSAS 14 KG;33;2,550000000000182;14;462
17;4;2026;2026-04-17;rmanera;Alta Producción de Hielo;2192;C04 - Compresor 4 - 127;R01 - Rolitera 1;6824,99;6827,54;2,550000000000182;ROLITO EN BOLSAS 2 KG;109;2,550000000000182;2;218
20;4;2026;2026-04-20;rmanera;Alta Producción de Hielo;2193;C04 - Compresor 4 - 127;R01 - Rolitera 1;6829,69;6838,22;8,530000000000655;ROLITO EN BOLSAS 14 KG;39;8,530000000000655;14;546
20;4;2026;2026-04-20;rmanera;Alta Producción de Hielo;2193;C04 - Compresor 4 - 127;R01 - Rolitera 1;6829,69;6838,22;8,530000000000655;ROLITO EN BOLSAS 2 KG;609;8,530000000000655;2;1218
20;4;2026;2026-04-20;rmanera;Alta Producción de Hielo;2193;C04 - Compresor 4 - 127;R01 - Rolitera 1;6829,69;6838,22;8,530000000000655;ROLITO EN BOLSAS 4 KG;33;8,530000000000655;4;132
20;4;2026;2026-04-20;rmanera;Alta Producción de Hielo;2194;C04 - Compresor 4 - 127;R02 - Rolitera 2;0,0;0,0;0,0;ROLITO EN BOLSAS 14 KG;12;0,0;14;168
20;4;2026;2026-04-20;rmanera;Alta Producción de Hielo;2194;C04 - Compresor 4 - 127;R02 - Rolitera 2;0,0;0,0;0,0;ROLITO EN BOLSAS 2 KG;194;0,0;2;388
21;4;2026;2026-04-21;rmanera;Alta Producción de Hielo;2195;C04 - Compresor 4 - 127;R01 - Rolitera 1;6842,38;6846,83;4,449999999999818;ROLITO EN BOLSAS 14 KG;126;4,449999999999818;14;1764
21;4;2026;2026-04-21;rmanera;Alta Producción de Hielo;2195;C04 - Compresor 4 - 127;R01 - Rolitera 1;6842,38;6846,83;4,449999999999818;ROLITO EN BOLSAS 7 KG;35;4,449999999999818;7;245
21;4;2026;2026-04-21;rmanera;Alta Producción de Hielo;2196;C04 - Compresor 4 - 127;R02 - Rolitera 2;0,0;0,0;0,0;ROLITO EN BOLSAS 14 KG;12;0,0;14;168
21;4;2026;2026-04-21;rmanera;Alta Producción de Hielo;2196;C04 - Compresor 4 - 127;R02 - Rolitera 2;0,0;0,0;0,0;ROLITO EN BOLSAS 2 KG;254;0,0;2;508
22;4;2026;2026-04-22;rmanera;Alta Producción de Hielo;2197;C04 - Compresor 4 - 127;R01 - Rolitera 1;6846,83;6855,57;8,739999999999782;ROLITO EN BOLSAS 14 KG;139;8,739999999999782;14;1946
22;4;2026;2026-04-22;rmanera;Alta Producción de Hielo;2197;C04 - Compresor 4 - 127;R01 - Rolitera 1;6846,83;6855,57;8,739999999999782;ROLITO EN BOLSAS 2 KG;172;8,739999999999782;2;344
22;4;2026;2026-04-22;rmanera;Alta Producción de Hielo;2198;C04 - Compresor 4 - 127;R02 - Rolitera 2;0,0;0,0;0,0;ROLITO EN BOLSAS 2 KG;321;0,0;2;642
23;4;2026;2026-04-23;rmanera;Alta Producción de Hielo;2199;C04 - Compresor 4 - 127;R01 - Rolitera 1;6855,57;6866,91;11,340000000000146;ROLITO EN BOLSAS 14 KG;139;11,340000000000146;14;1946
23;4;2026;2026-04-23;rmanera;Alta Producción de Hielo;2199;C04 - Compresor 4 - 127;R01 - Rolitera 1;6855,57;6866,91;11,340000000000146;ROLITO EN BOLSAS 2 KG;559;11,340000000000146;2;1118
24;4;2026;2026-04-24;rmanera;Alta Producción de Hielo;2200;C02 - Compresor 2 - 127;R01 - Rolitera 1;36411,19;36418,16;6,970000000001164;ROLITO EN BOLSAS 14 KG;46;6,970000000001164;14;644
24;4;2026;2026-04-24;rmanera;Alta Producción de Hielo;2200;C02 - Compresor 2 - 127;R01 - Rolitera 1;36411,19;36418,16;6,970000000001164;ROLITO EN BOLSAS 2 KG;326;6,970000000001164;2;652
24;4;2026;2026-04-24;rmanera;Alta Producción de Hielo;2200;C02 - Compresor 2 - 127;R01 - Rolitera 1;36411,19;36418,16;6,970000000001164;ROLITO EN BOLSAS 4 KG;30;6,970000000001164;4;120
24;4;2026;2026-04-24;rmanera;Alta Producción de Hielo;2201;C02 - Compresor 2 - 127;R01 - Rolitera 1;36410,6;36411,19;0,5900000000037835;ROLITO EN BOLSAS 2 KG;55;0,5900000000037835;2;110
24;4;2026;2026-04-24;rmanera;Alta Producción de Hielo;2202;C04 - Compresor 4 - 127;R01 - Rolitera 1;6866,91;6867,89;0,9800000000004729;ROLITO EN BOLSAS 2 KG;108;0,9800000000004729;2;216
24;4;2026;2026-04-24;rmanera;Alta Producción de Hielo;2203;C04 - Compresor 4 - 127;R01 - Rolitera 1;6867,89;6870,24;2,3499999999994543;ROLITO EN BOLSAS 14 KG;10;2,3499999999994543;14;140
24;4;2026;2026-04-24;rmanera;Alta Producción de Hielo;2203;C04 - Compresor 4 - 127;R01 - Rolitera 1;6867,89;6870,24;2,3499999999994543;ROLITO EN BOLSAS 2 KG;218;2,3499999999994543;2;436
25;4;2026;2026-04-25;rmanera;Alta Producción de Hielo;2204;C02 - Compresor 2 - 127;R01 - Rolitera 1;36418,16;36422,38;4,219999999993888;ROLITO EN BOLSAS 14 KG;29;4,219999999993888;14;406
25;4;2026;2026-04-25;rmanera;Alta Producción de Hielo;2204;C02 - Compresor 2 - 127;R01 - Rolitera 1;36418,16;36422,38;4,219999999993888;ROLITO EN BOLSAS 2 KG;207;4,219999999993888;2;414
27;4;2026;2026-04-27;rmanera;Alta Producción de Hielo;2205;C02 - Compresor 2 - 127;R01 - Rolitera 1;36422,31;36431,6;9,290000000000873;ROLITO EN BOLSAS 14 KG;59;9,290000000000873;14;826
27;4;2026;2026-04-27;rmanera;Alta Producción de Hielo;2205;C02 - Compresor 2 - 127;R01 - Rolitera 1;36422,31;36431,6;9,290000000000873;ROLITO EN BOLSAS 2 KG;525;9,290000000000873;2;1050
28;4;2026;2026-04-28;rmanera;Alta Producción de Hielo;2206;C02 - Compresor 2 - 127;R01 - Rolitera 1;36431,6;36442,15;10,55000000000291;ROLITO EN BOLSAS 14 KG;38;10,55000000000291;14;532
28;4;2026;2026-04-28;rmanera;Alta Producción de Hielo;2206;C02 - Compresor 2 - 127;R01 - Rolitera 1;36431,6;36442,15;10,55000000000291;ROLITO EN BOLSAS 2 KG;610;10,55000000000291;2;1220
28;4;2026;2026-04-28;rmanera;Alta Producción de Hielo;2206;C02 - Compresor 2 - 127;R01 - Rolitera 1;36431,6;36442,15;10,55000000000291;ROLITO EN BOLSAS 4 KG;57;10,55000000000291;4;228
29;4;2026;2026-04-29;rmanera;Alta Producción de Hielo;2207;C02 - Compresor 2 - 127;R01 - Rolitera 1;36442,15;36453,67;11,519999999996799;ROLITO EN BOLSAS 14 KG;79;11,519999999996799;14;1106
29;4;2026;2026-04-29;rmanera;Alta Producción de Hielo;2207;C02 - Compresor 2 - 127;R01 - Rolitera 1;36442,15;36453,67;11,519999999996799;ROLITO EN BOLSAS 2 KG;620;11,519999999996799;2;1240
30;4;2026;2026-04-30;rmanera;Alta Producción de Hielo;2208;C02 - Compresor 2 - 127;R01 - Rolitera 1;36453,68;36460,81;7,129999999997381;ROLITO EN BOLSAS 14 KG;29;7,129999999997381;14;406
30;4;2026;2026-04-30;rmanera;Alta Producción de Hielo;2208;C02 - Compresor 2 - 127;R01 - Rolitera 1;36453,68;36460,81;7,129999999997381;ROLITO EN BOLSAS 2 KG;409;7,129999999997381;2;818
1;5;2026;2026-05-01;rmanera;Alta Producción de Hielo;2209;C02 - Compresor 2 - 127;R01 - Rolitera 1;36460,81;36463,78;2,970000000001164;ROLITO EN BOLSAS 14 KG;9;2,970000000001164;14;126
1;5;2026;2026-05-01;rmanera;Alta Producción de Hielo;2209;C02 - Compresor 2 - 127;R01 - Rolitera 1;36460,81;36463,78;2,970000000001164;ROLITO EN BOLSAS 2 KG;194;2,970000000001164;2;388
2;5;2026;2026-05-02;rmanera;Alta Producción de Hielo;2210;C02 - Compresor 2 - 127;R01 - Rolitera 1;36463,78;36474,45;10,669999999998254;ROLITO EN BOLSAS 14 KG;9;10,669999999998254;14;126
2;5;2026;2026-05-02;rmanera;Alta Producción de Hielo;2210;C02 - Compresor 2 - 127;R01 - Rolitera 1;36463,78;36474,45;10,669999999998254;ROLITO EN BOLSAS 2 KG;912;10,669999999998254;2;1824
3;5;2026;2026-05-03;rmanera;Alta Producción de Hielo;2211;C02 - Compresor 2 - 127;R01 - Rolitera 1;36474,43;36477,66;3,2300000000032014;ROLITO EN BOLSAS 14 KG;8;3,2300000000032014;14;112
3;5;2026;2026-05-03;rmanera;Alta Producción de Hielo;2211;C02 - Compresor 2 - 127;R01 - Rolitera 1;36474,43;36477,66;3,2300000000032014;ROLITO EN BOLSAS 2 KG;209;3,2300000000032014;2;418
5;5;2026;2026-05-05;rmanera;Alta Producción de Hielo;2212;C02 - Compresor 2 - 127;R01 - Rolitera 1;36485,82;36495,98;10,160000000003492;ROLITO EN BOLSAS 14 KG;60;10,160000000003492;14;840
5;5;2026;2026-05-05;rmanera;Alta Producción de Hielo;2212;C02 - Compresor 2 - 127;R01 - Rolitera 1;36485,82;36495,98;10,160000000003492;ROLITO EN BOLSAS 2 KG;479;10,160000000003492;2;958
5;5;2026;2026-05-05;rmanera;Alta Producción de Hielo;2212;C02 - Compresor 2 - 127;R01 - Rolitera 1;36485,82;36495,98;10,160000000003492;ROLITO EN BOLSAS 4 KG;30;10,160000000003492;4;120
5;5;2026;2026-05-05;rmanera;Alta Producción de Hielo;2212;C02 - Compresor 2 - 127;R01 - Rolitera 1;36485,82;36495,98;10,160000000003492;ROLITO EN BOLSAS 7 KG;17;10,160000000003492;7;119
4;5;2026;2026-05-04;rmanera;Alta Producción de Hielo;2213;C02 - Compresor 2 - 127;R01 - Rolitera 1;36477,66;36485,82;8,159999999996217;ROLITO EN BOLSAS 14 KG;87;8,159999999996217;14;1218
4;5;2026;2026-05-04;rmanera;Alta Producción de Hielo;2213;C02 - Compresor 2 - 127;R01 - Rolitera 1;36477,66;36485,82;8,159999999996217;ROLITO EN BOLSAS 2 KG;216;8,159999999996217;2;432
4;5;2026;2026-05-04;rmanera;Alta Producción de Hielo;2213;C02 - Compresor 2 - 127;R01 - Rolitera 1;36477,66;36485,82;8,159999999996217;ROLITO EN BOLSAS 4 KG;31;8,159999999996217;4;124
4;5;2026;2026-05-04;rmanera;Alta Producción de Hielo;2214;C04 - Compresor 4 - 127;R01 - Rolitera 1;6870,24;6873,77;3,530000000000655;ROLITO EN BOLSAS 14 KG;22;3,530000000000655;14;308
4;5;2026;2026-05-04;rmanera;Alta Producción de Hielo;2214;C04 - Compresor 4 - 127;R01 - Rolitera 1;6870,24;6873,77;3,530000000000655;ROLITO EN BOLSAS 2 KG;223;3,530000000000655;2;446
4;5;2026;2026-05-04;rmanera;Alta Producción de Hielo;2215;C04 - Compresor 4 - 127;R02 - Rolitera 2;0,0;0,0;0,0;ROLITO EN BOLSAS 14 KG;13;0,0;14;182
4;5;2026;2026-05-04;rmanera;Alta Producción de Hielo;2215;C04 - Compresor 4 - 127;R02 - Rolitera 2;0,0;0,0;0,0;ROLITO EN BOLSAS 2 KG;258;0,0;2;516
6;5;2026;2026-05-06;rmanera;Alta Producción de Hielo;2216;C02 - Compresor 2 - 127;R01 - Rolitera 1;36495,98;36507,79;11,809999999997672;ROLITO EN BOLSAS 14 KG;72;11,809999999997672;14;1008
6;5;2026;2026-05-06;rmanera;Alta Producción de Hielo;2216;C02 - Compresor 2 - 127;R01 - Rolitera 1;36495,98;36507,79;11,809999999997672;ROLITO EN BOLSAS 2 KG;636;11,809999999997672;2;1272
7;5;2026;2026-05-07;rmanera;Alta Producción de Hielo;2217;C02 - Compresor 2 - 127;R01 - Rolitera 1;36507,79;36519,48;11,690000000002328;ROLITO EN BOLSAS 14 KG;78;11,690000000002328;14;1092
7;5;2026;2026-05-07;rmanera;Alta Producción de Hielo;2217;C02 - Compresor 2 - 127;R01 - Rolitera 1;36507,79;36519,48;11,690000000002328;ROLITO EN BOLSAS 2 KG;652;11,690000000002328;2;1304
10;5;2026;2026-05-10;rmanera;Alta Producción de Hielo;2218;C02 - Compresor 2 - 127;R01 - Rolitera 1;36533,74;36536,85;3,110000000000582;ROLITO EN BOLSAS 2 KG;262;3,110000000000582;2;524
8;5;2026;2026-05-08;mreinero;Alta Producción de Hielo;2219;C02 - Compresor 2 - 127;R01 - Rolitera 1;36519,48;36530,32;10,839999999996508;ROLITO EN BOLSAS 14 KG;16;10,839999999996508;14;224
8;5;2026;2026-05-08;mreinero;Alta Producción de Hielo;2219;C02 - Compresor 2 - 127;R01 - Rolitera 1;36519,48;36530,32;10,839999999996508;ROLITO EN BOLSAS 2 KG;899;10,839999999996508;2;1798
9;5;2026;2026-05-09;mreinero;Alta Producción de Hielo;2220;C02 - Compresor 2 - 127;R01 - Rolitera 1;36530,32;36533,74;3,4199999999982538;ROLITO EN BOLSAS 14 KG;60;3,4199999999982538;14;840
11;5;2026;2026-05-11;mreinero;Alta Producción de Hielo;2221;C04 - Compresor 4 - 127;R01 - Rolitera 1;6873,77;6875,57;1,7999999999992724;ROLITO EN BOLSAS 2 KG;166;1,7999999999992724;2;332
11;5;2026;2026-05-11;mreinero;Alta Producción de Hielo;2222;C04 - Compresor 4 - 127;R02 - Rolitera 2;0,0;0,0;0,0;ROLITO EN BOLSAS 2 KG;141;0,0;2;282
11;5;2026;2026-05-11;mreinero;Alta Producción de Hielo;2223;C02 - Compresor 2 - 127;R01 - Rolitera 1;36536,85;36544,48;7,630000000004657;ROLITO EN BOLSAS 14 KG;20;7,630000000004657;14;280
11;5;2026;2026-05-11;mreinero;Alta Producción de Hielo;2223;C02 - Compresor 2 - 127;R01 - Rolitera 1;36536,85;36544,48;7,630000000004657;ROLITO EN BOLSAS 2 KG;578;7,630000000004657;2;1156
12;5;2026;2026-05-12;rmanera;Alta Producción de Hielo;2224;C02 - Compresor 2 - 127;R01 - Rolitera 1;36544,48;36555,98;11,5;ROLITO EN BOLSAS 14 KG;49;11,5;14;686
12;5;2026;2026-05-12;rmanera;Alta Producción de Hielo;2224;C02 - Compresor 2 - 127;R01 - Rolitera 1;36544,48;36555,98;11,5;ROLITO EN BOLSAS 2 KG;757;11,5;2;1514
12;5;2026;2026-05-12;rmanera;Alta Producción de Hielo;2224;C02 - Compresor 2 - 127;R01 - Rolitera 1;36544,48;36555,98;11,5;ROLITO EN BOLSAS 4 KG;30;11,5;4;120
13;5;2026;2026-05-13;rmanera;Alta Producción de Hielo;2225;C02 - Compresor 2 - 127;R01 - Rolitera 1;36555,98;36567,25;11,269999999996799;ROLITO EN BOLSAS 14 KG;56;11,269999999996799;14;784
13;5;2026;2026-05-13;rmanera;Alta Producción de Hielo;2225;C02 - Compresor 2 - 127;R01 - Rolitera 1;36555,98;36567,25;11,269999999996799;ROLITO EN BOLSAS 2 KG;710;11,269999999996799;2;1420
13;5;2026;2026-05-13;rmanera;Alta Producción de Hielo;2225;C02 - Compresor 2 - 127;R01 - Rolitera 1;36555,98;36567,25;11,269999999996799;ROLITO EN BOLSAS 4 KG;20;11,269999999996799;4;80
14;5;2026;2026-05-14;rmanera;Alta Producción de Hielo;2226;C02 - Compresor 2 - 127;R01 - Rolitera 1;36567,25;36574,76;7,510000000002037;ROLITO EN BOLSAS 14 KG;59;7,510000000002037;14;826
14;5;2026;2026-05-14;rmanera;Alta Producción de Hielo;2226;C02 - Compresor 2 - 127;R01 - Rolitera 1;36567,25;36574,76;7,510000000002037;ROLITO EN BOLSAS 2 KG;295;7,510000000002037;2;590
14;5;2026;2026-05-14;rmanera;Alta Producción de Hielo;2226;C02 - Compresor 2 - 127;R01 - Rolitera 1;36567,25;36574,76;7,510000000002037;ROLITO EN BOLSAS 7 KG;16;7,510000000002037;7;112
15;5;2026;2026-05-15;rmanera;Alta Producción de Hielo;2227;C02 - Compresor 2 - 127;R01 - Rolitera 1;36574,76;36582,34;7,57999999999447;ROLITO EN BOLSAS 2 KG;529;7,57999999999447;2;1058
16;5;2026;2026-05-16;rmanera;Alta Producción de Hielo;2228;C02 - Compresor 2 - 127;R01 - Rolitera 1;36582,34;36585,88;3,540000000000873;ROLITO EN BOLSAS 14 KG;59;3,540000000000873;14;826
16;5;2026;2026-05-16;rmanera;Alta Producción de Hielo;2229;C02 - Compresor 2 - 127;R01 - Rolitera 1;36585,88;36588,29;2,4100000000034925;ROLITO EN BOLSAS 2 KG;200;2,4100000000034925;2;400
17;5;2026;2026-05-17;rmanera;Alta Producción de Hielo;2230;C02 - Compresor 2 - 127;R01 - Rolitera 1;36588,29;36591,91;3,6200000000026193;ROLITO EN BOLSAS 14 KG;20;3,6200000000026193;14;280
17;5;2026;2026-05-17;rmanera;Alta Producción de Hielo;2230;C02 - Compresor 2 - 127;R01 - Rolitera 1;36588,29;36591,91;3,6200000000026193;ROLITO EN BOLSAS 2 KG;209;3,6200000000026193;2;418
18;5;2025;2025-05-18;mreinero;Alta Producción de Hielo;2231;C02 - Compresor 2 - 127;R01 - Rolitera 1;36591,91;3695581,0;3658989,09;ROLITO EN BOLSAS 14 KG;21;4,279999999998836;14;294
18;5;2025;2025-05-18;mreinero;Alta Producción de Hielo;2231;C02 - Compresor 2 - 127;R01 - Rolitera 1;36591,91;3695581,0;3658989,09;ROLITO EN BOLSAS 2 KG;599;4,279999999998836;2;1198
18;5;2026;2026-05-18;mreinero;Alta Producción de Hielo;2232;C04 - Compresor 4 - 127;R01 - Rolitera 1;6875,57;6877,33;1,7600000000002183;ROLITO EN BOLSAS 2 KG;164;1,7600000000002183;2;328
18;5;2026;2026-05-18;mreinero;Alta Producción de Hielo;2233;C04 - Compresor 4 - 127;R02 - Rolitera 2;0,0;0,0;0,0;ROLITO EN BOLSAS 2 KG;141;0,0;2;282
19;5;2026;2026-05-19;rmanera;Alta Producción de Hielo;2234;C02 - Compresor 2 - 127;R01 - Rolitera 1;36599,81;36611,44;11,630000000004657;ROLITO EN BOLSAS 14 KG;58;11,630000000004657;14;812
19;5;2026;2026-05-19;rmanera;Alta Producción de Hielo;2234;C02 - Compresor 2 - 127;R01 - Rolitera 1;36599,81;36611,44;11,630000000004657;ROLITO EN BOLSAS 2 KG;646;11,630000000004657;2;1292
20;5;2026;2026-05-20;rmanera;Alta Producción de Hielo;2235;C02 - Compresor 2 - 127;R01 - Rolitera 1;36611,44;36621,88;10,439999999995052;ROLITO EN BOLSAS 14 KG;31;10,439999999995052;14;434
20;5;2026;2026-05-20;rmanera;Alta Producción de Hielo;2235;C02 - Compresor 2 - 127;R01 - Rolitera 1;36611,44;36621,88;10,439999999995052;ROLITO EN BOLSAS 2 KG;428;10,439999999995052;2;856
20;5;2026;2026-05-20;rmanera;Alta Producción de Hielo;2235;C02 - Compresor 2 - 127;R01 - Rolitera 1;36611,44;36621,88;10,439999999995052;ROLITO EN BOLSAS 4 KG;155;10,439999999995052;4;620
21;5;2026;2026-05-21;rmanera;Alta Producción de Hielo;2236;C02 - Compresor 2 - 127;R01 - Rolitera 1;36621,88;36633,57;11,690000000002328;ROLITO EN BOLSAS 14 KG;133;11,690000000002328;14;1862
21;5;2026;2026-05-21;rmanera;Alta Producción de Hielo;2236;C02 - Compresor 2 - 127;R01 - Rolitera 1;36621,88;36633,57;11,690000000002328;ROLITO EN BOLSAS 2 KG;362;11,690000000002328;2;724
22;5;2026;2026-05-22;rmanera;Alta Producción de Hielo;2237;C02 - Compresor 2 - 127;R01 - Rolitera 1;36633,57;36644,08;10,510000000002037;ROLITO EN BOLSAS 14 KG;85;10,510000000002037;14;1190
22;5;2026;2026-05-22;rmanera;Alta Producción de Hielo;2237;C02 - Compresor 2 - 127;R01 - Rolitera 1;36633,57;36644,08;10,510000000002037;ROLITO EN BOLSAS 2 KG;363;10,510000000002037;2;726
23;5;2026;2026-05-23;rmanera;Alta Producción de Hielo;2238;C02 - Compresor 2 - 127;R01 - Rolitera 1;36644,08;36644,47;0,3899999999994179;ROLITO EN BOLSAS 14 KG;61;0,3899999999994179;14;854
25;5;2026;2026-05-25;rmanera;Alta Producción de Hielo;2239;C02 - Compresor 2 - 127;R01 - Rolitera 1;36647,47;36650,69;3,220000000001164;ROLITO EN BOLSAS 14 KG;48;3,220000000001164;14;672
26;5;2026;2026-05-26;rmanera;Alta Producción de Hielo;2240;C02 - Compresor 2 - 127;R01 - Rolitera 1;36650,69;36662,28;11,589999999996508;ROLITO EN BOLSAS 14 KG;98;11,589999999996508;14;1372
26;5;2026;2026-05-26;rmanera;Alta Producción de Hielo;2240;C02 - Compresor 2 - 127;R01 - Rolitera 1;36650,69;36662,28;11,589999999996508;ROLITO EN BOLSAS 2 KG;489;11,589999999996508;2;978
26;5;2026;2026-05-26;rmanera;Alta Producción de Hielo;2240;C02 - Compresor 2 - 127;R01 - Rolitera 1;36650,69;36662,28;11,589999999996508;ROLITO EN BOLSAS 7 KG;16;11,589999999996508;7;112
27;5;2026;2026-05-27;rmanera;Alta Producción de Hielo;2241;C02 - Compresor 2 - 127;R01 - Rolitera 1;36662,28;36672,34;10,059999999997672;ROLITO EN BOLSAS 14 KG;48;10,059999999997672;14;672
27;5;2026;2026-05-27;rmanera;Alta Producción de Hielo;2241;C02 - Compresor 2 - 127;R01 - Rolitera 1;36662,28;36672,34;10,059999999997672;ROLITO EN BOLSAS 2 KG;633;10,059999999997672;2;1266
28;5;2026;2026-05-28;rmanera;Alta Producción de Hielo;2242;C02 - Compresor 2 - 127;R01 - Rolitera 1;36672,34;36683,61;11,270000000004075;ROLITO EN BOLSAS 14 KG;89;11,270000000004075;14;1246
28;5;2026;2026-05-28;rmanera;Alta Producción de Hielo;2242;C02 - Compresor 2 - 127;R01 - Rolitera 1;36672,34;36683,61;11,270000000004075;ROLITO EN BOLSAS 2 KG;537;11,270000000004075;2;1074
29;5;2026;2026-05-29;rmanera;Alta Producción de Hielo;2243;C02 - Compresor 2 - 127;R01 - Rolitera 1;36683,61;36692,45;8,839999999996508;ROLITO EN BOLSAS 14 KG;94;8,839999999996508;14;1316
29;5;2026;2026-05-29;rmanera;Alta Producción de Hielo;2243;C02 - Compresor 2 - 127;R01 - Rolitera 1;36683,61;36692,45;8,839999999996508;ROLITO EN BOLSAS 2 KG;251;8,839999999996508;2;502
30;5;2026;2026-05-30;rmanera;Alta Producción de Hielo;2244;C02 - Compresor 2 - 127;R01 - Rolitera 1;36692,45;36696,08;3,6300000000046566;ROLITO EN BOLSAS 14 KG;58;3,6300000000046566;14;812
1;6;2026;2026-06-01;mreinero;Alta Producción de Hielo;2245;C02 - Compresor 2 - 127;R01 - Rolitera 1;36696,08;36706,21;10,12999999999738;ROLITO EN BOLSAS 14 KG;73;10,12999999999738;14;1022
1;6;2026;2026-06-01;mreinero;Alta Producción de Hielo;2245;C02 - Compresor 2 - 127;R01 - Rolitera 1;36696,08;36706,21;10,12999999999738;ROLITO EN BOLSAS 2 KG;438;10,12999999999738;2;876
2;6;2026;2026-06-02;rmanera;Alta Producción de Hielo;2246;C02 - Compresor 2 - 127;R01 - Rolitera 1;26706,21;36709,74;10003,529999999999;ROLITO EN BOLSAS 14 KG;40;4,279999999998836;14;560
2;6;2026;2026-06-02;rmanera;Alta Producción de Hielo;2246;C02 - Compresor 2 - 127;R01 - Rolitera 1;26706,21;36709,74;10003,529999999999;ROLITO EN BOLSAS 2 KG;111;4,279999999998836;2;222
2;6;2026;2026-06-02;rmanera;Alta Producción de Hielo;2247;C02 - Compresor 2 - 127;R01 - Rolitera 1;36709,76;36714,94;5,180000000000291;ROLITO EN BOLSAS 14 KG;28;5,180000000000291;14;392
2;6;2026;2026-06-02;rmanera;Alta Producción de Hielo;2247;C02 - Compresor 2 - 127;R01 - Rolitera 1;36709,76;36714,94;5,180000000000291;ROLITO EN BOLSAS 2 KG;324;5,180000000000291;2;648
3;6;2026;2026-06-03;rmanera;Alta Producción de Hielo;2248;C02 - Compresor 2 - 127;R01 - Rolitera 1;36714,94;36725,38;10,439999999995052;ROLITO EN BOLSAS 14 KG;33;10,439999999995052;14;462
3;6;2026;2026-06-03;rmanera;Alta Producción de Hielo;2248;C02 - Compresor 2 - 127;R01 - Rolitera 1;36714,94;36725,38;10,439999999995052;ROLITO EN BOLSAS 2 KG;677;10,439999999995052;2;1354
4;6;2026;2026-06-04;rmanera;Alta Producción de Hielo;2249;C02 - Compresor 2 - 127;R01 - Rolitera 1;36725,38;36737,0;11,62000000000262;ROLITO EN BOLSAS 14 KG;89;11,62000000000262;14;1246
4;6;2026;2026-06-04;rmanera;Alta Producción de Hielo;2249;C02 - Compresor 2 - 127;R01 - Rolitera 1;36725,38;36737,0;11,62000000000262;ROLITO EN BOLSAS 2 KG;519;11,62000000000262;2;1038
5;6;2026;2026-06-05;rmanera;Alta Producción de Hielo;2250;C02 - Compresor 2 - 127;R01 - Rolitera 1;36737,0;36746,24;9,239999999997963;ROLITO EN BOLSAS 14 KG;40;9,239999999997963;14;560
5;6;2026;2026-06-05;rmanera;Alta Producción de Hielo;2250;C02 - Compresor 2 - 127;R01 - Rolitera 1;36737,0;36746,24;9,239999999997963;ROLITO EN BOLSAS 2 KG;389;9,239999999997963;2;778
5;6;2026;2026-06-05;rmanera;Alta Producción de Hielo;2250;C02 - Compresor 2 - 127;R01 - Rolitera 1;36737,0;36746,24;9,239999999997963;ROLITO EN BOLSAS 7 KG;33;9,239999999997963;7;231
8;6;2026;2026-06-08;mreinero;Alta Producción de Hielo;2251;C02 - Compresor 2 - 127;R01 - Rolitera 1;36746,24;36755,42;9,180000000000291;ROLITO EN BOLSAS 14 KG;9;9,180000000000291;14;126
8;6;2026;2026-06-08;mreinero;Alta Producción de Hielo;2251;C02 - Compresor 2 - 127;R01 - Rolitera 1;36746,24;36755,42;9,180000000000291;ROLITO EN BOLSAS 2 KG;748;9,180000000000291;2;1496
10;6;2026;2026-06-10;rmanera;Alta Producción de Hielo;2252;C02 - Compresor 2 - 127;R01 - Rolitera 1;36766,58;36777,17;10,589999999996508;ROLITO EN BOLSAS 14 KG;67;10,589999999996508;14;938
10;6;2026;2026-06-10;rmanera;Alta Producción de Hielo;2252;C02 - Compresor 2 - 127;R01 - Rolitera 1;36766,58;36777,17;10,589999999996508;ROLITO EN BOLSAS 2 KG;419;10,589999999996508;2;838
10;6;2026;2026-06-10;rmanera;Alta Producción de Hielo;2252;C02 - Compresor 2 - 127;R01 - Rolitera 1;36766,58;36777,17;10,589999999996508;ROLITO EN BOLSAS 4 KG;29;10,589999999996508;4;116
10;6;2026;2026-06-10;rmanera;Alta Producción de Hielo;2252;C02 - Compresor 2 - 127;R01 - Rolitera 1;36766,58;36777,17;10,589999999996508;ROLITO EN BOLSAS 7 KG;15;10,589999999996508;7;105
9;6;2026;2026-06-09;rmanera;Alta Producción de Hielo;2253;C02 - Compresor 2 - 127;R01 - Rolitera 1;36755,42;36766,58;11,160000000003492;ROLITO EN BOLSAS 14 KG;85;11,160000000003492;14;1190
9;6;2026;2026-06-09;rmanera;Alta Producción de Hielo;2253;C02 - Compresor 2 - 127;R01 - Rolitera 1;36755,42;36766,58;11,160000000003492;ROLITO EN BOLSAS 2 KG;415;11,160000000003492;2;830
11;6;2026;2026-06-11;rmanera;Alta Producción de Hielo;2254;C02 - Compresor 2 - 127;R01 - Rolitera 1;36777,17;36788,57;11,400000000001455;ROLITO EN BOLSAS 14 KG;86;11,400000000001455;14;1204
11;6;2026;2026-06-11;rmanera;Alta Producción de Hielo;2254;C02 - Compresor 2 - 127;R01 - Rolitera 1;36777,17;36788,57;11,400000000001455;ROLITO EN BOLSAS 2 KG;469;11,400000000001455;2;938
16;6;2026;2026-06-16;rmanera;Alta Producción de Hielo;2255;C02 - Compresor 2 - 127;R01 - Rolitera 1;36797,73;36804,42;6,689999999995052;ROLITO EN BOLSAS 14 KG;95;6,689999999995052;14;1330
16;6;2026;2026-06-16;rmanera;Alta Producción de Hielo;2255;C02 - Compresor 2 - 127;R01 - Rolitera 1;36797,73;36804,42;6,689999999995052;ROLITO EN BOLSAS 2 KG;117;6,689999999995052;2;234
17;6;2026;2026-06-17;rmanera;Alta Producción de Hielo;2256;C02 - Compresor 2 - 127;R01 - Rolitera 1;36804,47;36815,33;10,860000000000582;ROLITO EN BOLSAS 14 KG;26;10,860000000000582;14;364
17;6;2026;2026-06-17;rmanera;Alta Producción de Hielo;2256;C02 - Compresor 2 - 127;R01 - Rolitera 1;36804,47;36815,33;10,860000000000582;ROLITO EN BOLSAS 2 KG;786;10,860000000000582;2;1572
20;6;2026;2026-06-20;rmanera;Alta Producción de Hielo;2257;C02 - Compresor 2 - 127;R01 - Rolitera 1;36834,18;36845,78;11,599999999998545;MOLIDO EN BOLSA 14 KG;9;11,599999999998545;14;126
20;6;2026;2026-06-20;rmanera;Alta Producción de Hielo;2257;C02 - Compresor 2 - 127;R01 - Rolitera 1;36834,18;36845,78;11,599999999998545;ROLITO EN BOLSAS 2 KG;862;11,599999999998545;2;1724
19;6;2026;2026-06-19;rmanera;Alta Producción de Hielo;2258;C02 - Compresor 2 - 127;R01 - Rolitera 1;36824,71;36834,0;9,290000000000873;ROLITO EN BOLSAS 14 KG;20;9,290000000000873;14;280
19;6;2026;2026-06-19;rmanera;Alta Producción de Hielo;2258;C02 - Compresor 2 - 127;R01 - Rolitera 1;36824,71;36834,0;9,290000000000873;ROLITO EN BOLSAS 2 KG;699;9,290000000000873;2;1398
19;6;2026;2026-06-19;rmanera;Alta Producción de Hielo;2258;C02 - Compresor 2 - 127;R01 - Rolitera 1;36824,71;36834,0;9,290000000000873;ROLITO EN BOLSAS 7 KG;15;9,290000000000873;7;105
18;6;2026;2026-06-18;rmanera;Alta Producción de Hielo;2259;C02 - Compresor 2 - 127;R01 - Rolitera 1;36815,33;36824,71;9,37999999999738;ROLITO EN BOLSAS 14 KG;96;9,37999999999738;14;1344
18;6;2026;2026-06-18;rmanera;Alta Producción de Hielo;2259;C02 - Compresor 2 - 127;R01 - Rolitera 1;36815,33;36824,71;9,37999999999738;ROLITO EN BOLSAS 2 KG;307;9,37999999999738;2;614
22;6;2026;2026-06-22;rmanera;Alta Producción de Hielo;2260;C02 - Compresor 2 - 127;R01 - Rolitera 1;36845,78;36852,89;7,110000000000582;ROLITO EN BOLSAS 2 KG;616;7,110000000000582;2;1232
23;6;2026;2026-06-23;rmanera;Alta Producción de Hielo;2261;C02 - Compresor 2 - 127;R01 - Rolitera 1;36852,89;36864,24;11,349999999998545;ROLITO EN BOLSAS 14 KG;81;11,349999999998545;14;1134
23;6;2026;2026-06-23;rmanera;Alta Producción de Hielo;2261;C02 - Compresor 2 - 127;R01 - Rolitera 1;36852,89;36864,24;11,349999999998545;ROLITO EN BOLSAS 2 KG;516;11,349999999998545;2;1032
24;6;2026;2026-06-24;rmanera;Alta Producción de Hielo;2262;C02 - Compresor 2 - 127;R01 - Rolitera 1;36864,24;36874,92;10,680000000000291;ROLITO EN BOLSAS 14 KG;54;10,680000000000291;14;756
24;6;2026;2026-06-24;rmanera;Alta Producción de Hielo;2262;C02 - Compresor 2 - 127;R01 - Rolitera 1;36864,24;36874,92;10,680000000000291;ROLITO EN BOLSAS 2 KG;600;10,680000000000291;2;1200
25;6;2026;2026-06-25;rmanera;Alta Producción de Hielo;2263;C02 - Compresor 2 - 127;R01 - Rolitera 1;36874,92;36886,49;11,569999999999709;ROLITO EN BOLSAS 14 KG;35;11,569999999999709;14;490
25;6;2026;2026-06-25;rmanera;Alta Producción de Hielo;2263;C02 - Compresor 2 - 127;R01 - Rolitera 1;36874,92;36886,49;11,569999999999709;ROLITO EN BOLSAS 2 KG;771;11,569999999999709;2;1542
25;6;2026;2026-06-25;rmanera;Alta Producción de Hielo;2263;C02 - Compresor 2 - 127;R01 - Rolitera 1;36874,92;36886,49;11,569999999999709;ROLITO EN BOLSAS 4 KG;27;11,569999999999709;4;108
26;6;2026;2026-06-26;rmanera;Alta Producción de Hielo;2264;C02 - Compresor 2 - 127;R01 - Rolitera 1;36886,49;36896,3;9,810000000004948;ROLITO EN BOLSAS 14 KG;43;9,810000000004948;14;602
26;6;2026;2026-06-26;rmanera;Alta Producción de Hielo;2264;C02 - Compresor 2 - 127;R01 - Rolitera 1;36886,49;36896,3;9,810000000004948;ROLITO EN BOLSAS 2 KG;614;9,810000000004948;2;1228
27;6;2026;2026-06-27;rmanera;Alta Producción de Hielo;2265;C02 - Compresor 2 - 127;R01 - Rolitera 1;36896,3;36899,87;3,569999999999709;ROLITO EN BOLSAS 14 KG;9;3,569999999999709;14;126
27;6;2026;2026-06-27;rmanera;Alta Producción de Hielo;2265;C02 - Compresor 2 - 127;R01 - Rolitera 1;36896,3;36899,87;3,569999999999709;ROLITO EN BOLSAS 2 KG;253;3,569999999999709;2;506
27;6;2026;2026-06-27;mreinero;Alta Producción de Hielo;2266;C02 - Compresor 2 - 127;R01 - Rolitera 1;36899,87;36901,59;1,7199999999938882;ROLITO EN BOLSAS 2 KG;143;1,7199999999938882;2;286
12;6;2026;2026-06-12;mreinero;Alta Producción de Hielo;2267;C02 - Compresor 2 - 127;R01 - Rolitera 1;36788,52;36797,73;9,210000000006403;ROLITO EN BOLSAS 14 KG;42;9,210000000006403;14;588
12;6;2026;2026-06-12;mreinero;Alta Producción de Hielo;2267;C02 - Compresor 2 - 127;R01 - Rolitera 1;36788,52;36797,73;9,210000000006403;ROLITO EN BOLSAS 2 KG;472;9,210000000006403;2;944
29;6;2026;2026-06-29;mreinero;Alta Producción de Hielo;2268;C04 - Compresor 4 - 127;R01 - Rolitera 1;6877,33;6882,12;4,789999999999964;ROLITO EN BOLSAS 14 KG;5;4,789999999999964;14;70
29;6;2026;2026-06-29;mreinero;Alta Producción de Hielo;2268;C04 - Compresor 4 - 127;R01 - Rolitera 1;6877,33;6882,12;4,789999999999964;ROLITO EN BOLSAS 2 KG;430;4,789999999999964;2;860
30;6;2026;2026-06-30;mreinero;Alta Producción de Hielo;2269;C04 - Compresor 4 - 127;R01 - Rolitera 1;6882,12;6885,43;3,3100000000004;ROLITO EN BOLSAS 2 KG;367;3,3100000000004;2;734
30;6;2026;2026-06-30;mreinero;Alta Producción de Hielo;2270;C04 - Compresor 4 - 127;R01 - Rolitera 1;6885,43;6888,7;3,269999999999527;ROLITO EN BOLSAS 2 KG;279;3,269999999999527;2;558
30;6;2026;2026-06-30;mreinero;Alta Producción de Hielo;2271;C02 - Compresor 2 - 127;R01 - Rolitera 1;36901,73;36902,15;0,41999999999825377;ROLITO EN BOLSAS 2 KG;52;0,41999999999825377;2;104
30;6;2026;2026-06-30;mreinero;Alta Producción de Hielo;2272;C02 - Compresor 2 - 127;R01 - Rolitera 1;36902,15;36903,0;0,8499999999985448;ROLITO EN BOLSAS 14 KG;7;0,8499999999985448;14;98
30;6;2026;2026-06-30;mreinero;Alta Producción de Hielo;2272;C02 - Compresor 2 - 127;R01 - Rolitera 1;36902,15;36903,0;0,8499999999985448;ROLITO EN BOLSAS 2 KG;51;0,8499999999985448;2;102
1;7;2026;2026-07-01;mreinero;Alta Producción de Hielo;2273;C02 - Compresor 2 - 127;R01 - Rolitera 1;36903,0;36913,71;10,709999999999127;ROLITO EN BOLSAS 14 KG;77;10,709999999999127;14;1078
1;7;2026;2026-07-01;mreinero;Alta Producción de Hielo;2273;C02 - Compresor 2 - 127;R01 - Rolitera 1;36903,0;36913,71;10,709999999999127;ROLITO EN BOLSAS 2 KG;424;10,709999999999127;2;848
1;7;2026;2026-07-01;mreinero;Alta Producción de Hielo;2273;C02 - Compresor 2 - 127;R01 - Rolitera 1;36903,0;36913,71;10,709999999999127;ROLITO EN BOLSAS 4 KG;24;10,709999999999127;4;96
2;7;2026;2026-07-02;mreinero;Alta Producción de Hielo;2274;C02 - Compresor 2 - 127;R01 - Rolitera 1;36913,71;36921,29;7,580000000001746;ROLITO EN BOLSAS 14 KG;67;7,580000000001746;14;938
2;7;2026;2026-07-02;mreinero;Alta Producción de Hielo;2274;C02 - Compresor 2 - 127;R01 - Rolitera 1;36913,71;36921,29;7,580000000001746;ROLITO EN BOLSAS 2 KG;255;7,580000000001746;2;510
2;7;2026;2026-07-02;mreinero;Alta Producción de Hielo;2274;C02 - Compresor 2 - 127;R01 - Rolitera 1;36913,71;36921,29;7,580000000001746;ROLITO EN BOLSAS 4 KG;30;7,580000000001746;4;120
3;7;2026;2026-07-03;mreinero;Alta Producción de Hielo;2275;C02 - Compresor 2 - 127;R01 - Rolitera 1;36921,29;36928,8;7,510000000002037;ROLITO EN BOLSAS 14 KG;94;7,510000000002037;14;1316
3;7;2026;2026-07-03;mreinero;Alta Producción de Hielo;2275;C02 - Compresor 2 - 127;R01 - Rolitera 1;36921,29;36928,8;7,510000000002037;ROLITO EN BOLSAS 2 KG;153;7,510000000002037;2;306
4;7;2026;2026-07-04;mreinero;Alta Producción de Hielo;2276;C02 - Compresor 2 - 127;R01 - Rolitera 1;36928,8;36932,4;3,599999999998545;ROLITO EN BOLSAS 2 KG;312;3,599999999998545;2;624
6;7;2026;2026-07-06;mreinero;Alta Producción de Hielo;2277;C02 - Compresor 2 - 127;R01 - Rolitera 1;36932,4;36942,39;9,989999999997963;ROLITO EN BOLSAS 14 KG;58;9,989999999997963;14;812
6;7;2026;2026-07-06;mreinero;Alta Producción de Hielo;2277;C02 - Compresor 2 - 127;R01 - Rolitera 1;36932,4;36942,39;9,989999999997963;ROLITO EN BOLSAS 2 KG;593;9,989999999997963;2;1186
7;7;2026;2026-07-07;mreinero;Alta Producción de Hielo;2278;C02 - Compresor 2 - 127;R01 - Rolitera 1;36942,79;36950,84;8,049999999995634;ROLITO EN BOLSAS 14 KG;130;8,049999999995634;14;1820
8;7;2026;2026-07-08;mreinero;Alta Producción de Hielo;2279;C02 - Compresor 2 - 127;R01 - Rolitera 1;36950,84;36960,96;10,12000000000262;ROLITO EN BOLSAS 14 KG;107;10,12000000000262;14;1498
8;7;2026;2026-07-08;mreinero;Alta Producción de Hielo;2279;C02 - Compresor 2 - 127;R01 - Rolitera 1;36950,84;36960,96;10,12000000000262;ROLITO EN BOLSAS 2 KG;248;10,12000000000262;2;496
9;7;2026;2026-07-09;mreinero;Alta Producción de Hielo;2280;C02 - Compresor 2 - 127;R01 - Rolitera 1;36960,96;36966,42;5,459999999999127;ROLITO EN BOLSAS 14 KG;9;5,459999999999127;14;126
9;7;2026;2026-07-09;mreinero;Alta Producción de Hielo;2280;C02 - Compresor 2 - 127;R01 - Rolitera 1;36960,96;36966,42;5,459999999999127;ROLITO EN BOLSAS 2 KG;404;5,459999999999127;2;808
10;7;2026;2026-07-10;mreinero;Alta Producción de Hielo;2281;C02 - Compresor 2 - 127;R01 - Rolitera 1;36966,42;36977,76;11,340000000003783;ROLITO EN BOLSAS 14 KG;132;11,340000000003783;14;1848
10;7;2026;2026-07-10;mreinero;Alta Producción de Hielo;2281;C02 - Compresor 2 - 127;R01 - Rolitera 1;36966,42;36977,76;11,340000000003783;ROLITO EN BOLSAS 2 KG;306;11,340000000003783;2;612
11;7;2026;2026-07-11;mreinero;Alta Producción de Hielo;2282;C02 - Compresor 2 - 127;R01 - Rolitera 1;36977,76;36981,34;3,5799999999944703;ROLITO EN BOLSAS 14 KG;19;3,5799999999944703;14;266
11;7;2026;2026-07-11;mreinero;Alta Producción de Hielo;2282;C02 - Compresor 2 - 127;R01 - Rolitera 1;36977,76;36981,34;3,5799999999944703;ROLITO EN BOLSAS 2 KG;155;3,5799999999944703;2;310
11;7;2026;2026-07-11;mreinero;Alta Producción de Hielo;2282;C02 - Compresor 2 - 127;R01 - Rolitera 1;36977,76;36981,34;3,5799999999944703;ROLITO EN BOLSAS 7 KG;15;3,5799999999944703;7;105
12;7;2026;2026-07-12;mreinero;Alta Producción de Hielo;2283;C02 - Compresor 2 - 127;R01 - Rolitera 1;36981,34;36984,94;3,6000000000058208;ROLITO EN BOLSAS 2 KG;304;3,6000000000058208;2;608
13;7;2026;2026-07-13;mreinero;Alta Producción de Hielo;2284;C02 - Compresor 2 - 127;R01 - Rolitera 1;36984,94;36995,39;10,44999999999709;ROLITO EN BOLSAS 14 KG;73;10,44999999999709;14;1022
13;7;2026;2026-07-13;mreinero;Alta Producción de Hielo;2284;C02 - Compresor 2 - 127;R01 - Rolitera 1;36984,94;36995,39;10,44999999999709;ROLITO EN BOLSAS 2 KG;514;10,44999999999709;2;1028
14;7;2026;2026-07-14;mreinero;Alta Producción de Hielo;2285;C02 - Compresor 2 - 127;R01 - Rolitera 1;36995,39;37002,56;7,169999999998254;ROLITO EN BOLSAS 14 KG;65;7,169999999998254;14;910
14;7;2026;2026-07-14;mreinero;Alta Producción de Hielo;2285;C02 - Compresor 2 - 127;R01 - Rolitera 1;36995,39;37002,56;7,169999999998254;ROLITO EN BOLSAS 2 KG;275;7,169999999998254;2;550
15;7;2026;2026-07-15;mreinero;Alta Producción de Hielo;2286;C02 - Compresor 2 - 127;R01 - Rolitera 1;37002,56;37008,46;5,900000000001455;ROLITO EN BOLSAS 14 KG;11;5,900000000001455;14;154
15;7;2026;2026-07-15;mreinero;Alta Producción de Hielo;2286;C02 - Compresor 2 - 127;R01 - Rolitera 1;37002,56;37008,46;5,900000000001455;ROLITO EN BOLSAS 2 KG;454;5,900000000001455;2;908
16;7;2026;2026-07-16;mreinero;Alta Producción de Hielo;2287;C02 - Compresor 2 - 127;R01 - Rolitera 1;37008,46;37022,76;14,30000000000291;ROLITO EN BOLSAS 14 KG;72;14,30000000000291;14;1008
16;7;2026;2026-07-16;mreinero;Alta Producción de Hielo;2287;C02 - Compresor 2 - 127;R01 - Rolitera 1;37008,46;37022,76;14,30000000000291;ROLITO EN BOLSAS 2 KG;795;14,30000000000291;2;1590
17;7;2026;2026-07-17;mreinero;Alta Producción de Hielo;2288;C02 - Compresor 2 - 127;R01 - Rolitera 1;37022,76;37035,54;12,779999999998836;ROLITO EN BOLSAS 14 KG;59;12,779999999998836;14;826
17;7;2026;2026-07-17;mreinero;Alta Producción de Hielo;2288;C02 - Compresor 2 - 127;R01 - Rolitera 1;37022,76;37035,54;12,779999999998836;ROLITO EN BOLSAS 2 KG;714;12,779999999998836;2;1428
18;7;2026;2026-07-18;mreinero;Alta Producción de Hielo;2289;C02 - Compresor 2 - 127;R01 - Rolitera 1;37035,54;37039,89;4,349999999998545;ROLITO EN BOLSAS 2 KG;363;4,349999999998545;2;726
18;7;2026;2026-07-18;mreinero;Alta Producción de Hielo;2290;C04 - Compresor 4 - 127;R01 - Rolitera 1;6888,7;6892,61;3,9099999999998545;ROLITO EN BOLSAS 2 KG;305;3,9099999999998545;2;610
20;7;2026;2026-07-20;mreinero;Alta Producción de Hielo;2291;C02 - Compresor 2 - 127;R01 - Rolitera 1;37039,89;37046,71;6,819999999999709;ROLITO EN BOLSAS 2 KG;517;6,819999999999709;2;1034
20;7;2026;2026-07-20;mreinero;Alta Producción de Hielo;2291;C02 - Compresor 2 - 127;R01 - Rolitera 1;37039,89;37046,71;6,819999999999709;ROLITO EN BOLSAS 4 KG;31;6,819999999999709;4;124
21;7;2026;2026-07-21;mreinero;Alta Producción de Hielo;2292;C02 - Compresor 2 - 127;R01 - Rolitera 1;37046,71;37054,07;7,360000000000582;ROLITO EN BOLSAS 14 KG;64;7,360000000000582;14;896
21;7;2026;2026-07-21;mreinero;Alta Producción de Hielo;2292;C02 - Compresor 2 - 127;R01 - Rolitera 1;37046,71;37054,07;7,360000000000582;ROLITO EN BOLSAS 2 KG;312;7,360000000000582;2;624
22;7;2026;2026-07-22;mreinero;Alta Producción de Hielo;2293;C02 - Compresor 2 - 127;R01 - Rolitera 1;37054,07;37066,56;12,489999999997963;ROLITO EN BOLSAS 14 KG;95;12,489999999997963;14;1330
22;7;2026;2026-07-22;mreinero;Alta Producción de Hielo;2293;C02 - Compresor 2 - 127;R01 - Rolitera 1;37054,07;37066,56;12,489999999997963;ROLITO EN BOLSAS 2 KG;486;12,489999999997963;2;972
23;7;2026;2026-07-23;mreinero;Alta Producción de Hielo;2294;C02 - Compresor 2 - 127;R01 - Rolitera 1;37066,56;37080,83;14,270000000004075;ROLITO EN BOLSAS 14 KG;49;14,270000000004075;14;686
23;7;2026;2026-07-23;mreinero;Alta Producción de Hielo;2294;C02 - Compresor 2 - 127;R01 - Rolitera 1;37066,56;37080,83;14,270000000004075;ROLITO EN BOLSAS 2 KG;888;14,270000000004075;2;1776
23;7;2026;2026-07-23;mreinero;Alta Producción de Hielo;2294;C02 - Compresor 2 - 127;R01 - Rolitera 1;37066,56;37080,83;14,270000000004075;ROLITO EN BOLSAS 7 KG;15;14,270000000004075;7;105
24;7;2026;2026-07-24;mreinero;Alta Producción de Hielo;2295;C02 - Compresor 2 - 127;R01 - Rolitera 1;37080,83;37095,17;14,339999999996508;ROLITO EN BOLSAS 14 KG;138;14,339999999996508;14;1932
24;7;2026;2026-07-24;mreinero;Alta Producción de Hielo;2295;C02 - Compresor 2 - 127;R01 - Rolitera 1;37080,83;37095,17;14,339999999996508;ROLITO EN BOLSAS 2 KG;421;14,339999999996508;2;842
27;7;2026;2026-07-27;mreinero;Alta Producción de Hielo;2296;C02 - Compresor 2 - 127;R01 - Rolitera 1;37095,17;37105,77;10,599999999998545;ROLITO EN BOLSAS 14 KG;28;10,599999999998545;14;392
27;7;2026;2026-07-27;mreinero;Alta Producción de Hielo;2296;C02 - Compresor 2 - 127;R01 - Rolitera 1;37095,17;37105,77;10,599999999998545;ROLITO EN BOLSAS 2 KG;748;10,599999999998545;2;1496
28;7;2026;2026-07-28;rmanera;Alta Producción de Hielo;2297;C02 - Compresor 2 - 127;R01 - Rolitera 1;37105,77;37113,24;7,470000000001164;ROLITO EN BOLSAS 14 KG;29;7,470000000001164;14;406
28;7;2026;2026-07-28;rmanera;Alta Producción de Hielo;2297;C02 - Compresor 2 - 127;R01 - Rolitera 1;37105,77;37113,24;7,470000000001164;ROLITO EN BOLSAS 2 KG;431;7,470000000001164;2;862
28;7;2026;2026-07-28;rmanera;Alta Producción de Hielo;2297;C02 - Compresor 2 - 127;R01 - Rolitera 1;37105,77;37113,24;7,470000000001164;ROLITO EN BOLSAS 4 KG;30;7,470000000001164;4;120
29;7;2026;2026-07-29;mreinero;Alta Producción de Hielo;2298;C02 - Compresor 2 - 127;R01 - Rolitera 1;37113,24;37125,84;12,599999999998545;ROLITO EN BOLSAS 14 KG;38;12,599999999998545;14;532
29;7;2026;2026-07-29;mreinero;Alta Producción de Hielo;2298;C02 - Compresor 2 - 127;R01 - Rolitera 1;37113,24;37125,84;12,599999999998545;ROLITO EN BOLSAS 2 KG;863;12,599999999998545;2;1726
30;7;2026;2026-07-30;mreinero;Alta Producción de Hielo;2299;C02 - Compresor 2 - 127;R01 - Rolitera 1;37125,84;37141,01;15,17000000000553;ROLITO EN BOLSAS 14 KG;66;15,17000000000553;14;924
30;7;2026;2026-07-30;mreinero;Alta Producción de Hielo;2299;C02 - Compresor 2 - 127;R01 - Rolitera 1;37125,84;37141,01;15,17000000000553;ROLITO EN BOLSAS 2 KG;928;15,17000000000553;2;1856
31;7;2026;2026-07-31;mreinero;Alta Producción de Hielo;2300;C02 - Compresor 2 - 127;R01 - Rolitera 1;37141,01;37154,88;13,869999999995343;ROLITO EN BOLSAS 14 KG;111;13,869999999995343;14;1554
31;7;2026;2026-07-31;mreinero;Alta Producción de Hielo;2300;C02 - Compresor 2 - 127;R01 - Rolitera 1;37141,01;37154,88;13,869999999995343;ROLITO EN BOLSAS 2 KG;598;13,869999999995343;2;1196
31;7;2026;2026-07-31;mreinero;Alta Producción de Hielo;2301;C04 - Compresor 4 - 127;R01 - Rolitera 1;6892,61;6893,34;0,7300000000004729;ROLITO EN BOLSAS 2 KG;54;0,7300000000004729;2;108
